image_name,crop_path,detection_index,detection_confidence,predicted_species,classifier_confidence,daac_score
5858bf4a-23d2-11e8-a6a3-ec086b02610b.jpg,data/cropped/raccoon/5858bf4a-23d2-11e8-a6a3-ec086b02610b_crop0.jpg,0,0.8617233633995056,raccoon,0.9596635103225708,0.20001016397885893
5858bfd2-23d2-11e8-a6a3-ec086b02610b.jpg,data/cropped/opossum/5858bfd2-23d2-11e8-a6a3-ec086b02610b_crop0.jpg,0,0.6293087601661682,raccoon,0.5786296725273132,0.2
5858bffe-23d2-11e8-a6a3-ec086b02610b.jpg,data/cropped/raccoon/5858bffe-23d2-11e8-a6a3-ec086b02610b_crop0.jpg,0,0.6976189613342285,raccoon,0.9988975524902344,0.20000787742723228
5858bffe-23d2-11e8-a6a3-ec086b02610b.jpg,data/cropped/raccoon/5858bffe-23d2-11e8-a6a3-ec086b02610b_crop1.jpg,1,0.6326473951339722,raccoon,0.5642925500869751,0.20001006593185364
5858bffe-23d2-11e8-a6a3-ec086b02610b.jpg,data/cropped/raccoon/5858bffe-23d2-11e8-a6a3-ec086b02610b_crop2.jpg,2,0.5486595630645752,raccoon,0.8919022083282471,0.20004873294346978
5858bffe-23d2-11e8-a6a3-ec086b02610b.jpg,data/cropped/raccoon/5858bffe-23d2-11e8-a6a3-ec086b02610b_crop3.jpg,3,0.5104871988296509,raccoon,0.9755245447158813,0.2
5858c1a6-23d2-11e8-a6a3-ec086b02610b.jpg,data/cropped/raccoon/5858c1a6-23d2-11e8-a6a3-ec086b02610b_crop0.jpg,0,0.9335302710533142,raccoon,0.9981655478477478,0.2000019371585758
5858c202-23d2-11e8-a6a3-ec086b02610b.jpg,data/cropped/coyote/5858c202-23d2-11e8-a6a3-ec086b02610b_crop0.jpg,0,0.9256026148796082,coyote,0.9969677329063416,0.20000930384016002
5858c235-23d2-11e8-a6a3-ec086b02610b.jpg,data/cropped/raccoon/5858c235-23d2-11e8-a6a3-ec086b02610b_crop0.jpg,0,0.8683282136917114,raccoon,0.9982708692550659,0.2
5858c2ee-23d2-11e8-a6a3-ec086b02610b.jpg,data/cropped/opossum/5858c2ee-23d2-11e8-a6a3-ec086b02610b_crop0.jpg,0,0.8083668351173401,opossum,0.999748170375824,0.20002537990545985
585a62c7-23d2-11e8-a6a3-ec086b02610b.jpg,data/cropped/mountain_lion/585a62c7-23d2-11e8-a6a3-ec086b02610b_crop0.jpg,0,0.3502488434314728,deer,0.9011101126670837,0.20001392369813423
585a62d6-23d2-11e8-a6a3-ec086b02610b.jpg,data/cropped/bobcat/585a62d6-23d2-11e8-a6a3-ec086b02610b_crop0.jpg,0,0.8073366284370422,bobcat,0.9997596144676208,0.20000083477593047
585a62d6-23d2-11e8-a6a3-ec086b02610b.jpg,data/cropped/bobcat/585a62d6-23d2-11e8-a6a3-ec086b02610b_crop1.jpg,1,0.6175235509872437,bobcat,0.9523530006408691,0.20000020719720202
585a6300-23d2-11e8-a6a3-ec086b02610b.jpg,data/cropped/bobcat/585a6300-23d2-11e8-a6a3-ec086b02610b_crop0.jpg,0,0.8646717667579651,bobcat,0.9999876022338867,0.2000063625373799
585a6321-23d2-11e8-a6a3-ec086b02610b.jpg,data/cropped/coyote/585a6321-23d2-11e8-a6a3-ec086b02610b_crop0.jpg,0,0.9444764852523804,coyote,0.9999935626983643,0.20000135040241993
585a633c-23d2-11e8-a6a3-ec086b02610b.jpg,data/cropped/opossum/585a633c-23d2-11e8-a6a3-ec086b02610b_crop0.jpg,0,0.8112815022468567,opossum,0.9873421788215637,0.20000212395395267
585a6370-23d2-11e8-a6a3-ec086b02610b.jpg,data/cropped/deer/585a6370-23d2-11e8-a6a3-ec086b02610b_crop0.jpg,0,0.9433958530426025,deer,0.9988275170326233,0.2
585a6371-23d2-11e8-a6a3-ec086b02610b.jpg,data/cropped/opossum/585a6371-23d2-11e8-a6a3-ec086b02610b_crop0.jpg,0,0.8682891130447388,opossum,0.9999901056289673,0.2
585a641f-23d2-11e8-a6a3-ec086b02610b.jpg,data/cropped/opossum/585a641f-23d2-11e8-a6a3-ec086b02610b_crop0.jpg,0,0.4627222418785095,opossum,0.4267009198665619,0.20002119991520034
585a6427-23d2-11e8-a6a3-ec086b02610b.jpg,data/cropped/coyote/585a6427-23d2-11e8-a6a3-ec086b02610b_crop0.jpg,0,0.5539333820343018,coyote,0.9999579191207886,0.20000124557044013
585a64be-23d2-11e8-a6a3-ec086b02610b.jpg,data/cropped/opossum/585a64be-23d2-11e8-a6a3-ec086b02610b_crop0.jpg,0,0.6589080691337585,opossum,0.9999923706054688,0.2
585a64be-23d2-11e8-a6a3-ec086b02610b.jpg,data/cropped/opossum/585a64be-23d2-11e8-a6a3-ec086b02610b_crop1.jpg,1,0.47309818863868713,opossum,0.8912040591239929,0.2000136878486124
585a64be-23d2-11e8-a6a3-ec086b02610b.jpg,data/cropped/opossum/585a64be-23d2-11e8-a6a3-ec086b02610b_crop2.jpg,2,0.3027186095714569,opossum,0.9570990800857544,0.20000057007017563
585a650a-23d2-11e8-a6a3-ec086b02610b.jpg,data/cropped/bobcat/585a650a-23d2-11e8-a6a3-ec086b02610b_crop0.jpg,0,0.83062344789505,bobcat,0.5381801724433899,0.2
585a65b0-23d2-11e8-a6a3-ec086b02610b.jpg,data/cropped/mountain_lion/585a65b0-23d2-11e8-a6a3-ec086b02610b_crop0.jpg,0,0.3112373650074005,mountain_lion,0.847694456577301,0.2
585a65e6-23d2-11e8-a6a3-ec086b02610b.jpg,data/cropped/coyote/585a65e6-23d2-11e8-a6a3-ec086b02610b_crop0.jpg,0,0.9539270997047424,coyote,0.99988853931427,0.2
585c02ff-23d2-11e8-a6a3-ec086b02610b.jpg,data/cropped/opossum/585c02ff-23d2-11e8-a6a3-ec086b02610b_crop0.jpg,0,0.5740475654602051,opossum,0.986944317817688,0.2
585c02ff-23d2-11e8-a6a3-ec086b02610b.jpg,data/cropped/opossum/585c02ff-23d2-11e8-a6a3-ec086b02610b_crop1.jpg,1,0.5632097125053406,opossum,0.8957926034927368,0.20020887658985684
585c02ff-23d2-11e8-a6a3-ec086b02610b.jpg,data/cropped/opossum/585c02ff-23d2-11e8-a6a3-ec086b02610b_crop2.jpg,2,0.5128628015518188,opossum,0.9901658892631531,0.2
585c0330-23d2-11e8-a6a3-ec086b02610b.jpg,data/cropped/raccoon/585c0330-23d2-11e8-a6a3-ec086b02610b_crop0.jpg,0,0.6174328923225403,raccoon,0.9247270822525024,0.2
585c0330-23d2-11e8-a6a3-ec086b02610b.jpg,data/cropped/raccoon/585c0330-23d2-11e8-a6a3-ec086b02610b_crop1.jpg,1,0.5170931816101074,raccoon,0.9999061822891235,0.20000607090820788
585c0330-23d2-11e8-a6a3-ec086b02610b.jpg,data/cropped/raccoon/585c0330-23d2-11e8-a6a3-ec086b02610b_crop2.jpg,2,0.3259177803993225,raccoon,0.8706346154212952,0.2000165713812246
585c0386-23d2-11e8-a6a3-ec086b02610b.jpg,data/cropped/raccoon/585c0386-23d2-11e8-a6a3-ec086b02610b_crop0.jpg,0,0.9018384218215942,raccoon,0.98440021276474,0.2
585c03d7-23d2-11e8-a6a3-ec086b02610b.jpg,data/cropped/opossum/585c03d7-23d2-11e8-a6a3-ec086b02610b_crop0.jpg,0,0.8485255837440491,opossum,0.9999920129776001,0.20001298083163863
585c03f1-23d2-11e8-a6a3-ec086b02610b.jpg,data/cropped/deer/585c03f1-23d2-11e8-a6a3-ec086b02610b_crop0.jpg,0,0.9674504399299622,deer,0.9961028099060059,0.20000241646093186
585c04ba-23d2-11e8-a6a3-ec086b02610b.jpg,data/cropped/coyote/585c04ba-23d2-11e8-a6a3-ec086b02610b_crop0.jpg,0,0.9725633859634399,coyote,0.9997730851173401,0.2
585c04c0-23d2-11e8-a6a3-ec086b02610b.jpg,data/cropped/opossum/585c04c0-23d2-11e8-a6a3-ec086b02610b_crop0.jpg,0,0.8134574890136719,opossum,0.9999954700469971,0.20000919793966151
585c04ff-23d2-11e8-a6a3-ec086b02610b.jpg,data/cropped/coyote/585c04ff-23d2-11e8-a6a3-ec086b02610b_crop0.jpg,0,0.5612850189208984,coyote,0.9995798468589783,0.20000248991584085
585c04ff-23d2-11e8-a6a3-ec086b02610b.jpg,data/cropped/coyote/585c04ff-23d2-11e8-a6a3-ec086b02610b_crop1.jpg,1,0.24040798842906952,coyote,0.9993786811828613,0.20000106741243215
585c0509-23d2-11e8-a6a3-ec086b02610b.jpg,data/cropped/coyote/585c0509-23d2-11e8-a6a3-ec086b02610b_crop0.jpg,0,0.32553714513778687,coyote,0.9999799728393555,0.20000135094971766
585c0551-23d2-11e8-a6a3-ec086b02610b.jpg,data/cropped/raccoon/585c0551-23d2-11e8-a6a3-ec086b02610b_crop0.jpg,0,0.8919533491134644,raccoon,0.9875200986862183,0.20001040095688805
585c05bd-23d2-11e8-a6a3-ec086b02610b.jpg,data/cropped/coyote/585c05bd-23d2-11e8-a6a3-ec086b02610b_crop0.jpg,0,0.9631276726722717,coyote,0.9997426867485046,0.20008354218880534
585c05bf-23d2-11e8-a6a3-ec086b02610b.jpg,data/cropped/coyote/585c05bf-23d2-11e8-a6a3-ec086b02610b_crop0.jpg,0,0.9381695985794067,coyote,0.9999850988388062,0.2
585c0627-23d2-11e8-a6a3-ec086b02610b.jpg,data/cropped/coyote/585c0627-23d2-11e8-a6a3-ec086b02610b_crop0.jpg,0,0.9607678055763245,coyote,0.999997615814209,0.20000158132143125
585c0627-23d2-11e8-a6a3-ec086b02610b.jpg,data/cropped/coyote/585c0627-23d2-11e8-a6a3-ec086b02610b_crop1.jpg,1,0.8815383911132812,coyote,0.9950392842292786,0.2
585c0627-23d2-11e8-a6a3-ec086b02610b.jpg,data/cropped/coyote/585c0627-23d2-11e8-a6a3-ec086b02610b_crop2.jpg,2,0.7796691656112671,coyote,0.980958878993988,0.2000309405940594
585c0639-23d2-11e8-a6a3-ec086b02610b.jpg,data/cropped/mountain_lion/585c0639-23d2-11e8-a6a3-ec086b02610b_crop0.jpg,0,0.9481320977210999,mountain_lion,0.4870060384273529,0.2000052884869639
585c0639-23d2-11e8-a6a3-ec086b02610b.jpg,data/cropped/mountain_lion/585c0639-23d2-11e8-a6a3-ec086b02610b_crop1.jpg,1,0.6866925954818726,mountain_lion,0.9999324083328247,0.2000007901187746
585da9fd-23d2-11e8-a6a3-ec086b02610b.jpg,data/cropped/opossum/585da9fd-23d2-11e8-a6a3-ec086b02610b_crop0.jpg,0,0.46901723742485046,opossum,0.9999822378158569,0.20007986527076063
585da9fd-23d2-11e8-a6a3-ec086b02610b.jpg,data/cropped/opossum/585da9fd-23d2-11e8-a6a3-ec086b02610b_crop1.jpg,1,0.363662987947464,opossum,0.7150018811225891,0.20007770007770007
585da9fd-23d2-11e8-a6a3-ec086b02610b.jpg,data/cropped/opossum/585da9fd-23d2-11e8-a6a3-ec086b02610b_crop2.jpg,2,0.20471397042274475,opossum,0.9982947707176208,0.20000777484061577
585daa13-23d2-11e8-a6a3-ec086b02610b.jpg,data/cropped/raccoon/585daa13-23d2-11e8-a6a3-ec086b02610b_crop0.jpg,0,0.9203934669494629,raccoon,0.9826923608779907,0.20000253079663152
585daa13-23d2-11e8-a6a3-ec086b02610b.jpg,data/cropped/raccoon/585daa13-23d2-11e8-a6a3-ec086b02610b_crop1.jpg,1,0.6400105357170105,raccoon,0.5415146946907043,0.20003864547606395
585daa13-23d2-11e8-a6a3-ec086b02610b.jpg,data/cropped/raccoon/585daa13-23d2-11e8-a6a3-ec086b02610b_crop2.jpg,2,0.2560926079750061,bobcat,0.4907348155975342,0.20005884083553988
585daa21-23d2-11e8-a6a3-ec086b02610b.jpg,data/cropped/deer/585daa21-23d2-11e8-a6a3-ec086b02610b_crop0.jpg,0,0.8694292306900024,deer,0.9993640780448914,0.2
585daa32-23d2-11e8-a6a3-ec086b02610b.jpg,data/cropped/coyote/585daa32-23d2-11e8-a6a3-ec086b02610b_crop0.jpg,0,0.9582248330116272,coyote,0.9998400211334229,0.2000007042526295
585daa5b-23d2-11e8-a6a3-ec086b02610b.jpg,data/cropped/deer/585daa5b-23d2-11e8-a6a3-ec086b02610b_crop0.jpg,0,0.9674656391143799,deer,0.9998106360435486,0.20000092394116342
585daac6-23d2-11e8-a6a3-ec086b02610b.jpg,data/cropped/opossum/585daac6-23d2-11e8-a6a3-ec086b02610b_crop0.jpg,0,0.8076270222663879,opossum,0.8190006613731384,0.20001873126873126
585daac6-23d2-11e8-a6a3-ec086b02610b.jpg,data/cropped/opossum/585daac6-23d2-11e8-a6a3-ec086b02610b_crop1.jpg,1,0.42896220088005066,opossum,0.9650314450263977,0.20002383600826315
585dab17-23d2-11e8-a6a3-ec086b02610b.jpg,data/cropped/opossum/585dab17-23d2-11e8-a6a3-ec086b02610b_crop0.jpg,0,0.8900619745254517,opossum,0.9999979734420776,0.2
585dab36-23d2-11e8-a6a3-ec086b02610b.jpg,data/cropped/opossum/585dab36-23d2-11e8-a6a3-ec086b02610b_crop0.jpg,0,0.5552491545677185,bobcat,0.8985944390296936,0.20000696524343525
585dab36-23d2-11e8-a6a3-ec086b02610b.jpg,data/cropped/opossum/585dab36-23d2-11e8-a6a3-ec086b02610b_crop1.jpg,1,0.2348783314228058,opossum,0.3530534505844116,0.2000346455328916
585dab61-23d2-11e8-a6a3-ec086b02610b.jpg,data/cropped/bobcat/585dab61-23d2-11e8-a6a3-ec086b02610b_crop0.jpg,0,0.4995627701282501,bobcat,0.8406584858894348,0.20002757099531293
585dab61-23d2-11e8-a6a3-ec086b02610b.jpg,data/cropped/bobcat/585dab61-23d2-11e8-a6a3-ec086b02610b_crop1.jpg,1,0.4330521523952484,bobcat,0.7647151350975037,0.20002546473134708
585dab61-23d2-11e8-a6a3-ec086b02610b.jpg,data/cropped/bobcat/585dab61-23d2-11e8-a6a3-ec086b02610b_crop2.jpg,2,0.34565478563308716,bobcat,0.9824587106704712,0.20003497114880223
585dab61-23d2-11e8-a6a3-ec086b02610b.jpg,data/cropped/bobcat/585dab61-23d2-11e8-a6a3-ec086b02610b_crop3.jpg,3,0.32562774419784546,bobcat,0.6974883079528809,0.2000248015873016
585dab61-23d2-11e8-a6a3-ec086b02610b.jpg,data/cropped/bobcat/585dab61-23d2-11e8-a6a3-ec086b02610b_crop4.jpg,4,0.206863135099411,bobcat,0.9646746516227722,0.2000248015873016
585dabb0-23d2-11e8-a6a3-ec086b02610b.jpg,data/cropped/coyote/585dabb0-23d2-11e8-a6a3-ec086b02610b_crop0.jpg,0,0.3010505735874176,bobcat,0.33350521326065063,0.20000883236177353
585dabcf-23d2-11e8-a6a3-ec086b02610b.jpg,data/cropped/coyote/585dabcf-23d2-11e8-a6a3-ec086b02610b_crop0.jpg,0,0.7990559935569763,coyote,0.9977140426635742,0.20000052931197382
585f4c84-23d2-11e8-a6a3-ec086b02610b.jpg,data/cropped/opossum/585f4c84-23d2-11e8-a6a3-ec086b02610b_crop0.jpg,0,0.8768640160560608,opossum,0.9999971389770508,0.2
585f4c84-23d2-11e8-a6a3-ec086b02610b.jpg,data/cropped/opossum/585f4c84-23d2-11e8-a6a3-ec086b02610b_crop1.jpg,1,0.3272659182548523,raccoon,0.522864043712616,0.2
585f4c84-23d2-11e8-a6a3-ec086b02610b.jpg,data/cropped/opossum/585f4c84-23d2-11e8-a6a3-ec086b02610b_crop2.jpg,2,0.3261444568634033,raccoon,0.5683658719062805,0.2
585f4c9f-23d2-11e8-a6a3-ec086b02610b.jpg,data/cropped/opossum/585f4c9f-23d2-11e8-a6a3-ec086b02610b_crop0.jpg,0,0.8847902417182922,opossum,0.999843955039978,0.20001010024493093
585f4cda-23d2-11e8-a6a3-ec086b02610b.jpg,data/cropped/coyote/585f4cda-23d2-11e8-a6a3-ec086b02610b_crop0.jpg,0,0.9007341265678406,coyote,0.9999895095825195,0.200002838328792
585f4ce3-23d2-11e8-a6a3-ec086b02610b.jpg,data/cropped/deer/585f4ce3-23d2-11e8-a6a3-ec086b02610b_crop0.jpg,0,0.9445286393165588,deer,0.9986095428466797,0.20000086066296868
585f4d60-23d2-11e8-a6a3-ec086b02610b.jpg,data/cropped/deer/585f4d60-23d2-11e8-a6a3-ec086b02610b_crop0.jpg,0,0.757331907749176,deer,0.9868565201759338,0.2000002427909303
585f4d89-23d2-11e8-a6a3-ec086b02610b.jpg,data/cropped/coyote/585f4d89-23d2-11e8-a6a3-ec086b02610b_crop0.jpg,0,0.9510571956634521,coyote,0.9999538660049438,0.2000007226503926
585f4d9c-23d2-11e8-a6a3-ec086b02610b.jpg,data/cropped/coyote/585f4d9c-23d2-11e8-a6a3-ec086b02610b_crop0.jpg,0,0.9080824851989746,coyote,0.9996305704116821,0.2
585f4de7-23d2-11e8-a6a3-ec086b02610b.jpg,data/cropped/opossum/585f4de7-23d2-11e8-a6a3-ec086b02610b_crop0.jpg,0,0.8902748823165894,opossum,0.9929351210594177,0.20018257694314032
585f4df5-23d2-11e8-a6a3-ec086b02610b.jpg,data/cropped/opossum/585f4df5-23d2-11e8-a6a3-ec086b02610b_crop0.jpg,0,0.6542781591415405,opossum,0.9992257356643677,0.20000602700096431
585f4e81-23d2-11e8-a6a3-ec086b02610b.jpg,data/cropped/bobcat/585f4e81-23d2-11e8-a6a3-ec086b02610b_crop0.jpg,0,0.7658453583717346,bobcat,0.9231618046760559,0.20000718803910295
585f4e81-23d2-11e8-a6a3-ec086b02610b.jpg,data/cropped/bobcat/585f4e81-23d2-11e8-a6a3-ec086b02610b_crop1.jpg,1,0.7321764230728149,bobcat,0.8717108964920044,0.2
585f4e81-23d2-11e8-a6a3-ec086b02610b.jpg,data/cropped/bobcat/585f4e81-23d2-11e8-a6a3-ec086b02610b_crop2.jpg,2,0.40303415060043335,bobcat,0.684387743473053,0.2
585f4ece-23d2-11e8-a6a3-ec086b02610b.jpg,data/cropped/opossum/585f4ece-23d2-11e8-a6a3-ec086b02610b_crop0.jpg,0,0.8368505835533142,opossum,0.9993768334388733,0.2
585f4ece-23d2-11e8-a6a3-ec086b02610b.jpg,data/cropped/opossum/585f4ece-23d2-11e8-a6a3-ec086b02610b_crop1.jpg,1,0.2895195782184601,opossum,0.9741222262382507,0.20001132246376813
585f4f39-23d2-11e8-a6a3-ec086b02610b.jpg,data/cropped/deer/585f4f39-23d2-11e8-a6a3-ec086b02610b_crop0.jpg,0,0.9021304845809937,deer,0.9988269209861755,0.20000120886825754
585f4f39-23d2-11e8-a6a3-ec086b02610b.jpg,data/cropped/deer/585f4f39-23d2-11e8-a6a3-ec086b02610b_crop1.jpg,1,0.8362290263175964,deer,0.9942680597305298,0.2
585f4ffe-23d2-11e8-a6a3-ec086b02610b.jpg,data/cropped/opossum/585f4ffe-23d2-11e8-a6a3-ec086b02610b_crop0.jpg,0,0.753652811050415,opossum,0.9999295473098755,0.20000604202226485
585f4ffe-23d2-11e8-a6a3-ec086b02610b.jpg,data/cropped/opossum/585f4ffe-23d2-11e8-a6a3-ec086b02610b_crop1.jpg,1,0.32593169808387756,opossum,0.9998787641525269,0.20025237817899438
5860ecd6-23d2-11e8-a6a3-ec086b02610b.jpg,data/cropped/coyote/5860ecd6-23d2-11e8-a6a3-ec086b02610b_crop0.jpg,0,0.9563671350479126,coyote,0.9997963309288025,0.2
5860ecf9-23d2-11e8-a6a3-ec086b02610b.jpg,data/cropped/coyote/5860ecf9-23d2-11e8-a6a3-ec086b02610b_crop0.jpg,0,0.8225815296173096,coyote,0.8827688097953796,0.200003575003575
5860ecf9-23d2-11e8-a6a3-ec086b02610b.jpg,data/cropped/coyote/5860ecf9-23d2-11e8-a6a3-ec086b02610b_crop1.jpg,1,0.3839041292667389,opossum,0.3357958197593689,0.20007301935012778
5860ed2a-23d2-11e8-a6a3-ec086b02610b.jpg,data/cropped/deer/5860ed2a-23d2-11e8-a6a3-ec086b02610b_crop0.jpg,0,0.9122220873832703,deer,0.9999618530273438,0.2
5860ed2a-23d2-11e8-a6a3-ec086b02610b.jpg,data/cropped/deer/5860ed2a-23d2-11e8-a6a3-ec086b02610b_crop1.jpg,1,0.3704093098640442,deer,0.8280301690101624,0.20002458814851243
5860ed33-23d2-11e8-a6a3-ec086b02610b.jpg,data/cropped/coyote/5860ed33-23d2-11e8-a6a3-ec086b02610b_crop0.jpg,0,0.9679889678955078,coyote,0.9999580383300781,0.2000009696781638
5860ed33-23d2-11e8-a6a3-ec086b02610b.jpg,data/cropped/coyote/5860ed33-23d2-11e8-a6a3-ec086b02610b_crop1.jpg,1,0.5242307782173157,coyote,0.9975278973579407,0.20000734780851612
5860ed33-23d2-11e8-a6a3-ec086b02610b.jpg,data/cropped/coyote/5860ed33-23d2-11e8-a6a3-ec086b02610b_crop2.jpg,2,0.34259408712387085,coyote,0.994575023651123,0.2
5860ed73-23d2-11e8-a6a3-ec086b02610b.jpg,data/cropped/bobcat/5860ed73-23d2-11e8-a6a3-ec086b02610b_crop0.jpg,0,0.7928227186203003,bobcat,0.9983659386634827,0.2
5860ed73-23d2-11e8-a6a3-ec086b02610b.jpg,data/cropped/bobcat/5860ed73-23d2-11e8-a6a3-ec086b02610b_crop1.jpg,1,0.5816072225570679,bobcat,0.41341206431388855,0.2
5860ed8d-23d2-11e8-a6a3-ec086b02610b.jpg,data/cropped/coyote/5860ed8d-23d2-11e8-a6a3-ec086b02610b_crop0.jpg,0,0.9636401534080505,coyote,0.999964714050293,0.20000075608935464
5860ee78-23d2-11e8-a6a3-ec086b02610b.jpg,data/cropped/coyote/5860ee78-23d2-11e8-a6a3-ec086b02610b_crop0.jpg,0,0.8336784839630127,coyote,0.9997010231018066,0.20000101154936487
5860ee78-23d2-11e8-a6a3-ec086b02610b.jpg,data/cropped/coyote/5860ee78-23d2-11e8-a6a3-ec086b02610b_crop1.jpg,1,0.5166845321655273,coyote,0.9999808073043823,0.20000131878058952
5860ee78-23d2-11e8-a6a3-ec086b02610b.jpg,data/cropped/coyote/5860ee78-23d2-11e8-a6a3-ec086b02610b_crop2.jpg,2,0.4000707268714905,coyote,0.9998934268951416,0.2
5860ee7a-23d2-11e8-a6a3-ec086b02610b.jpg,data/cropped/coyote/5860ee7a-23d2-11e8-a6a3-ec086b02610b_crop0.jpg,0,0.9548247456550598,coyote,0.99972003698349,0.2
5860eec4-23d2-11e8-a6a3-ec086b02610b.jpg,data/cropped/coyote/5860eec4-23d2-11e8-a6a3-ec086b02610b_crop0.jpg,0,0.9125739336013794,coyote,0.999967098236084,0.20000250120370427
5860eed8-23d2-11e8-a6a3-ec086b02610b.jpg,data/cropped/bobcat/5860eed8-23d2-11e8-a6a3-ec086b02610b_crop0.jpg,0,0.6142964959144592,bobcat,0.994498074054718,0.2
5860eed8-23d2-11e8-a6a3-ec086b02610b.jpg,data/cropped/bobcat/5860eed8-23d2-11e8-a6a3-ec086b02610b_crop1.jpg,1,0.2969423532485962,bobcat,0.9869157075881958,0.2
5860ef01-23d2-11e8-a6a3-ec086b02610b.jpg,data/cropped/raccoon/5860ef01-23d2-11e8-a6a3-ec086b02610b_crop0.jpg,0,0.8517224192619324,raccoon,0.9941532015800476,0.200015746171712
5860efb7-23d2-11e8-a6a3-ec086b02610b.jpg,data/cropped/opossum/5860efb7-23d2-11e8-a6a3-ec086b02610b_crop0.jpg,0,0.90190589427948,opossum,0.9999517202377319,0.20001179662616492
5860efe7-23d2-11e8-a6a3-ec086b02610b.jpg,data/cropped/coyote/5860efe7-23d2-11e8-a6a3-ec086b02610b_crop0.jpg,0,0.788590133190155,coyote,0.931081235408783,0.2
5860efe7-23d2-11e8-a6a3-ec086b02610b.jpg,data/cropped/coyote/5860efe7-23d2-11e8-a6a3-ec086b02610b_crop1.jpg,1,0.4654637277126312,coyote,0.9934347867965698,0.2
5860efe7-23d2-11e8-a6a3-ec086b02610b.jpg,data/cropped/coyote/5860efe7-23d2-11e8-a6a3-ec086b02610b_crop2.jpg,2,0.4003600776195526,coyote,0.9896189570426941,0.2000118666192002
5860efea-23d2-11e8-a6a3-ec086b02610b.jpg,data/cropped/coyote/5860efea-23d2-11e8-a6a3-ec086b02610b_crop0.jpg,0,0.9172096848487854,coyote,0.9998394250869751,0.20000187031252922
5860f034-23d2-11e8-a6a3-ec086b02610b.jpg,data/cropped/raccoon/5860f034-23d2-11e8-a6a3-ec086b02610b_crop0.jpg,0,0.8638171553611755,raccoon,0.9878683090209961,0.2000018659501418
5860f034-23d2-11e8-a6a3-ec086b02610b.jpg,data/cropped/raccoon/5860f034-23d2-11e8-a6a3-ec086b02610b_crop1.jpg,1,0.43588459491729736,raccoon,0.7961175441741943,0.200046685340803
5860f034-23d2-11e8-a6a3-ec086b02610b.jpg,data/cropped/raccoon/5860f034-23d2-11e8-a6a3-ec086b02610b_crop2.jpg,2,0.38202664256095886,raccoon,0.9714178442955017,0.2000085200647525
5860f034-23d2-11e8-a6a3-ec086b02610b.jpg,data/cropped/raccoon/5860f034-23d2-11e8-a6a3-ec086b02610b_crop3.jpg,3,0.2736346125602722,raccoon,0.96219801902771,0.2
5862919e-23d2-11e8-a6a3-ec086b02610b.jpg,data/cropped/deer/5862919e-23d2-11e8-a6a3-ec086b02610b_crop0.jpg,0,0.8858948945999146,deer,0.9998785257339478,0.2
586291f9-23d2-11e8-a6a3-ec086b02610b.jpg,data/cropped/deer/586291f9-23d2-11e8-a6a3-ec086b02610b_crop0.jpg,0,0.97425776720047,deer,0.9999790191650391,0.20000074741487878
58629211-23d2-11e8-a6a3-ec086b02610b.jpg,data/cropped/coyote/58629211-23d2-11e8-a6a3-ec086b02610b_crop0.jpg,0,0.9450161457061768,coyote,0.9999936819076538,0.20000125451625853
5862924b-23d2-11e8-a6a3-ec086b02610b.jpg,data/cropped/mountain_lion/5862924b-23d2-11e8-a6a3-ec086b02610b_crop0.jpg,0,0.9488195776939392,mountain_lion,0.9815089702606201,0.20000087787063697
586292df-23d2-11e8-a6a3-ec086b02610b.jpg,data/cropped/deer/586292df-23d2-11e8-a6a3-ec086b02610b_crop0.jpg,0,0.9417032599449158,deer,0.999589741230011,0.20000188790857487
586292df-23d2-11e8-a6a3-ec086b02610b.jpg,data/cropped/deer/586292df-23d2-11e8-a6a3-ec086b02610b_crop1.jpg,1,0.2387242615222931,coyote,0.7195242643356323,0.2
586292f0-23d2-11e8-a6a3-ec086b02610b.jpg,data/cropped/bobcat/586292f0-23d2-11e8-a6a3-ec086b02610b_crop0.jpg,0,0.8826887607574463,bobcat,0.9996370077133179,0.20001619564337195
58629301-23d2-11e8-a6a3-ec086b02610b.jpg,data/cropped/coyote/58629301-23d2-11e8-a6a3-ec086b02610b_crop0.jpg,0,0.9393715858459473,coyote,0.9999978542327881,0.20000383958225346
58629313-23d2-11e8-a6a3-ec086b02610b.jpg,data/cropped/bobcat/58629313-23d2-11e8-a6a3-ec086b02610b_crop0.jpg,0,0.9169930219650269,bobcat,0.9731261134147644,0.2
5862934f-23d2-11e8-a6a3-ec086b02610b.jpg,data/cropped/opossum/5862934f-23d2-11e8-a6a3-ec086b02610b_crop0.jpg,0,0.7575956583023071,opossum,0.849396288394928,0.20000270928369926
5862936f-23d2-11e8-a6a3-ec086b02610b.jpg,data/cropped/deer/5862936f-23d2-11e8-a6a3-ec086b02610b_crop0.jpg,0,0.963571310043335,deer,0.9977604150772095,0.2000009827333746
58629379-23d2-11e8-a6a3-ec086b02610b.jpg,data/cropped/opossum/58629379-23d2-11e8-a6a3-ec086b02610b_crop0.jpg,0,0.8661849498748779,opossum,0.9978629946708679,0.2000032497075263
58629379-23d2-11e8-a6a3-ec086b02610b.jpg,data/cropped/opossum/58629379-23d2-11e8-a6a3-ec086b02610b_crop1.jpg,1,0.7396838665008545,opossum,0.982653021812439,0.2
58629379-23d2-11e8-a6a3-ec086b02610b.jpg,data/cropped/opossum/58629379-23d2-11e8-a6a3-ec086b02610b_crop2.jpg,2,0.46488091349601746,opossum,0.9230760931968689,0.20003918495297807
58629422-23d2-11e8-a6a3-ec086b02610b.jpg,data/cropped/bobcat/58629422-23d2-11e8-a6a3-ec086b02610b_crop0.jpg,0,0.8619919419288635,bobcat,0.9995831847190857,0.20002876559634677
58629422-23d2-11e8-a6a3-ec086b02610b.jpg,data/cropped/bobcat/58629422-23d2-11e8-a6a3-ec086b02610b_crop1.jpg,1,0.3438788056373596,bobcat,0.9954555034637451,0.20009754907938057
58629438-23d2-11e8-a6a3-ec086b02610b.jpg,data/cropped/coyote/58629438-23d2-11e8-a6a3-ec086b02610b_crop0.jpg,0,0.9675071239471436,coyote,0.9999961853027344,0.20000247543134392
5862944d-23d2-11e8-a6a3-ec086b02610b.jpg,data/cropped/mountain_lion/5862944d-23d2-11e8-a6a3-ec086b02610b_crop0.jpg,0,0.24513573944568634,mountain_lion,0.7849017977714539,0.2
58629457-23d2-11e8-a6a3-ec086b02610b.jpg,data/cropped/raccoon/58629457-23d2-11e8-a6a3-ec086b02610b_crop0.jpg,0,0.6091165542602539,raccoon,0.9887297749519348,0.20009513239257967
58629457-23d2-11e8-a6a3-ec086b02610b.jpg,data/cropped/raccoon/58629457-23d2-11e8-a6a3-ec086b02610b_crop1.jpg,1,0.4963225722312927,raccoon,0.7228032946586609,0.2000623733042258
58629517-23d2-11e8-a6a3-ec086b02610b.jpg,data/cropped/coyote/58629517-23d2-11e8-a6a3-ec086b02610b_crop0.jpg,0,0.9548598527908325,coyote,0.999855637550354,0.2000041793789443
58629517-23d2-11e8-a6a3-ec086b02610b.jpg,data/cropped/coyote/58629517-23d2-11e8-a6a3-ec086b02610b_crop1.jpg,1,0.2782030701637268,coyote,0.9387456774711609,0.2000114444847121
58629545-23d2-11e8-a6a3-ec086b02610b.jpg,data/cropped/deer/58629545-23d2-11e8-a6a3-ec086b02610b_crop0.jpg,0,0.9693106412887573,deer,0.9999594688415527,0.2000032884460448
5862954e-23d2-11e8-a6a3-ec086b02610b.jpg,data/cropped/deer/5862954e-23d2-11e8-a6a3-ec086b02610b_crop0.jpg,0,0.9281710982322693,deer,0.9984581470489502,0.20000041292965332
58643524-23d2-11e8-a6a3-ec086b02610b.jpg,data/cropped/opossum/58643524-23d2-11e8-a6a3-ec086b02610b_crop0.jpg,0,0.7670573592185974,opossum,0.9978487491607666,0.20002279462046957
5864358a-23d2-11e8-a6a3-ec086b02610b.jpg,data/cropped/coyote/5864358a-23d2-11e8-a6a3-ec086b02610b_crop0.jpg,0,0.9740387797355652,coyote,0.9999898672103882,0.20000097359607447
586435c6-23d2-11e8-a6a3-ec086b02610b.jpg,data/cropped/opossum/586435c6-23d2-11e8-a6a3-ec086b02610b_crop0.jpg,0,0.6997213959693909,opossum,0.9998798370361328,0.20000611172228333
586435e1-23d2-11e8-a6a3-ec086b02610b.jpg,data/cropped/raccoon/586435e1-23d2-11e8-a6a3-ec086b02610b_crop0.jpg,0,0.5731971859931946,raccoon,0.9346992373466492,0.20001418791898698
586435e1-23d2-11e8-a6a3-ec086b02610b.jpg,data/cropped/raccoon/586435e1-23d2-11e8-a6a3-ec086b02610b_crop1.jpg,1,0.38235247135162354,raccoon,0.9930972456932068,0.2
586435e1-23d2-11e8-a6a3-ec086b02610b.jpg,data/cropped/raccoon/586435e1-23d2-11e8-a6a3-ec086b02610b_crop2.jpg,2,0.26671943068504333,raccoon,0.9041659235954285,0.2000105518624037
58643650-23d2-11e8-a6a3-ec086b02610b.jpg,data/cropped/raccoon/58643650-23d2-11e8-a6a3-ec086b02610b_crop0.jpg,0,0.8236804604530334,raccoon,0.9329729676246643,0.20002320454809142
58643659-23d2-11e8-a6a3-ec086b02610b.jpg,data/cropped/coyote/58643659-23d2-11e8-a6a3-ec086b02610b_crop0.jpg,0,0.9314835071563721,coyote,0.9921811819076538,0.2
58643675-23d2-11e8-a6a3-ec086b02610b.jpg,data/cropped/raccoon/58643675-23d2-11e8-a6a3-ec086b02610b_crop0.jpg,0,0.28798121213912964,raccoon,0.5071807503700256,0.20001799329749667
58643685-23d2-11e8-a6a3-ec086b02610b.jpg,data/cropped/deer/58643685-23d2-11e8-a6a3-ec086b02610b_crop0.jpg,0,0.9182772040367126,deer,0.9999148845672607,0.20000029877993214
58643685-23d2-11e8-a6a3-ec086b02610b.jpg,data/cropped/deer/58643685-23d2-11e8-a6a3-ec086b02610b_crop1.jpg,1,0.8188169002532959,deer,0.9999196529388428,0.2
58643686-23d2-11e8-a6a3-ec086b02610b.jpg,data/cropped/bobcat/58643686-23d2-11e8-a6a3-ec086b02610b_crop0.jpg,0,0.8715085387229919,bobcat,0.999897837638855,0.2
5864369a-23d2-11e8-a6a3-ec086b02610b.jpg,data/cropped/raccoon/5864369a-23d2-11e8-a6a3-ec086b02610b_crop0.jpg,0,0.876449704170227,raccoon,0.9993273019790649,0.2000026880275254
586436bd-23d2-11e8-a6a3-ec086b02610b.jpg,data/cropped/coyote/586436bd-23d2-11e8-a6a3-ec086b02610b_crop0.jpg,0,0.9225594401359558,coyote,0.9998286962509155,0.2
586436d6-23d2-11e8-a6a3-ec086b02610b.jpg,data/cropped/raccoon/586436d6-23d2-11e8-a6a3-ec086b02610b_crop0.jpg,0,0.8899818062782288,raccoon,0.9981675148010254,0.2000090496713838
5864383c-23d2-11e8-a6a3-ec086b02610b.jpg,data/cropped/opossum/5864383c-23d2-11e8-a6a3-ec086b02610b_crop0.jpg,0,0.8355176448822021,opossum,0.9997937083244324,0.2
5865e1b7-23d2-11e8-a6a3-ec086b02610b.jpg,data/cropped/bobcat/5865e1b7-23d2-11e8-a6a3-ec086b02610b_crop0.jpg,0,0.37951669096946716,bobcat,0.667062520980835,0.2
5865e1b7-23d2-11e8-a6a3-ec086b02610b.jpg,data/cropped/bobcat/5865e1b7-23d2-11e8-a6a3-ec086b02610b_crop1.jpg,1,0.3131844699382782,bobcat,0.9729321002960205,0.2
5865e1b7-23d2-11e8-a6a3-ec086b02610b.jpg,data/cropped/bobcat/5865e1b7-23d2-11e8-a6a3-ec086b02610b_crop2.jpg,2,0.26881876587867737,bobcat,0.8185185790061951,0.2000199123855038
5865e1bf-23d2-11e8-a6a3-ec086b02610b.jpg,data/cropped/bobcat/5865e1bf-23d2-11e8-a6a3-ec086b02610b_crop0.jpg,0,0.9034032821655273,bobcat,0.9992431402206421,0.20000604430475385
5865e1de-23d2-11e8-a6a3-ec086b02610b.jpg,data/cropped/raccoon/5865e1de-23d2-11e8-a6a3-ec086b02610b_crop0.jpg,0,0.8874894380569458,raccoon,0.9933158755302429,0.2
5865e22e-23d2-11e8-a6a3-ec086b02610b.jpg,data/cropped/coyote/5865e22e-23d2-11e8-a6a3-ec086b02610b_crop0.jpg,0,0.9502429366111755,coyote,0.9995570778846741,0.20000078203203203
5865e24a-23d2-11e8-a6a3-ec086b02610b.jpg,data/cropped/opossum/5865e24a-23d2-11e8-a6a3-ec086b02610b_crop0.jpg,0,0.8467097878456116,opossum,0.9999262094497681,0.20000824776279436
5865e27c-23d2-11e8-a6a3-ec086b02610b.jpg,data/cropped/deer/5865e27c-23d2-11e8-a6a3-ec086b02610b_crop0.jpg,0,0.9561372399330139,deer,0.8446813225746155,0.2
5865e2ab-23d2-11e8-a6a3-ec086b02610b.jpg,data/cropped/raccoon/5865e2ab-23d2-11e8-a6a3-ec086b02610b_crop0.jpg,0,0.893993079662323,raccoon,0.9973526000976562,0.2000065694389699
5865e35d-23d2-11e8-a6a3-ec086b02610b.jpg,data/cropped/deer/5865e35d-23d2-11e8-a6a3-ec086b02610b_crop0.jpg,0,0.9648012518882751,deer,0.9998137354850769,0.20000251744378758
5865e362-23d2-11e8-a6a3-ec086b02610b.jpg,data/cropped/raccoon/5865e362-23d2-11e8-a6a3-ec086b02610b_crop0.jpg,0,0.8732566237449646,raccoon,0.9997860789299011,0.2000092255177822
5865e385-23d2-11e8-a6a3-ec086b02610b.jpg,data/cropped/bobcat/5865e385-23d2-11e8-a6a3-ec086b02610b_crop0.jpg,0,0.9361510276794434,bobcat,0.9830687046051025,0.20000118305393544
5865e386-23d2-11e8-a6a3-ec086b02610b.jpg,data/cropped/opossum/5865e386-23d2-11e8-a6a3-ec086b02610b_crop0.jpg,0,0.6736801266670227,opossum,0.8947246074676514,0.2
5865e389-23d2-11e8-a6a3-ec086b02610b.jpg,data/cropped/opossum/5865e389-23d2-11e8-a6a3-ec086b02610b_crop0.jpg,0,0.7928240299224854,opossum,0.9999518394470215,0.20000500200080032
5865e39b-23d2-11e8-a6a3-ec086b02610b.jpg,data/cropped/deer/5865e39b-23d2-11e8-a6a3-ec086b02610b_crop0.jpg,0,0.9496504664421082,deer,0.9997913241386414,0.20000056474202585
5865e3a1-23d2-11e8-a6a3-ec086b02610b.jpg,data/cropped/opossum/5865e3a1-23d2-11e8-a6a3-ec086b02610b_crop0.jpg,0,0.24771848320960999,opossum,0.5639314651489258,0.2
5865e3a1-23d2-11e8-a6a3-ec086b02610b.jpg,data/cropped/opossum/5865e3a1-23d2-11e8-a6a3-ec086b02610b_crop1.jpg,1,0.2156122326850891,opossum,0.5014839768409729,0.2
5865e3a1-23d2-11e8-a6a3-ec086b02610b.jpg,data/cropped/opossum/5865e3a1-23d2-11e8-a6a3-ec086b02610b_crop2.jpg,2,0.20467501878738403,opossum,0.8276353478431702,0.20020120724346077
5865e3af-23d2-11e8-a6a3-ec086b02610b.jpg,data/cropped/opossum/5865e3af-23d2-11e8-a6a3-ec086b02610b_crop0.jpg,0,0.7532995343208313,opossum,0.9998694658279419,0.20001603334936668
5865e3af-23d2-11e8-a6a3-ec086b02610b.jpg,data/cropped/opossum/5865e3af-23d2-11e8-a6a3-ec086b02610b_crop1.jpg,1,0.44159996509552,opossum,0.8993101716041565,0.20002853474104723
5865e41e-23d2-11e8-a6a3-ec086b02610b.jpg,data/cropped/bobcat/5865e41e-23d2-11e8-a6a3-ec086b02610b_crop0.jpg,0,0.7578312754631042,opossum,0.7019212245941162,0.2
5865e41e-23d2-11e8-a6a3-ec086b02610b.jpg,data/cropped/bobcat/5865e41e-23d2-11e8-a6a3-ec086b02610b_crop1.jpg,1,0.4638490378856659,raccoon,0.8872066140174866,0.20004480286738352
5865e492-23d2-11e8-a6a3-ec086b02610b.jpg,data/cropped/opossum/5865e492-23d2-11e8-a6a3-ec086b02610b_crop0.jpg,0,0.6758794784545898,opossum,0.9995347261428833,0.20002300437083045
5865e492-23d2-11e8-a6a3-ec086b02610b.jpg,data/cropped/opossum/5865e492-23d2-11e8-a6a3-ec086b02610b_crop1.jpg,1,0.2975001335144043,opossum,0.9990122318267822,0.2
5865e49e-23d2-11e8-a6a3-ec086b02610b.jpg,data/cropped/raccoon/5865e49e-23d2-11e8-a6a3-ec086b02610b_crop0.jpg,0,0.752220630645752,raccoon,0.9994235038757324,0.2
5865e49e-23d2-11e8-a6a3-ec086b02610b.jpg,data/cropped/raccoon/5865e49e-23d2-11e8-a6a3-ec086b02610b_crop1.jpg,1,0.6030174493789673,raccoon,0.9874866008758545,0.20000664805212073
5865e4af-23d2-11e8-a6a3-ec086b02610b.jpg,data/cropped/opossum/5865e4af-23d2-11e8-a6a3-ec086b02610b_crop0.jpg,0,0.4511803090572357,opossum,0.8489226698875427,0.200002793725293
5865e500-23d2-11e8-a6a3-ec086b02610b.jpg,data/cropped/deer/5865e500-23d2-11e8-a6a3-ec086b02610b_crop0.jpg,0,0.9243159294128418,deer,0.9999253749847412,0.20001515457668215
5865e500-23d2-11e8-a6a3-ec086b02610b.jpg,data/cropped/deer/5865e500-23d2-11e8-a6a3-ec086b02610b_crop1.jpg,1,0.758021891117096,deer,0.9262589812278748,0.20000293797925786
58678bb1-23d2-11e8-a6a3-ec086b02610b.jpg,data/cropped/opossum/58678bb1-23d2-11e8-a6a3-ec086b02610b_crop0.jpg,0,0.8257107734680176,opossum,0.999530553817749,0.20002608752364182
58678bb1-23d2-11e8-a6a3-ec086b02610b.jpg,data/cropped/opossum/58678bb1-23d2-11e8-a6a3-ec086b02610b_crop1.jpg,1,0.35840579867362976,raccoon,0.4821823239326477,0.2000891265597148
58678bb6-23d2-11e8-a6a3-ec086b02610b.jpg,data/cropped/coyote/58678bb6-23d2-11e8-a6a3-ec086b02610b_crop0.jpg,0,0.893032968044281,coyote,0.7779186367988586,0.2
58678c57-23d2-11e8-a6a3-ec086b02610b.jpg,data/cropped/coyote/58678c57-23d2-11e8-a6a3-ec086b02610b_crop0.jpg,0,0.9583321213722229,coyote,0.9969852566719055,0.20000143329105124
58678c7a-23d2-11e8-a6a3-ec086b02610b.jpg,data/cropped/opossum/58678c7a-23d2-11e8-a6a3-ec086b02610b_crop0.jpg,0,0.7859840989112854,opossum,0.981738269329071,0.2
58678caa-23d2-11e8-a6a3-ec086b02610b.jpg,data/cropped/coyote/58678caa-23d2-11e8-a6a3-ec086b02610b_crop0.jpg,0,0.9586563110351562,coyote,0.9999158382415771,0.20000075699081013
58678caa-23d2-11e8-a6a3-ec086b02610b.jpg,data/cropped/coyote/58678caa-23d2-11e8-a6a3-ec086b02610b_crop1.jpg,1,0.6045922636985779,coyote,0.990525484085083,0.20008610792192882
58678caa-23d2-11e8-a6a3-ec086b02610b.jpg,data/cropped/coyote/58678caa-23d2-11e8-a6a3-ec086b02610b_crop2.jpg,2,0.49854156374931335,coyote,0.9994599223136902,0.20000345936970285
58678caa-23d2-11e8-a6a3-ec086b02610b.jpg,data/cropped/coyote/58678caa-23d2-11e8-a6a3-ec086b02610b_crop3.jpg,3,0.41183534264564514,coyote,0.9997172951698303,0.20001287912937085
58678cb3-23d2-11e8-a6a3-ec086b02610b.jpg,data/cropped/raccoon/58678cb3-23d2-11e8-a6a3-ec086b02610b_crop0.jpg,0,0.8250564336776733,raccoon,0.8757040500640869,0.2
58678cb3-23d2-11e8-a6a3-ec086b02610b.jpg,data/cropped/raccoon/58678cb3-23d2-11e8-a6a3-ec086b02610b_crop1.jpg,1,0.3353476822376251,raccoon,0.5532100200653076,0.20007472445357743
58678d05-23d2-11e8-a6a3-ec086b02610b.jpg,data/cropped/coyote/58678d05-23d2-11e8-a6a3-ec086b02610b_crop0.jpg,0,0.8773161172866821,coyote,0.9998668432235718,0.20000201726781247
58678d05-23d2-11e8-a6a3-ec086b02610b.jpg,data/cropped/coyote/58678d05-23d2-11e8-a6a3-ec086b02610b_crop1.jpg,1,0.2750813066959381,coyote,0.9995740056037903,0.2000014640055925
58678e0f-23d2-11e8-a6a3-ec086b02610b.jpg,data/cropped/bobcat/58678e0f-23d2-11e8-a6a3-ec086b02610b_crop0.jpg,0,0.947733998298645,bobcat,0.9972729086875916,0.2000081497378501
58678e11-23d2-11e8-a6a3-ec086b02610b.jpg,data/cropped/opossum/58678e11-23d2-11e8-a6a3-ec086b02610b_crop0.jpg,0,0.7333186268806458,opossum,0.9998956918716431,0.20000925326177477
58678e11-23d2-11e8-a6a3-ec086b02610b.jpg,data/cropped/opossum/58678e11-23d2-11e8-a6a3-ec086b02610b_crop1.jpg,1,0.5047288537025452,opossum,0.8736424446105957,0.20001607200257152
58678e11-23d2-11e8-a6a3-ec086b02610b.jpg,data/cropped/opossum/58678e11-23d2-11e8-a6a3-ec086b02610b_crop2.jpg,2,0.26897114515304565,opossum,0.9982055425643921,0.2000033028371371
58678e4b-23d2-11e8-a6a3-ec086b02610b.jpg,data/cropped/coyote/58678e4b-23d2-11e8-a6a3-ec086b02610b_crop0.jpg,0,0.9240859150886536,coyote,0.9998177886009216,0.20000253794223644
58678e72-23d2-11e8-a6a3-ec086b02610b.jpg,data/cropped/coyote/58678e72-23d2-11e8-a6a3-ec086b02610b_crop0.jpg,0,0.9495919346809387,coyote,0.9924948215484619,0.2
58678e77-23d2-11e8-a6a3-ec086b02610b.jpg,data/cropped/coyote/58678e77-23d2-11e8-a6a3-ec086b02610b_crop0.jpg,0,0.8987935185432434,coyote,0.9997169375419617,0.20003019323671498
58678e77-23d2-11e8-a6a3-ec086b02610b.jpg,data/cropped/coyote/58678e77-23d2-11e8-a6a3-ec086b02610b_crop1.jpg,1,0.8724046945571899,bobcat,0.7510568499565125,0.2
58678e9b-23d2-11e8-a6a3-ec086b02610b.jpg,data/cropped/coyote/58678e9b-23d2-11e8-a6a3-ec086b02610b_crop0.jpg,0,0.925374448299408,coyote,0.999724805355072,0.20000860067085233
58678ed4-23d2-11e8-a6a3-ec086b02610b.jpg,data/cropped/opossum/58678ed4-23d2-11e8-a6a3-ec086b02610b_crop0.jpg,0,0.7272818088531494,opossum,0.8677463531494141,0.20000998302885095
58693426-23d2-11e8-a6a3-ec086b02610b.jpg,data/cropped/opossum/58693426-23d2-11e8-a6a3-ec086b02610b_crop0.jpg,0,0.6539490222930908,opossum,0.9863359928131104,0.2000982800982801
58693426-23d2-11e8-a6a3-ec086b02610b.jpg,data/cropped/opossum/58693426-23d2-11e8-a6a3-ec086b02610b_crop1.jpg,1,0.41253456473350525,opossum,0.8318213224411011,0.2
5869344d-23d2-11e8-a6a3-ec086b02610b.jpg,data/cropped/opossum/5869344d-23d2-11e8-a6a3-ec086b02610b_crop0.jpg,0,0.6812878847122192,opossum,0.9999324083328247,0.2000109370300495
58693476-23d2-11e8-a6a3-ec086b02610b.jpg,data/cropped/coyote/58693476-23d2-11e8-a6a3-ec086b02610b_crop0.jpg,0,0.8728123903274536,coyote,0.9762576222419739,0.2
58693496-23d2-11e8-a6a3-ec086b02610b.jpg,data/cropped/bobcat/58693496-23d2-11e8-a6a3-ec086b02610b_crop0.jpg,0,0.450114905834198,opossum,0.9779141545295715,0.20001596296591906
586934e9-23d2-11e8-a6a3-ec086b02610b.jpg,data/cropped/opossum/586934e9-23d2-11e8-a6a3-ec086b02610b_crop0.jpg,0,0.790490984916687,opossum,0.9984970092773438,0.2000032795487341
586934e9-23d2-11e8-a6a3-ec086b02610b.jpg,data/cropped/opossum/586934e9-23d2-11e8-a6a3-ec086b02610b_crop1.jpg,1,0.6898828148841858,opossum,0.6095662117004395,0.20010636883393165
58693549-23d2-11e8-a6a3-ec086b02610b.jpg,data/cropped/mountain_lion/58693549-23d2-11e8-a6a3-ec086b02610b_crop0.jpg,0,0.9003933072090149,mountain_lion,0.9997826218605042,0.2
586935a0-23d2-11e8-a6a3-ec086b02610b.jpg,data/cropped/bobcat/586935a0-23d2-11e8-a6a3-ec086b02610b_crop0.jpg,0,0.9560273885726929,bobcat,0.9981313347816467,0.20000229150196497
58693638-23d2-11e8-a6a3-ec086b02610b.jpg,data/cropped/coyote/58693638-23d2-11e8-a6a3-ec086b02610b_crop0.jpg,0,0.890396237373352,coyote,0.9998905658721924,0.2
5869364c-23d2-11e8-a6a3-ec086b02610b.jpg,data/cropped/coyote/5869364c-23d2-11e8-a6a3-ec086b02610b_crop0.jpg,0,0.9405365586280823,coyote,0.9999502897262573,0.20007912957467855
58693688-23d2-11e8-a6a3-ec086b02610b.jpg,data/cropped/coyote/58693688-23d2-11e8-a6a3-ec086b02610b_crop0.jpg,0,0.9498242139816284,coyote,0.999886155128479,0.20000443026758816
586936fa-23d2-11e8-a6a3-ec086b02610b.jpg,data/cropped/coyote/586936fa-23d2-11e8-a6a3-ec086b02610b_crop0.jpg,0,0.6766802668571472,coyote,0.999052107334137,0.20000499097465416
586936fd-23d2-11e8-a6a3-ec086b02610b.jpg,data/cropped/opossum/586936fd-23d2-11e8-a6a3-ec086b02610b_crop0.jpg,0,0.6837345361709595,opossum,0.9999901056289673,0.20002083912197832
58693726-23d2-11e8-a6a3-ec086b02610b.jpg,data/cropped/coyote/58693726-23d2-11e8-a6a3-ec086b02610b_crop0.jpg,0,0.8803044557571411,coyote,0.9955398440361023,0.2
5869372c-23d2-11e8-a6a3-ec086b02610b.jpg,data/cropped/opossum/5869372c-23d2-11e8-a6a3-ec086b02610b_crop0.jpg,0,0.7441862225532532,opossum,0.9098368287086487,0.20001031113860748
58693731-23d2-11e8-a6a3-ec086b02610b.jpg,data/cropped/coyote/58693731-23d2-11e8-a6a3-ec086b02610b_crop0.jpg,0,0.9441569447517395,coyote,0.9892582297325134,0.20000341011781958
58693764-23d2-11e8-a6a3-ec086b02610b.jpg,data/cropped/coyote/58693764-23d2-11e8-a6a3-ec086b02610b_crop0.jpg,0,0.9298320412635803,coyote,0.9988975524902344,0.20000268001313207
586937d4-23d2-11e8-a6a3-ec086b02610b.jpg,data/cropped/opossum/586937d4-23d2-11e8-a6a3-ec086b02610b_crop0.jpg,0,0.6494587659835815,opossum,0.3356066048145294,0.2
586addcf-23d2-11e8-a6a3-ec086b02610b.jpg,data/cropped/coyote/586addcf-23d2-11e8-a6a3-ec086b02610b_crop0.jpg,0,0.9265384078025818,coyote,0.9919943809509277,0.2000058736001253
586addd1-23d2-11e8-a6a3-ec086b02610b.jpg,data/cropped/raccoon/586addd1-23d2-11e8-a6a3-ec086b02610b_crop0.jpg,0,0.7045149803161621,raccoon,0.9849457740783691,0.2
586addd1-23d2-11e8-a6a3-ec086b02610b.jpg,data/cropped/raccoon/586addd1-23d2-11e8-a6a3-ec086b02610b_crop1.jpg,1,0.6515670418739319,raccoon,0.969228982925415,0.20009513239257967
586addee-23d2-11e8-a6a3-ec086b02610b.jpg,data/cropped/coyote/586addee-23d2-11e8-a6a3-ec086b02610b_crop0.jpg,0,0.8394027948379517,coyote,0.9997487664222717,0.2000053924344145
586addf6-23d2-11e8-a6a3-ec086b02610b.jpg,data/cropped/opossum/586addf6-23d2-11e8-a6a3-ec086b02610b_crop0.jpg,0,0.8378479480743408,opossum,0.9998832941055298,0.2
586adf4f-23d2-11e8-a6a3-ec086b02610b.jpg,data/cropped/opossum/586adf4f-23d2-11e8-a6a3-ec086b02610b_crop0.jpg,0,0.8204968571662903,opossum,0.9998028874397278,0.20001154801085513
586adf8b-23d2-11e8-a6a3-ec086b02610b.jpg,data/cropped/raccoon/586adf8b-23d2-11e8-a6a3-ec086b02610b_crop0.jpg,0,0.45663052797317505,raccoon,0.9659331440925598,0.2
586adf8b-23d2-11e8-a6a3-ec086b02610b.jpg,data/cropped/raccoon/586adf8b-23d2-11e8-a6a3-ec086b02610b_crop1.jpg,1,0.2339174747467041,raccoon,0.9690598249435425,0.2
586adfae-23d2-11e8-a6a3-ec086b02610b.jpg,data/cropped/opossum/586adfae-23d2-11e8-a6a3-ec086b02610b_crop0.jpg,0,0.869889497756958,opossum,0.9999209642410278,0.2000104854776135
586ae026-23d2-11e8-a6a3-ec086b02610b.jpg,data/cropped/opossum/586ae026-23d2-11e8-a6a3-ec086b02610b_crop0.jpg,0,0.809805154800415,opossum,0.9999103546142578,0.20001056859015007
586ae0de-23d2-11e8-a6a3-ec086b02610b.jpg,data/cropped/bobcat/586ae0de-23d2-11e8-a6a3-ec086b02610b_crop0.jpg,0,0.9511120915412903,bobcat,0.9967727065086365,0.2
586ae119-23d2-11e8-a6a3-ec086b02610b.jpg,data/cropped/opossum/586ae119-23d2-11e8-a6a3-ec086b02610b_crop0.jpg,0,0.5863047242164612,raccoon,0.6245613098144531,0.2
586ae119-23d2-11e8-a6a3-ec086b02610b.jpg,data/cropped/opossum/586ae119-23d2-11e8-a6a3-ec086b02610b_crop1.jpg,1,0.5158304572105408,opossum,0.9998700618743896,0.2
586ae119-23d2-11e8-a6a3-ec086b02610b.jpg,data/cropped/opossum/586ae119-23d2-11e8-a6a3-ec086b02610b_crop2.jpg,2,0.5152801275253296,opossum,0.99997878074646,0.2
586ae128-23d2-11e8-a6a3-ec086b02610b.jpg,data/cropped/raccoon/586ae128-23d2-11e8-a6a3-ec086b02610b_crop0.jpg,0,0.8447772860527039,raccoon,0.9988724589347839,0.2
586ae166-23d2-11e8-a6a3-ec086b02610b.jpg,data/cropped/bobcat/586ae166-23d2-11e8-a6a3-ec086b02610b_crop0.jpg,0,0.8257661461830139,bobcat,0.9998683929443359,0.2
586ae178-23d2-11e8-a6a3-ec086b02610b.jpg,data/cropped/coyote/586ae178-23d2-11e8-a6a3-ec086b02610b_crop0.jpg,0,0.9681277275085449,coyote,0.9999698400497437,0.2
586c865a-23d2-11e8-a6a3-ec086b02610b.jpg,data/cropped/mountain_lion/586c865a-23d2-11e8-a6a3-ec086b02610b_crop0.jpg,0,0.9518327713012695,mountain_lion,0.9059881567955017,0.20000126026723966
586c865a-23d2-11e8-a6a3-ec086b02610b.jpg,data/cropped/mountain_lion/586c865a-23d2-11e8-a6a3-ec086b02610b_crop1.jpg,1,0.5540006756782532,raccoon,0.9250359535217285,0.20000401412973667
586c8669-23d2-11e8-a6a3-ec086b02610b.jpg,data/cropped/opossum/586c8669-23d2-11e8-a6a3-ec086b02610b_crop0.jpg,0,0.8601167798042297,opossum,0.9694947004318237,0.2
586c8669-23d2-11e8-a6a3-ec086b02610b.jpg,data/cropped/opossum/586c8669-23d2-11e8-a6a3-ec086b02610b_crop1.jpg,1,0.45218613743782043,bobcat,0.8482474088668823,0.20001909946044025
586c867b-23d2-11e8-a6a3-ec086b02610b.jpg,data/cropped/bobcat/586c867b-23d2-11e8-a6a3-ec086b02610b_crop0.jpg,0,0.8663990497589111,bobcat,0.9988252520561218,0.20001124606387763
586c8717-23d2-11e8-a6a3-ec086b02610b.jpg,data/cropped/mountain_lion/586c8717-23d2-11e8-a6a3-ec086b02610b_crop0.jpg,0,0.20159465074539185,mountain_lion,0.9992699027061462,0.2
586c873b-23d2-11e8-a6a3-ec086b02610b.jpg,data/cropped/coyote/586c873b-23d2-11e8-a6a3-ec086b02610b_crop0.jpg,0,0.9536353945732117,coyote,0.9998086094856262,0.20000098152764964
586c8770-23d2-11e8-a6a3-ec086b02610b.jpg,data/cropped/coyote/586c8770-23d2-11e8-a6a3-ec086b02610b_crop0.jpg,0,0.9580599069595337,coyote,0.8500732779502869,0.20000081174102213
586c8797-23d2-11e8-a6a3-ec086b02610b.jpg,data/cropped/bobcat/586c8797-23d2-11e8-a6a3-ec086b02610b_crop0.jpg,0,0.9082426428794861,bobcat,0.9999946355819702,0.20000937086364223
586c884d-23d2-11e8-a6a3-ec086b02610b.jpg,data/cropped/bobcat/586c884d-23d2-11e8-a6a3-ec086b02610b_crop0.jpg,0,0.8500570058822632,bobcat,0.996181845664978,0.2
586c885a-23d2-11e8-a6a3-ec086b02610b.jpg,data/cropped/deer/586c885a-23d2-11e8-a6a3-ec086b02610b_crop0.jpg,0,0.6319530606269836,deer,0.9850255846977234,0.2
586c889f-23d2-11e8-a6a3-ec086b02610b.jpg,data/cropped/mountain_lion/586c889f-23d2-11e8-a6a3-ec086b02610b_crop0.jpg,0,0.2630906105041504,mountain_lion,0.9994093179702759,0.20000087987892867
586c88dd-23d2-11e8-a6a3-ec086b02610b.jpg,data/cropped/bobcat/586c88dd-23d2-11e8-a6a3-ec086b02610b_crop0.jpg,0,0.4506143629550934,bobcat,0.9971398115158081,0.2
586c8936-23d2-11e8-a6a3-ec086b02610b.jpg,data/cropped/opossum/586c8936-23d2-11e8-a6a3-ec086b02610b_crop0.jpg,0,0.8000534772872925,opossum,0.9999967813491821,0.2000032571168002
586c898f-23d2-11e8-a6a3-ec086b02610b.jpg,data/cropped/opossum/586c898f-23d2-11e8-a6a3-ec086b02610b_crop0.jpg,0,0.5342978835105896,opossum,0.45471471548080444,0.2000476587632551
586c898f-23d2-11e8-a6a3-ec086b02610b.jpg,data/cropped/opossum/586c898f-23d2-11e8-a6a3-ec086b02610b_crop1.jpg,1,0.48814818263053894,opossum,0.9979154467582703,0.20001119256813477
586c898f-23d2-11e8-a6a3-ec086b02610b.jpg,data/cropped/opossum/586c898f-23d2-11e8-a6a3-ec086b02610b_crop2.jpg,2,0.40120670199394226,opossum,0.9978943467140198,0.20000594371303754
586c898f-23d2-11e8-a6a3-ec086b02610b.jpg,data/cropped/opossum/586c898f-23d2-11e8-a6a3-ec086b02610b_crop3.jpg,3,0.3186831772327423,opossum,0.45732414722442627,0.2
586c8996-23d2-11e8-a6a3-ec086b02610b.jpg,data/cropped/bobcat/586c8996-23d2-11e8-a6a3-ec086b02610b_crop0.jpg,0,0.6957954168319702,bobcat,0.9997748732566833,0.2
586c899a-23d2-11e8-a6a3-ec086b02610b.jpg,data/cropped/bobcat/586c899a-23d2-11e8-a6a3-ec086b02610b_crop0.jpg,0,0.9663998484611511,bobcat,0.9984806180000305,0.2
586c89ab-23d2-11e8-a6a3-ec086b02610b.jpg,data/cropped/opossum/586c89ab-23d2-11e8-a6a3-ec086b02610b_crop0.jpg,0,0.42736974358558655,opossum,0.980315625667572,0.2
586c89ab-23d2-11e8-a6a3-ec086b02610b.jpg,data/cropped/opossum/586c89ab-23d2-11e8-a6a3-ec086b02610b_crop1.jpg,1,0.23025541007518768,opossum,0.8671773672103882,0.20035460992907803
586c89ba-23d2-11e8-a6a3-ec086b02610b.jpg,data/cropped/deer/586c89ba-23d2-11e8-a6a3-ec086b02610b_crop0.jpg,0,0.6953042149543762,deer,0.9998940229415894,0.2
586c89ba-23d2-11e8-a6a3-ec086b02610b.jpg,data/cropped/deer/586c89ba-23d2-11e8-a6a3-ec086b02610b_crop1.jpg,1,0.4890008866786957,deer,0.9998723268508911,0.20000089934527665
586e2da1-23d2-11e8-a6a3-ec086b02610b.jpg,data/cropped/raccoon/586e2da1-23d2-11e8-a6a3-ec086b02610b_crop0.jpg,0,0.43577006459236145,raccoon,0.9815850257873535,0.20002709476393687
586e2e77-23d2-11e8-a6a3-ec086b02610b.jpg,data/cropped/coyote/586e2e77-23d2-11e8-a6a3-ec086b02610b_crop0.jpg,0,0.9494891166687012,coyote,0.9999759197235107,0.20000150410998052
586e2e83-23d2-11e8-a6a3-ec086b02610b.jpg,data/cropped/coyote/586e2e83-23d2-11e8-a6a3-ec086b02610b_crop0.jpg,0,0.7243744134902954,opossum,0.462476521730423,0.2
586e2e83-23d2-11e8-a6a3-ec086b02610b.jpg,data/cropped/coyote/586e2e83-23d2-11e8-a6a3-ec086b02610b_crop1.jpg,1,0.3172292709350586,opossum,0.3671932518482208,0.2000581987487269
586e2e91-23d2-11e8-a6a3-ec086b02610b.jpg,data/cropped/coyote/586e2e91-23d2-11e8-a6a3-ec086b02610b_crop0.jpg,0,0.9579815864562988,coyote,0.9998680353164673,0.2
586e2eb7-23d2-11e8-a6a3-ec086b02610b.jpg,data/cropped/coyote/586e2eb7-23d2-11e8-a6a3-ec086b02610b_crop0.jpg,0,0.9569669961929321,coyote,0.9995259046554565,0.20001421969427657
586e2ebc-23d2-11e8-a6a3-ec086b02610b.jpg,data/cropped/coyote/586e2ebc-23d2-11e8-a6a3-ec086b02610b_crop0.jpg,0,0.33173099160194397,coyote,0.9057655334472656,0.20002015654919877
586e2ec7-23d2-11e8-a6a3-ec086b02610b.jpg,data/cropped/opossum/586e2ec7-23d2-11e8-a6a3-ec086b02610b_crop0.jpg,0,0.40892133116722107,raccoon,0.6365370750427246,0.2
586e2ee2-23d2-11e8-a6a3-ec086b02610b.jpg,data/cropped/opossum/586e2ee2-23d2-11e8-a6a3-ec086b02610b_crop0.jpg,0,0.8490039110183716,opossum,0.9999980926513672,0.2
586e2ee2-23d2-11e8-a6a3-ec086b02610b.jpg,data/cropped/opossum/586e2ee2-23d2-11e8-a6a3-ec086b02610b_crop1.jpg,1,0.5511342287063599,raccoon,0.5235366821289062,0.20001954270080124
586e2f8b-23d2-11e8-a6a3-ec086b02610b.jpg,data/cropped/bobcat/586e2f8b-23d2-11e8-a6a3-ec086b02610b_crop0.jpg,0,0.969154953956604,bobcat,0.9996209144592285,0.2
586e2fb4-23d2-11e8-a6a3-ec086b02610b.jpg,data/cropped/raccoon/586e2fb4-23d2-11e8-a6a3-ec086b02610b_crop0.jpg,0,0.8853285312652588,raccoon,0.9910935759544373,0.2
586e2fb4-23d2-11e8-a6a3-ec086b02610b.jpg,data/cropped/raccoon/586e2fb4-23d2-11e8-a6a3-ec086b02610b_crop1.jpg,1,0.6398419737815857,raccoon,0.9676567912101746,0.2
586e2fbb-23d2-11e8-a6a3-ec086b02610b.jpg,data/cropped/deer/586e2fbb-23d2-11e8-a6a3-ec086b02610b_crop0.jpg,0,0.6442471742630005,deer,0.9992591738700867,0.20000020080744674
586e303d-23d2-11e8-a6a3-ec086b02610b.jpg,data/cropped/opossum/586e303d-23d2-11e8-a6a3-ec086b02610b_crop0.jpg,0,0.8324773907661438,opossum,0.9994651675224304,0.20000234263358868
586e303d-23d2-11e8-a6a3-ec086b02610b.jpg,data/cropped/opossum/586e303d-23d2-11e8-a6a3-ec086b02610b_crop1.jpg,1,0.6764631867408752,opossum,0.42341339588165283,0.20006361323155217
586e3114-23d2-11e8-a6a3-ec086b02610b.jpg,data/cropped/bobcat/586e3114-23d2-11e8-a6a3-ec086b02610b_crop0.jpg,0,0.7936080098152161,bobcat,0.9936167001724243,0.20003019323671498
586e3135-23d2-11e8-a6a3-ec086b02610b.jpg,data/cropped/opossum/586e3135-23d2-11e8-a6a3-ec086b02610b_crop0.jpg,0,0.503025233745575,opossum,0.9697260856628418,0.2000138019874862
586e3152-23d2-11e8-a6a3-ec086b02610b.jpg,data/cropped/raccoon/586e3152-23d2-11e8-a6a3-ec086b02610b_crop0.jpg,0,0.8929452300071716,raccoon,0.9980202913284302,0.20000551017315718
586fdb02-23d2-11e8-a6a3-ec086b02610b.jpg,data/cropped/coyote/586fdb02-23d2-11e8-a6a3-ec086b02610b_crop0.jpg,0,0.8621587157249451,coyote,0.5693022012710571,0.20001755566609122
586fdb09-23d2-11e8-a6a3-ec086b02610b.jpg,data/cropped/coyote/586fdb09-23d2-11e8-a6a3-ec086b02610b_crop0.jpg,0,0.9656512141227722,coyote,0.9999494552612305,0.2000016598796034
586fdb0f-23d2-11e8-a6a3-ec086b02610b.jpg,data/cropped/coyote/586fdb0f-23d2-11e8-a6a3-ec086b02610b_crop0.jpg,0,0.9578263759613037,coyote,0.9998297691345215,0.2
586fdb11-23d2-11e8-a6a3-ec086b02610b.jpg,data/cropped/coyote/586fdb11-23d2-11e8-a6a3-ec086b02610b_crop0.jpg,0,0.7109692096710205,coyote,0.8880616426467896,0.20000215641560598
586fdb29-23d2-11e8-a6a3-ec086b02610b.jpg,data/cropped/opossum/586fdb29-23d2-11e8-a6a3-ec086b02610b_crop0.jpg,0,0.5922477841377258,opossum,0.9939970970153809,0.2000048775729197
586fdb29-23d2-11e8-a6a3-ec086b02610b.jpg,data/cropped/opossum/586fdb29-23d2-11e8-a6a3-ec086b02610b_crop1.jpg,1,0.42693641781806946,opossum,0.9981335997581482,0.20000602881774884
586fdb66-23d2-11e8-a6a3-ec086b02610b.jpg,data/cropped/coyote/586fdb66-23d2-11e8-a6a3-ec086b02610b_crop0.jpg,0,0.9652040600776672,coyote,0.9999498128890991,0.20000240349949527
586fdb93-23d2-11e8-a6a3-ec086b02610b.jpg,data/cropped/opossum/586fdb93-23d2-11e8-a6a3-ec086b02610b_crop0.jpg,0,0.8282543420791626,opossum,0.9948370456695557,0.2000037000037
586fdc26-23d2-11e8-a6a3-ec086b02610b.jpg,data/cropped/opossum/586fdc26-23d2-11e8-a6a3-ec086b02610b_crop0.jpg,0,0.7781534790992737,opossum,0.998316764831543,0.20000915583226514
586fdccd-23d2-11e8-a6a3-ec086b02610b.jpg,data/cropped/coyote/586fdccd-23d2-11e8-a6a3-ec086b02610b_crop0.jpg,0,0.949785053730011,coyote,0.9999662637710571,0.2
586fdcdd-23d2-11e8-a6a3-ec086b02610b.jpg,data/cropped/opossum/586fdcdd-23d2-11e8-a6a3-ec086b02610b_crop0.jpg,0,0.8188225626945496,opossum,0.9992332458496094,0.2000115446779035
586fdd00-23d2-11e8-a6a3-ec086b02610b.jpg,data/cropped/bobcat/586fdd00-23d2-11e8-a6a3-ec086b02610b_crop0.jpg,0,0.6926833987236023,bobcat,0.9993209838867188,0.20000023906601688
586fdd0f-23d2-11e8-a6a3-ec086b02610b.jpg,data/cropped/raccoon/586fdd0f-23d2-11e8-a6a3-ec086b02610b_crop0.jpg,0,0.906345009803772,raccoon,0.9491323232650757,0.2
586fdd15-23d2-11e8-a6a3-ec086b02610b.jpg,data/cropped/coyote/586fdd15-23d2-11e8-a6a3-ec086b02610b_crop0.jpg,0,0.9304009079933167,coyote,0.9999804496765137,0.20000130018722695
586fdd53-23d2-11e8-a6a3-ec086b02610b.jpg,data/cropped/opossum/586fdd53-23d2-11e8-a6a3-ec086b02610b_crop0.jpg,0,0.7633782625198364,opossum,0.999967098236084,0.20000783167127864
586fdd5d-23d2-11e8-a6a3-ec086b02610b.jpg,data/cropped/opossum/586fdd5d-23d2-11e8-a6a3-ec086b02610b_crop0.jpg,0,0.7764110565185547,opossum,0.9998838901519775,0.2
586fddad-23d2-11e8-a6a3-ec086b02610b.jpg,data/cropped/opossum/586fddad-23d2-11e8-a6a3-ec086b02610b_crop0.jpg,0,0.8155109882354736,opossum,0.9997219443321228,0.20001559575795383
586fddb0-23d2-11e8-a6a3-ec086b02610b.jpg,data/cropped/opossum/586fddb0-23d2-11e8-a6a3-ec086b02610b_crop0.jpg,0,0.8345016837120056,opossum,0.9989904761314392,0.20001050199537912
586fddc7-23d2-11e8-a6a3-ec086b02610b.jpg,data/cropped/opossum/586fddc7-23d2-11e8-a6a3-ec086b02610b_crop0.jpg,0,0.855217695236206,opossum,0.9999910593032837,0.2
586fde3b-23d2-11e8-a6a3-ec086b02610b.jpg,data/cropped/opossum/586fde3b-23d2-11e8-a6a3-ec086b02610b_crop0.jpg,0,0.7524088025093079,opossum,0.9718594551086426,0.20003067955207854
586fde3b-23d2-11e8-a6a3-ec086b02610b.jpg,data/cropped/opossum/586fde3b-23d2-11e8-a6a3-ec086b02610b_crop1.jpg,1,0.25181275606155396,opossum,0.9459782838821411,0.20435343405357304
586fdec8-23d2-11e8-a6a3-ec086b02610b.jpg,data/cropped/coyote/586fdec8-23d2-11e8-a6a3-ec086b02610b_crop0.jpg,0,0.9557101130485535,coyote,0.9997962117195129,0.20000620655412116
58718378-23d2-11e8-a6a3-ec086b02610b.jpg,data/cropped/bobcat/58718378-23d2-11e8-a6a3-ec086b02610b_crop0.jpg,0,0.6197566986083984,bobcat,0.9972374439239502,0.2
58718378-23d2-11e8-a6a3-ec086b02610b.jpg,data/cropped/bobcat/58718378-23d2-11e8-a6a3-ec086b02610b_crop1.jpg,1,0.48805204033851624,bobcat,0.9996322393417358,0.20000110989433806
5871838d-23d2-11e8-a6a3-ec086b02610b.jpg,data/cropped/opossum/5871838d-23d2-11e8-a6a3-ec086b02610b_crop0.jpg,0,0.806611180305481,opossum,0.999937891960144,0.2
58718456-23d2-11e8-a6a3-ec086b02610b.jpg,data/cropped/deer/58718456-23d2-11e8-a6a3-ec086b02610b_crop0.jpg,0,0.9753419756889343,deer,0.9908714890480042,0.2
587185de-23d2-11e8-a6a3-ec086b02610b.jpg,data/cropped/opossum/587185de-23d2-11e8-a6a3-ec086b02610b_crop0.jpg,0,0.80181485414505,opossum,0.9993383288383484,0.20002308402585411
58718617-23d2-11e8-a6a3-ec086b02610b.jpg,data/cropped/opossum/58718617-23d2-11e8-a6a3-ec086b02610b_crop0.jpg,0,0.7300097346305847,opossum,0.9845814108848572,0.2
58732be2-23d2-11e8-a6a3-ec086b02610b.jpg,data/cropped/opossum/58732be2-23d2-11e8-a6a3-ec086b02610b_crop0.jpg,0,0.6812115907669067,opossum,0.9999746084213257,0.2000079939246173
58732be2-23d2-11e8-a6a3-ec086b02610b.jpg,data/cropped/opossum/58732be2-23d2-11e8-a6a3-ec086b02610b_crop1.jpg,1,0.3310363292694092,opossum,0.9233044981956482,0.2
58732be2-23d2-11e8-a6a3-ec086b02610b.jpg,data/cropped/opossum/58732be2-23d2-11e8-a6a3-ec086b02610b_crop2.jpg,2,0.29411962628364563,opossum,0.8631243705749512,0.2
58732c1e-23d2-11e8-a6a3-ec086b02610b.jpg,data/cropped/raccoon/58732c1e-23d2-11e8-a6a3-ec086b02610b_crop0.jpg,0,0.8638765811920166,raccoon,0.9642547965049744,0.2
58732c1e-23d2-11e8-a6a3-ec086b02610b.jpg,data/cropped/raccoon/58732c1e-23d2-11e8-a6a3-ec086b02610b_crop1.jpg,1,0.4551919996738434,raccoon,0.825508177280426,0.20003209500120356
58732c1e-23d2-11e8-a6a3-ec086b02610b.jpg,data/cropped/raccoon/58732c1e-23d2-11e8-a6a3-ec086b02610b_crop2.jpg,2,0.29853886365890503,raccoon,0.9434083700180054,0.2000343997248022
58732cb0-23d2-11e8-a6a3-ec086b02610b.jpg,data/cropped/raccoon/58732cb0-23d2-11e8-a6a3-ec086b02610b_crop0.jpg,0,0.9009380340576172,raccoon,0.9920491576194763,0.20001513259940226
58732cb9-23d2-11e8-a6a3-ec086b02610b.jpg,data/cropped/coyote/58732cb9-23d2-11e8-a6a3-ec086b02610b_crop0.jpg,0,0.3341074585914612,bobcat,0.6098868250846863,0.2000177242112726
58732cb9-23d2-11e8-a6a3-ec086b02610b.jpg,data/cropped/coyote/58732cb9-23d2-11e8-a6a3-ec086b02610b_crop1.jpg,1,0.2069154530763626,bobcat,0.4371580183506012,0.2000271039436238
58732ccc-23d2-11e8-a6a3-ec086b02610b.jpg,data/cropped/raccoon/58732ccc-23d2-11e8-a6a3-ec086b02610b_crop0.jpg,0,0.8698906898498535,raccoon,0.9910221695899963,0.2000041841879537
58732d3c-23d2-11e8-a6a3-ec086b02610b.jpg,data/cropped/opossum/58732d3c-23d2-11e8-a6a3-ec086b02610b_crop0.jpg,0,0.550340473651886,opossum,0.9999815225601196,0.2
58732d5b-23d2-11e8-a6a3-ec086b02610b.jpg,data/cropped/coyote/58732d5b-23d2-11e8-a6a3-ec086b02610b_crop0.jpg,0,0.9522300958633423,coyote,0.9999591112136841,0.20002405029042308
58732d77-23d2-11e8-a6a3-ec086b02610b.jpg,data/cropped/coyote/58732d77-23d2-11e8-a6a3-ec086b02610b_crop0.jpg,0,0.8693360090255737,coyote,0.9999104738235474,0.2000003579328661
58732d7d-23d2-11e8-a6a3-ec086b02610b.jpg,data/cropped/deer/58732d7d-23d2-11e8-a6a3-ec086b02610b_crop0.jpg,0,0.964154064655304,deer,0.9830445051193237,0.2
58732dee-23d2-11e8-a6a3-ec086b02610b.jpg,data/cropped/opossum/58732dee-23d2-11e8-a6a3-ec086b02610b_crop0.jpg,0,0.7920054197311401,opossum,0.9999966621398926,0.2
58732df5-23d2-11e8-a6a3-ec086b02610b.jpg,data/cropped/deer/58732df5-23d2-11e8-a6a3-ec086b02610b_crop0.jpg,0,0.9768690466880798,deer,0.9998847246170044,0.2
58732e03-23d2-11e8-a6a3-ec086b02610b.jpg,data/cropped/coyote/58732e03-23d2-11e8-a6a3-ec086b02610b_crop0.jpg,0,0.9538496732711792,coyote,0.9999901056289673,0.2
58732e1e-23d2-11e8-a6a3-ec086b02610b.jpg,data/cropped/coyote/58732e1e-23d2-11e8-a6a3-ec086b02610b_crop0.jpg,0,0.9740108251571655,coyote,0.9999749660491943,0.2
58732ec6-23d2-11e8-a6a3-ec086b02610b.jpg,data/cropped/opossum/58732ec6-23d2-11e8-a6a3-ec086b02610b_crop0.jpg,0,0.7132307887077332,opossum,0.923176109790802,0.20000890313390313
58732f03-23d2-11e8-a6a3-ec086b02610b.jpg,data/cropped/coyote/58732f03-23d2-11e8-a6a3-ec086b02610b_crop0.jpg,0,0.8449534773826599,coyote,0.9988804459571838,0.20000559730210038
58732f03-23d2-11e8-a6a3-ec086b02610b.jpg,data/cropped/coyote/58732f03-23d2-11e8-a6a3-ec086b02610b_crop1.jpg,1,0.508694589138031,raccoon,0.4059891998767853,0.20005112038851494
58732f05-23d2-11e8-a6a3-ec086b02610b.jpg,data/cropped/coyote/58732f05-23d2-11e8-a6a3-ec086b02610b_crop0.jpg,0,0.8710090517997742,coyote,0.9794151186943054,0.20000483687634527
58732f53-23d2-11e8-a6a3-ec086b02610b.jpg,data/cropped/raccoon/58732f53-23d2-11e8-a6a3-ec086b02610b_crop0.jpg,0,0.8777996301651001,raccoon,0.9993951320648193,0.20000191307009488
5874d440-23d2-11e8-a6a3-ec086b02610b.jpg,data/cropped/raccoon/5874d440-23d2-11e8-a6a3-ec086b02610b_crop0.jpg,0,0.8727030754089355,raccoon,0.9983288645744324,0.20002286628937288
5874d467-23d2-11e8-a6a3-ec086b02610b.jpg,data/cropped/opossum/5874d467-23d2-11e8-a6a3-ec086b02610b_crop0.jpg,0,0.5300480127334595,opossum,0.9998561143875122,0.20002072395689416
5874d47f-23d2-11e8-a6a3-ec086b02610b.jpg,data/cropped/opossum/5874d47f-23d2-11e8-a6a3-ec086b02610b_crop0.jpg,0,0.8042314052581787,opossum,0.9992604851722717,0.2000046702783486
5874d4ea-23d2-11e8-a6a3-ec086b02610b.jpg,data/cropped/mountain_lion/5874d4ea-23d2-11e8-a6a3-ec086b02610b_crop0.jpg,0,0.8947209119796753,coyote,0.6003522276878357,0.2
5874d4f0-23d2-11e8-a6a3-ec086b02610b.jpg,data/cropped/deer/5874d4f0-23d2-11e8-a6a3-ec086b02610b_crop0.jpg,0,0.6857137680053711,deer,0.9998596906661987,0.20000039148596327
5874d4f0-23d2-11e8-a6a3-ec086b02610b.jpg,data/cropped/deer/5874d4f0-23d2-11e8-a6a3-ec086b02610b_crop1.jpg,1,0.5991768836975098,deer,0.9996429681777954,0.2000016352694924
5874d4f0-23d2-11e8-a6a3-ec086b02610b.jpg,data/cropped/deer/5874d4f0-23d2-11e8-a6a3-ec086b02610b_crop2.jpg,2,0.4443286061286926,deer,0.9989950060844421,0.20000039664124197
5874d4f0-23d2-11e8-a6a3-ec086b02610b.jpg,data/cropped/deer/5874d4f0-23d2-11e8-a6a3-ec086b02610b_crop3.jpg,3,0.20658116042613983,deer,0.9997180104255676,0.20000029376599188
5874d52f-23d2-11e8-a6a3-ec086b02610b.jpg,data/cropped/bobcat/5874d52f-23d2-11e8-a6a3-ec086b02610b_crop0.jpg,0,0.3905770778656006,coyote,0.351220965385437,0.2
5874d539-23d2-11e8-a6a3-ec086b02610b.jpg,data/cropped/opossum/5874d539-23d2-11e8-a6a3-ec086b02610b_crop0.jpg,0,0.6852757334709167,opossum,0.9693931937217712,0.2
5874d539-23d2-11e8-a6a3-ec086b02610b.jpg,data/cropped/opossum/5874d539-23d2-11e8-a6a3-ec086b02610b_crop1.jpg,1,0.23835580050945282,opossum,0.9746370911598206,0.2
5874d53b-23d2-11e8-a6a3-ec086b02610b.jpg,data/cropped/coyote/5874d53b-23d2-11e8-a6a3-ec086b02610b_crop0.jpg,0,0.9391523003578186,coyote,0.9997703433036804,0.2001534828807556
5874d567-23d2-11e8-a6a3-ec086b02610b.jpg,data/cropped/coyote/5874d567-23d2-11e8-a6a3-ec086b02610b_crop0.jpg,0,0.24167074263095856,coyote,0.963715672492981,0.2000059401823636
5874d59b-23d2-11e8-a6a3-ec086b02610b.jpg,data/cropped/opossum/5874d59b-23d2-11e8-a6a3-ec086b02610b_crop0.jpg,0,0.8776508569717407,opossum,0.9999549388885498,0.20000691706439788
5874d5b0-23d2-11e8-a6a3-ec086b02610b.jpg,data/cropped/opossum/5874d5b0-23d2-11e8-a6a3-ec086b02610b_crop0.jpg,0,0.8853004574775696,opossum,0.9999932050704956,0.20000757556627358
5874d5b0-23d2-11e8-a6a3-ec086b02610b.jpg,data/cropped/opossum/5874d5b0-23d2-11e8-a6a3-ec086b02610b_crop1.jpg,1,0.3065321743488312,raccoon,0.7909401059150696,0.2
5874d5d3-23d2-11e8-a6a3-ec086b02610b.jpg,data/cropped/coyote/5874d5d3-23d2-11e8-a6a3-ec086b02610b_crop0.jpg,0,0.9035037755966187,coyote,0.9999920129776001,0.2
5874d5d3-23d2-11e8-a6a3-ec086b02610b.jpg,data/cropped/coyote/5874d5d3-23d2-11e8-a6a3-ec086b02610b_crop1.jpg,1,0.5573945641517639,coyote,0.9999692440032959,0.2000004859334417
5874d5d3-23d2-11e8-a6a3-ec086b02610b.jpg,data/cropped/coyote/5874d5d3-23d2-11e8-a6a3-ec086b02610b_crop2.jpg,2,0.3653895854949951,deer,0.48750999569892883,0.20001866498681786
5874d6d3-23d2-11e8-a6a3-ec086b02610b.jpg,data/cropped/deer/5874d6d3-23d2-11e8-a6a3-ec086b02610b_crop0.jpg,0,0.9665558934211731,deer,0.9993336796760559,0.20000028977779838
5874d6ee-23d2-11e8-a6a3-ec086b02610b.jpg,data/cropped/coyote/5874d6ee-23d2-11e8-a6a3-ec086b02610b_crop0.jpg,0,0.412053644657135,coyote,0.9999716281890869,0.200000651059681
5874d6ee-23d2-11e8-a6a3-ec086b02610b.jpg,data/cropped/coyote/5874d6ee-23d2-11e8-a6a3-ec086b02610b_crop1.jpg,1,0.3828836679458618,coyote,0.9999741315841675,0.20000026326389309
58767f07-23d2-11e8-a6a3-ec086b02610b.jpg,data/cropped/raccoon/58767f07-23d2-11e8-a6a3-ec086b02610b_crop0.jpg,0,0.5586672425270081,opossum,0.8341718912124634,0.2
58767f35-23d2-11e8-a6a3-ec086b02610b.jpg,data/cropped/coyote/58767f35-23d2-11e8-a6a3-ec086b02610b_crop0.jpg,0,0.9673528075218201,coyote,0.9998599290847778,0.20000176680006007
58767f4f-23d2-11e8-a6a3-ec086b02610b.jpg,data/cropped/opossum/58767f4f-23d2-11e8-a6a3-ec086b02610b_crop0.jpg,0,0.8468700647354126,opossum,0.9999642372131348,0.20000804375804376
58767f7c-23d2-11e8-a6a3-ec086b02610b.jpg,data/cropped/coyote/58767f7c-23d2-11e8-a6a3-ec086b02610b_crop0.jpg,0,0.9478967785835266,coyote,0.9995046854019165,0.2000048130143909
58767f8b-23d2-11e8-a6a3-ec086b02610b.jpg,data/cropped/raccoon/58767f8b-23d2-11e8-a6a3-ec086b02610b_crop0.jpg,0,0.8479718565940857,raccoon,0.6061145067214966,0.20001080069124424
58767f8b-23d2-11e8-a6a3-ec086b02610b.jpg,data/cropped/raccoon/58767f8b-23d2-11e8-a6a3-ec086b02610b_crop1.jpg,1,0.21758787333965302,raccoon,0.5123422145843506,0.2000591891092039
58767fba-23d2-11e8-a6a3-ec086b02610b.jpg,data/cropped/coyote/58767fba-23d2-11e8-a6a3-ec086b02610b_crop0.jpg,0,0.9479081630706787,coyote,0.9999287128448486,0.20000615735110755
58767fc2-23d2-11e8-a6a3-ec086b02610b.jpg,data/cropped/deer/58767fc2-23d2-11e8-a6a3-ec086b02610b_crop0.jpg,0,0.9231176376342773,deer,0.9986953139305115,0.2
58768044-23d2-11e8-a6a3-ec086b02610b.jpg,data/cropped/opossum/58768044-23d2-11e8-a6a3-ec086b02610b_crop0.jpg,0,0.7387465834617615,opossum,0.99981290102005,0.2000121606420819
5876804b-23d2-11e8-a6a3-ec086b02610b.jpg,data/cropped/bobcat/5876804b-23d2-11e8-a6a3-ec086b02610b_crop0.jpg,0,0.8451080918312073,opossum,0.8698192238807678,0.2000036480373559
5876805d-23d2-11e8-a6a3-ec086b02610b.jpg,data/cropped/coyote/5876805d-23d2-11e8-a6a3-ec086b02610b_crop0.jpg,0,0.9200478196144104,coyote,0.9990386962890625,0.20002009242515573
587680aa-23d2-11e8-a6a3-ec086b02610b.jpg,data/cropped/coyote/587680aa-23d2-11e8-a6a3-ec086b02610b_crop0.jpg,0,0.9186722040176392,coyote,0.9988671541213989,0.20000381868866232
587680b3-23d2-11e8-a6a3-ec086b02610b.jpg,data/cropped/raccoon/587680b3-23d2-11e8-a6a3-ec086b02610b_crop0.jpg,0,0.8167799115180969,raccoon,0.6852124929428101,0.2
58768139-23d2-11e8-a6a3-ec086b02610b.jpg,data/cropped/opossum/58768139-23d2-11e8-a6a3-ec086b02610b_crop0.jpg,0,0.8258824944496155,opossum,0.9998165965080261,0.2
5876821e-23d2-11e8-a6a3-ec086b02610b.jpg,data/cropped/bobcat/5876821e-23d2-11e8-a6a3-ec086b02610b_crop0.jpg,0,0.3376830816268921,bobcat,0.9993804693222046,0.20000052009314867
5876821e-23d2-11e8-a6a3-ec086b02610b.jpg,data/cropped/bobcat/5876821e-23d2-11e8-a6a3-ec086b02610b_crop1.jpg,1,0.2226683497428894,bobcat,0.9987643957138062,0.20000056271611816
5876822d-23d2-11e8-a6a3-ec086b02610b.jpg,data/cropped/raccoon/5876822d-23d2-11e8-a6a3-ec086b02610b_crop0.jpg,0,0.9047811627388,raccoon,0.9999028444290161,0.2000025061400431
58768270-23d2-11e8-a6a3-ec086b02610b.jpg,data/cropped/opossum/58768270-23d2-11e8-a6a3-ec086b02610b_crop0.jpg,0,0.8147612810134888,opossum,0.9994401335716248,0.2000062287832072
5876828a-23d2-11e8-a6a3-ec086b02610b.jpg,data/cropped/coyote/5876828a-23d2-11e8-a6a3-ec086b02610b_crop0.jpg,0,0.8340857625007629,coyote,0.9778856039047241,0.2
58782965-23d2-11e8-a6a3-ec086b02610b.jpg,data/cropped/deer/58782965-23d2-11e8-a6a3-ec086b02610b_crop0.jpg,0,0.9419677257537842,deer,0.9987983703613281,0.2
5878299c-23d2-11e8-a6a3-ec086b02610b.jpg,data/cropped/opossum/5878299c-23d2-11e8-a6a3-ec086b02610b_crop0.jpg,0,0.7200304269790649,opossum,0.9860440492630005,0.2
5878299c-23d2-11e8-a6a3-ec086b02610b.jpg,data/cropped/opossum/5878299c-23d2-11e8-a6a3-ec086b02610b_crop1.jpg,1,0.20946656167507172,opossum,0.9965518712997437,0.2000205676676265
587829b6-23d2-11e8-a6a3-ec086b02610b.jpg,data/cropped/coyote/587829b6-23d2-11e8-a6a3-ec086b02610b_crop0.jpg,0,0.8502382636070251,coyote,0.9999731779098511,0.20001463700234193
587829d6-23d2-11e8-a6a3-ec086b02610b.jpg,data/cropped/opossum/587829d6-23d2-11e8-a6a3-ec086b02610b_crop0.jpg,0,0.7838882207870483,opossum,0.9998194575309753,0.2
587829d6-23d2-11e8-a6a3-ec086b02610b.jpg,data/cropped/opossum/587829d6-23d2-11e8-a6a3-ec086b02610b_crop1.jpg,1,0.22025881707668304,opossum,0.45148229598999023,0.20005404431633939
587829fd-23d2-11e8-a6a3-ec086b02610b.jpg,data/cropped/bobcat/587829fd-23d2-11e8-a6a3-ec086b02610b_crop0.jpg,0,0.8710229992866516,bobcat,0.7743083834648132,0.20001232456748472
587829fd-23d2-11e8-a6a3-ec086b02610b.jpg,data/cropped/bobcat/587829fd-23d2-11e8-a6a3-ec086b02610b_crop1.jpg,1,0.7101654410362244,raccoon,0.274783194065094,0.20011974255350995
58782a15-23d2-11e8-a6a3-ec086b02610b.jpg,data/cropped/raccoon/58782a15-23d2-11e8-a6a3-ec086b02610b_crop0.jpg,0,0.8260963559150696,raccoon,0.9988816380500793,0.20000464640832635
58782a49-23d2-11e8-a6a3-ec086b02610b.jpg,data/cropped/opossum/58782a49-23d2-11e8-a6a3-ec086b02610b_crop0.jpg,0,0.7464280724525452,opossum,0.9999279975891113,0.20000734825846275
58782a66-23d2-11e8-a6a3-ec086b02610b.jpg,data/cropped/bobcat/58782a66-23d2-11e8-a6a3-ec086b02610b_crop0.jpg,0,0.5370160341262817,bobcat,0.9962904453277588,0.20000546201848893
58782a66-23d2-11e8-a6a3-ec086b02610b.jpg,data/cropped/bobcat/58782a66-23d2-11e8-a6a3-ec086b02610b_crop1.jpg,1,0.5084345936775208,bobcat,0.6996791362762451,0.2000088012673825
58782a66-23d2-11e8-a6a3-ec086b02610b.jpg,data/cropped/bobcat/58782a66-23d2-11e8-a6a3-ec086b02610b_crop2.jpg,2,0.23066167533397675,bobcat,0.46132463216781616,0.20001628134158256
58782a73-23d2-11e8-a6a3-ec086b02610b.jpg,data/cropped/raccoon/58782a73-23d2-11e8-a6a3-ec086b02610b_crop0.jpg,0,0.848764955997467,raccoon,0.987316906452179,0.20000375840944112
58782ae0-23d2-11e8-a6a3-ec086b02610b.jpg,data/cropped/raccoon/58782ae0-23d2-11e8-a6a3-ec086b02610b_crop0.jpg,0,0.8954996466636658,raccoon,0.9506244659423828,0.2
58782ae3-23d2-11e8-a6a3-ec086b02610b.jpg,data/cropped/deer/58782ae3-23d2-11e8-a6a3-ec086b02610b_crop0.jpg,0,0.9725967645645142,deer,0.99969482421875,0.20000238766057019
58782b23-23d2-11e8-a6a3-ec086b02610b.jpg,data/cropped/opossum/58782b23-23d2-11e8-a6a3-ec086b02610b_crop0.jpg,0,0.8223553895950317,opossum,0.9996688365936279,0.20000496228662168
58782b5b-23d2-11e8-a6a3-ec086b02610b.jpg,data/cropped/coyote/58782b5b-23d2-11e8-a6a3-ec086b02610b_crop0.jpg,0,0.956940233707428,coyote,0.9998111128807068,0.20000109418767506
58782b9c-23d2-11e8-a6a3-ec086b02610b.jpg,data/cropped/coyote/58782b9c-23d2-11e8-a6a3-ec086b02610b_crop0.jpg,0,0.9492749571800232,coyote,0.9840972423553467,0.2
58782ba1-23d2-11e8-a6a3-ec086b02610b.jpg,data/cropped/mountain_lion/58782ba1-23d2-11e8-a6a3-ec086b02610b_crop0.jpg,0,0.7127953767776489,mountain_lion,0.9895542860031128,0.2
5879d201-23d2-11e8-a6a3-ec086b02610b.jpg,data/cropped/deer/5879d201-23d2-11e8-a6a3-ec086b02610b_crop0.jpg,0,0.910018801689148,deer,0.9577525854110718,0.20000213586219417
5879d29e-23d2-11e8-a6a3-ec086b02610b.jpg,data/cropped/bobcat/5879d29e-23d2-11e8-a6a3-ec086b02610b_crop0.jpg,0,0.957447350025177,bobcat,0.9997519850730896,0.20000131381011502
5879d2a4-23d2-11e8-a6a3-ec086b02610b.jpg,data/cropped/opossum/5879d2a4-23d2-11e8-a6a3-ec086b02610b_crop0.jpg,0,0.8171695470809937,opossum,0.9814696311950684,0.2
5879d2e0-23d2-11e8-a6a3-ec086b02610b.jpg,data/cropped/coyote/5879d2e0-23d2-11e8-a6a3-ec086b02610b_crop0.jpg,0,0.6185234785079956,coyote,0.9999115467071533,0.2000049353469549
5879d31d-23d2-11e8-a6a3-ec086b02610b.jpg,data/cropped/opossum/5879d31d-23d2-11e8-a6a3-ec086b02610b_crop0.jpg,0,0.345120370388031,raccoon,0.7434612512588501,0.2
5879d31d-23d2-11e8-a6a3-ec086b02610b.jpg,data/cropped/opossum/5879d31d-23d2-11e8-a6a3-ec086b02610b_crop1.jpg,1,0.3339685797691345,opossum,0.9960981607437134,0.200031328320802
5879d355-23d2-11e8-a6a3-ec086b02610b.jpg,data/cropped/bobcat/5879d355-23d2-11e8-a6a3-ec086b02610b_crop0.jpg,0,0.8809142112731934,bobcat,0.9994361996650696,0.2000033063862851
5879d3f3-23d2-11e8-a6a3-ec086b02610b.jpg,data/cropped/mountain_lion/5879d3f3-23d2-11e8-a6a3-ec086b02610b_crop0.jpg,0,0.928401529788971,mountain_lion,0.9999212026596069,0.20000080937580939
5879d41f-23d2-11e8-a6a3-ec086b02610b.jpg,data/cropped/coyote/5879d41f-23d2-11e8-a6a3-ec086b02610b_crop0.jpg,0,0.4832543730735779,coyote,0.998369038105011,0.20000354490508518
5879d41f-23d2-11e8-a6a3-ec086b02610b.jpg,data/cropped/coyote/5879d41f-23d2-11e8-a6a3-ec086b02610b_crop1.jpg,1,0.22496718168258667,coyote,0.9456675052642822,0.20000880255861037
5879d41f-23d2-11e8-a6a3-ec086b02610b.jpg,data/cropped/coyote/5879d41f-23d2-11e8-a6a3-ec086b02610b_crop2.jpg,2,0.20649169385433197,coyote,0.9973080158233643,0.2000017953482527
5879d51e-23d2-11e8-a6a3-ec086b02610b.jpg,data/cropped/raccoon/5879d51e-23d2-11e8-a6a3-ec086b02610b_crop0.jpg,0,0.8797170519828796,raccoon,0.9905907511711121,0.20000529464711178
5879d547-23d2-11e8-a6a3-ec086b02610b.jpg,data/cropped/coyote/5879d547-23d2-11e8-a6a3-ec086b02610b_crop0.jpg,0,0.9548795223236084,coyote,0.9999425411224365,0.20000551587192145
5879d55e-23d2-11e8-a6a3-ec086b02610b.jpg,data/cropped/mountain_lion/5879d55e-23d2-11e8-a6a3-ec086b02610b_crop0.jpg,0,0.9091041088104248,mountain_lion,0.9977326393127441,0.20000251196322485
587b7c2c-23d2-11e8-a6a3-ec086b02610b.jpg,data/cropped/deer/587b7c2c-23d2-11e8-a6a3-ec086b02610b_crop0.jpg,0,0.9664371609687805,deer,0.9995149374008179,0.20000073507386573
587b7c4a-23d2-11e8-a6a3-ec086b02610b.jpg,data/cropped/deer/587b7c4a-23d2-11e8-a6a3-ec086b02610b_crop0.jpg,0,0.27359989285469055,deer,0.9998983144760132,0.2
587b7ca4-23d2-11e8-a6a3-ec086b02610b.jpg,data/cropped/coyote/587b7ca4-23d2-11e8-a6a3-ec086b02610b_crop0.jpg,0,0.9562341570854187,coyote,0.9999772310256958,0.20000228300077622
587b7db0-23d2-11e8-a6a3-ec086b02610b.jpg,data/cropped/coyote/587b7db0-23d2-11e8-a6a3-ec086b02610b_crop0.jpg,0,0.9215702414512634,coyote,0.9998925924301147,0.2
587b7db0-23d2-11e8-a6a3-ec086b02610b.jpg,data/cropped/coyote/587b7db0-23d2-11e8-a6a3-ec086b02610b_crop1.jpg,1,0.7017033696174622,coyote,0.9997647404670715,0.20016306563391764
587b7db0-23d2-11e8-a6a3-ec086b02610b.jpg,data/cropped/coyote/587b7db0-23d2-11e8-a6a3-ec086b02610b_crop2.jpg,2,0.3050001561641693,coyote,0.9996212720870972,0.20000736811081637
587b7dbd-23d2-11e8-a6a3-ec086b02610b.jpg,data/cropped/deer/587b7dbd-23d2-11e8-a6a3-ec086b02610b_crop0.jpg,0,0.8909512162208557,deer,0.9971755743026733,0.2
587b7df4-23d2-11e8-a6a3-ec086b02610b.jpg,data/cropped/raccoon/587b7df4-23d2-11e8-a6a3-ec086b02610b_crop0.jpg,0,0.8908301591873169,raccoon,0.9934136271476746,0.20000815278315634
587b7e84-23d2-11e8-a6a3-ec086b02610b.jpg,data/cropped/opossum/587b7e84-23d2-11e8-a6a3-ec086b02610b_crop0.jpg,0,0.7886327505111694,opossum,0.4292871654033661,0.20002145577428526
587b7e9d-23d2-11e8-a6a3-ec086b02610b.jpg,data/cropped/bobcat/587b7e9d-23d2-11e8-a6a3-ec086b02610b_crop0.jpg,0,0.9053723216056824,bobcat,0.9997377991676331,0.2000025113323874
587b7ea7-23d2-11e8-a6a3-ec086b02610b.jpg,data/cropped/deer/587b7ea7-23d2-11e8-a6a3-ec086b02610b_crop0.jpg,0,0.9288361072540283,deer,0.9981358051300049,0.2
587b7edf-23d2-11e8-a6a3-ec086b02610b.jpg,data/cropped/opossum/587b7edf-23d2-11e8-a6a3-ec086b02610b_crop0.jpg,0,0.49034881591796875,opossum,0.998190701007843,0.2000264979629691
587b7edf-23d2-11e8-a6a3-ec086b02610b.jpg,data/cropped/opossum/587b7edf-23d2-11e8-a6a3-ec086b02610b_crop1.jpg,1,0.2074914574623108,opossum,0.9926413893699646,0.20000081624657176
587b7f6f-23d2-11e8-a6a3-ec086b02610b.jpg,data/cropped/opossum/587b7f6f-23d2-11e8-a6a3-ec086b02610b_crop0.jpg,0,0.2539083659648895,raccoon,0.3841659128665924,0.2000850822461713
587b7f6f-23d2-11e8-a6a3-ec086b02610b.jpg,data/cropped/opossum/587b7f6f-23d2-11e8-a6a3-ec086b02610b_crop1.jpg,1,0.2515277862548828,raccoon,0.7671554684638977,0.2
587b7f7a-23d2-11e8-a6a3-ec086b02610b.jpg,data/cropped/coyote/587b7f7a-23d2-11e8-a6a3-ec086b02610b_crop0.jpg,0,0.8267339468002319,coyote,0.9931949377059937,0.2
587b7fab-23d2-11e8-a6a3-ec086b02610b.jpg,data/cropped/mountain_lion/587b7fab-23d2-11e8-a6a3-ec086b02610b_crop0.jpg,0,0.27602070569992065,opossum,0.4123024046421051,0.20004546487838146
587d40c8-23d2-11e8-a6a3-ec086b02610b.jpg,data/cropped/mountain_lion/587d40c8-23d2-11e8-a6a3-ec086b02610b_crop0.jpg,0,0.8784656524658203,mountain_lion,0.9988822340965271,0.20000059649143737
587d40ce-23d2-11e8-a6a3-ec086b02610b.jpg,data/cropped/coyote/587d40ce-23d2-11e8-a6a3-ec086b02610b_crop0.jpg,0,0.8577512502670288,coyote,0.621364176273346,0.20000117775919535
587d413d-23d2-11e8-a6a3-ec086b02610b.jpg,data/cropped/raccoon/587d413d-23d2-11e8-a6a3-ec086b02610b_crop0.jpg,0,0.8396501541137695,raccoon,0.9983296990394592,0.20000440683941478
587d413d-23d2-11e8-a6a3-ec086b02610b.jpg,data/cropped/raccoon/587d413d-23d2-11e8-a6a3-ec086b02610b_crop1.jpg,1,0.767379879951477,raccoon,0.9674230217933655,0.20004723665564478
587d413d-23d2-11e8-a6a3-ec086b02610b.jpg,data/cropped/raccoon/587d413d-23d2-11e8-a6a3-ec086b02610b_crop2.jpg,2,0.5438265800476074,raccoon,0.8946410417556763,0.2
587d413d-23d2-11e8-a6a3-ec086b02610b.jpg,data/cropped/raccoon/587d413d-23d2-11e8-a6a3-ec086b02610b_crop3.jpg,3,0.5324010252952576,raccoon,0.9327792525291443,0.2
587d41e1-23d2-11e8-a6a3-ec086b02610b.jpg,data/cropped/coyote/587d41e1-23d2-11e8-a6a3-ec086b02610b_crop0.jpg,0,0.8594009280204773,coyote,0.9999920129776001,0.2000010307737503
587d41e7-23d2-11e8-a6a3-ec086b02610b.jpg,data/cropped/opossum/587d41e7-23d2-11e8-a6a3-ec086b02610b_crop0.jpg,0,0.5384741425514221,raccoon,0.5465371012687683,0.20005370569280342
587d41e7-23d2-11e8-a6a3-ec086b02610b.jpg,data/cropped/opossum/587d41e7-23d2-11e8-a6a3-ec086b02610b_crop1.jpg,1,0.32142066955566406,opossum,0.7944889664649963,0.20001775174188968
587d41e7-23d2-11e8-a6a3-ec086b02610b.jpg,data/cropped/opossum/587d41e7-23d2-11e8-a6a3-ec086b02610b_crop2.jpg,2,0.22246654331684113,raccoon,0.4630454480648041,0.2
587d4230-23d2-11e8-a6a3-ec086b02610b.jpg,data/cropped/raccoon/587d4230-23d2-11e8-a6a3-ec086b02610b_crop0.jpg,0,0.8580778241157532,raccoon,0.9107129573822021,0.20000411997363216
587d423b-23d2-11e8-a6a3-ec086b02610b.jpg,data/cropped/opossum/587d423b-23d2-11e8-a6a3-ec086b02610b_crop0.jpg,0,0.7579925060272217,opossum,0.9996030926704407,0.20001202718143002
587d4282-23d2-11e8-a6a3-ec086b02610b.jpg,data/cropped/opossum/587d4282-23d2-11e8-a6a3-ec086b02610b_crop0.jpg,0,0.8571435809135437,opossum,0.9994851350784302,0.2
587d4282-23d2-11e8-a6a3-ec086b02610b.jpg,data/cropped/opossum/587d4282-23d2-11e8-a6a3-ec086b02610b_crop1.jpg,1,0.23815475404262543,opossum,0.5730917453765869,0.20002780094523215
587d42b5-23d2-11e8-a6a3-ec086b02610b.jpg,data/cropped/bobcat/587d42b5-23d2-11e8-a6a3-ec086b02610b_crop0.jpg,0,0.6053747534751892,opossum,0.6527627110481262,0.2
587d42b5-23d2-11e8-a6a3-ec086b02610b.jpg,data/cropped/bobcat/587d42b5-23d2-11e8-a6a3-ec086b02610b_crop1.jpg,1,0.3184082508087158,bobcat,0.9303340315818787,0.20005053908355794
587d42b5-23d2-11e8-a6a3-ec086b02610b.jpg,data/cropped/bobcat/587d42b5-23d2-11e8-a6a3-ec086b02610b_crop2.jpg,2,0.21844878792762756,bobcat,0.9982081651687622,0.20003781433163167
587eea30-23d2-11e8-a6a3-ec086b02610b.jpg,data/cropped/bobcat/587eea30-23d2-11e8-a6a3-ec086b02610b_crop0.jpg,0,0.9504975080490112,bobcat,0.9998675584793091,0.20000108936021874
587eea43-23d2-11e8-a6a3-ec086b02610b.jpg,data/cropped/raccoon/587eea43-23d2-11e8-a6a3-ec086b02610b_crop0.jpg,0,0.5258862376213074,raccoon,0.8745059967041016,0.2
587eea43-23d2-11e8-a6a3-ec086b02610b.jpg,data/cropped/raccoon/587eea43-23d2-11e8-a6a3-ec086b02610b_crop1.jpg,1,0.3150485157966614,raccoon,0.6935675740242004,0.2
587eea47-23d2-11e8-a6a3-ec086b02610b.jpg,data/cropped/deer/587eea47-23d2-11e8-a6a3-ec086b02610b_crop0.jpg,0,0.7583405375480652,deer,0.999648928642273,0.2
587eea47-23d2-11e8-a6a3-ec086b02610b.jpg,data/cropped/deer/587eea47-23d2-11e8-a6a3-ec086b02610b_crop1.jpg,1,0.2933231592178345,deer,0.8293509483337402,0.20004485310607759
587eea65-23d2-11e8-a6a3-ec086b02610b.jpg,data/cropped/coyote/587eea65-23d2-11e8-a6a3-ec086b02610b_crop0.jpg,0,0.6664263010025024,deer,0.954574704170227,0.20000718416609792
587eea99-23d2-11e8-a6a3-ec086b02610b.jpg,data/cropped/coyote/587eea99-23d2-11e8-a6a3-ec086b02610b_crop0.jpg,0,0.9304330945014954,coyote,0.999971866607666,0.20000174415055508
587eead4-23d2-11e8-a6a3-ec086b02610b.jpg,data/cropped/opossum/587eead4-23d2-11e8-a6a3-ec086b02610b_crop0.jpg,0,0.7979889512062073,opossum,0.9999890327453613,0.20001392369813423
587eeb76-23d2-11e8-a6a3-ec086b02610b.jpg,data/cropped/coyote/587eeb76-23d2-11e8-a6a3-ec086b02610b_crop0.jpg,0,0.9579142332077026,coyote,0.9999641180038452,0.20000075368173528
587eeb97-23d2-11e8-a6a3-ec086b02610b.jpg,data/cropped/coyote/587eeb97-23d2-11e8-a6a3-ec086b02610b_crop0.jpg,0,0.9647451639175415,coyote,0.9999778270721436,0.20000067470920033
587eec44-23d2-11e8-a6a3-ec086b02610b.jpg,data/cropped/opossum/587eec44-23d2-11e8-a6a3-ec086b02610b_crop0.jpg,0,0.8015292286872864,opossum,0.9999969005584717,0.2
587eec7c-23d2-11e8-a6a3-ec086b02610b.jpg,data/cropped/coyote/587eec7c-23d2-11e8-a6a3-ec086b02610b_crop0.jpg,0,0.7939030528068542,coyote,0.9413356184959412,0.2
587eec7c-23d2-11e8-a6a3-ec086b02610b.jpg,data/cropped/coyote/587eec7c-23d2-11e8-a6a3-ec086b02610b_crop1.jpg,1,0.2309115082025528,coyote,0.924667239189148,0.2
587eec7c-23d2-11e8-a6a3-ec086b02610b.jpg,data/cropped/coyote/587eec7c-23d2-11e8-a6a3-ec086b02610b_crop2.jpg,2,0.2200629562139511,coyote,0.9964274764060974,0.20000361441428416
587eec8b-23d2-11e8-a6a3-ec086b02610b.jpg,data/cropped/raccoon/587eec8b-23d2-11e8-a6a3-ec086b02610b_crop0.jpg,0,0.9176982641220093,raccoon,0.984899640083313,0.2
587eeca5-23d2-11e8-a6a3-ec086b02610b.jpg,data/cropped/coyote/587eeca5-23d2-11e8-a6a3-ec086b02610b_crop0.jpg,0,0.4706275165081024,coyote,0.9999958276748657,0.2
587eecc4-23d2-11e8-a6a3-ec086b02610b.jpg,data/cropped/raccoon/587eecc4-23d2-11e8-a6a3-ec086b02610b_crop0.jpg,0,0.5346947312355042,raccoon,0.8570039868354797,0.20000199972003918
587eecc4-23d2-11e8-a6a3-ec086b02610b.jpg,data/cropped/raccoon/587eecc4-23d2-11e8-a6a3-ec086b02610b_crop1.jpg,1,0.2766588628292084,opossum,0.6763073801994324,0.20001271536652043
587eecc4-23d2-11e8-a6a3-ec086b02610b.jpg,data/cropped/raccoon/587eecc4-23d2-11e8-a6a3-ec086b02610b_crop2.jpg,2,0.22719930112361908,raccoon,0.6898439526557922,0.2
587eed03-23d2-11e8-a6a3-ec086b02610b.jpg,data/cropped/bobcat/587eed03-23d2-11e8-a6a3-ec086b02610b_crop0.jpg,0,0.9620642066001892,bobcat,0.9981305003166199,0.20000203495372176
587eed67-23d2-11e8-a6a3-ec086b02610b.jpg,data/cropped/coyote/587eed67-23d2-11e8-a6a3-ec086b02610b_crop0.jpg,0,0.912125825881958,coyote,0.9999926090240479,0.2
587eed67-23d2-11e8-a6a3-ec086b02610b.jpg,data/cropped/coyote/587eed67-23d2-11e8-a6a3-ec086b02610b_crop1.jpg,1,0.43242520093917847,coyote,0.9894106984138489,0.20000328601472134
587eed9a-23d2-11e8-a6a3-ec086b02610b.jpg,data/cropped/opossum/587eed9a-23d2-11e8-a6a3-ec086b02610b_crop0.jpg,0,0.6991898417472839,opossum,0.9992750287055969,0.20000485625485626
587eede8-23d2-11e8-a6a3-ec086b02610b.jpg,data/cropped/deer/587eede8-23d2-11e8-a6a3-ec086b02610b_crop0.jpg,0,0.9591156840324402,deer,0.9998841285705566,0.20000098951607717
588093c9-23d2-11e8-a6a3-ec086b02610b.jpg,data/cropped/coyote/588093c9-23d2-11e8-a6a3-ec086b02610b_crop0.jpg,0,0.9554784893989563,coyote,0.9997500777244568,0.20000432114769684
5880941d-23d2-11e8-a6a3-ec086b02610b.jpg,data/cropped/opossum/5880941d-23d2-11e8-a6a3-ec086b02610b_crop0.jpg,0,0.7863255143165588,opossum,0.9998658895492554,0.20000507305194806
588094d6-23d2-11e8-a6a3-ec086b02610b.jpg,data/cropped/deer/588094d6-23d2-11e8-a6a3-ec086b02610b_crop0.jpg,0,0.9530874490737915,deer,0.9999402761459351,0.2
58809530-23d2-11e8-a6a3-ec086b02610b.jpg,data/cropped/bobcat/58809530-23d2-11e8-a6a3-ec086b02610b_crop0.jpg,0,0.9227570295333862,bobcat,0.998296320438385,0.20001067364011155
5880954f-23d2-11e8-a6a3-ec086b02610b.jpg,data/cropped/coyote/5880954f-23d2-11e8-a6a3-ec086b02610b_crop0.jpg,0,0.8019378781318665,coyote,0.710328221321106,0.20001486546751895
588095a4-23d2-11e8-a6a3-ec086b02610b.jpg,data/cropped/mountain_lion/588095a4-23d2-11e8-a6a3-ec086b02610b_crop0.jpg,0,0.9012301564216614,mountain_lion,0.9864740371704102,0.20007038625733828
588095a4-23d2-11e8-a6a3-ec086b02610b.jpg,data/cropped/mountain_lion/588095a4-23d2-11e8-a6a3-ec086b02610b_crop1.jpg,1,0.7126445770263672,mountain_lion,0.9998200535774231,0.20000039389153015
588095fb-23d2-11e8-a6a3-ec086b02610b.jpg,data/cropped/raccoon/588095fb-23d2-11e8-a6a3-ec086b02610b_crop0.jpg,0,0.8510457277297974,raccoon,0.9932010769844055,0.2000014756989279
5880963e-23d2-11e8-a6a3-ec086b02610b.jpg,data/cropped/raccoon/5880963e-23d2-11e8-a6a3-ec086b02610b_crop0.jpg,0,0.7933863997459412,raccoon,0.9875308871269226,0.2
5880965d-23d2-11e8-a6a3-ec086b02610b.jpg,data/cropped/opossum/5880965d-23d2-11e8-a6a3-ec086b02610b_crop0.jpg,0,0.6806151866912842,opossum,0.6041984558105469,0.2000168010752688
5880965d-23d2-11e8-a6a3-ec086b02610b.jpg,data/cropped/opossum/5880965d-23d2-11e8-a6a3-ec086b02610b_crop1.jpg,1,0.5633432269096375,opossum,0.9951809644699097,0.20000845165652467
588096aa-23d2-11e8-a6a3-ec086b02610b.jpg,data/cropped/opossum/588096aa-23d2-11e8-a6a3-ec086b02610b_crop0.jpg,0,0.7225691080093384,opossum,0.8727268576622009,0.2000006775434983
588096aa-23d2-11e8-a6a3-ec086b02610b.jpg,data/cropped/opossum/588096aa-23d2-11e8-a6a3-ec086b02610b_crop1.jpg,1,0.44868314266204834,opossum,0.8486199975013733,0.2000194099378882
588096aa-23d2-11e8-a6a3-ec086b02610b.jpg,data/cropped/opossum/588096aa-23d2-11e8-a6a3-ec086b02610b_crop2.jpg,2,0.433919757604599,opossum,0.8209603428840637,0.20001555330896648
58809717-23d2-11e8-a6a3-ec086b02610b.jpg,data/cropped/raccoon/58809717-23d2-11e8-a6a3-ec086b02610b_crop0.jpg,0,0.8246629238128662,raccoon,0.9977147579193115,0.2
58823b9f-23d2-11e8-a6a3-ec086b02610b.jpg,data/cropped/opossum/58823b9f-23d2-11e8-a6a3-ec086b02610b_crop0.jpg,0,0.8095696568489075,opossum,0.999994158744812,0.20000542829225926
58823bd1-23d2-11e8-a6a3-ec086b02610b.jpg,data/cropped/opossum/58823bd1-23d2-11e8-a6a3-ec086b02610b_crop0.jpg,0,0.8699458837509155,opossum,0.9998416900634766,0.20000640327847857
58823bd1-23d2-11e8-a6a3-ec086b02610b.jpg,data/cropped/opossum/58823bd1-23d2-11e8-a6a3-ec086b02610b_crop1.jpg,1,0.24648545682430267,raccoon,0.9566552042961121,0.2
58823be3-23d2-11e8-a6a3-ec086b02610b.jpg,data/cropped/opossum/58823be3-23d2-11e8-a6a3-ec086b02610b_crop0.jpg,0,0.8663009405136108,bobcat,0.37184616923332214,0.20000206987911906
58823be3-23d2-11e8-a6a3-ec086b02610b.jpg,data/cropped/opossum/58823be3-23d2-11e8-a6a3-ec086b02610b_crop1.jpg,1,0.3384106457233429,opossum,0.3643888533115387,0.2
58823c39-23d2-11e8-a6a3-ec086b02610b.jpg,data/cropped/coyote/58823c39-23d2-11e8-a6a3-ec086b02610b_crop0.jpg,0,0.9506064057350159,coyote,0.9491227865219116,0.2000010768667485
58823c39-23d2-11e8-a6a3-ec086b02610b.jpg,data/cropped/coyote/58823c39-23d2-11e8-a6a3-ec086b02610b_crop1.jpg,1,0.25768762826919556,bobcat,0.6273383498191833,0.20007636502481863
58823c3b-23d2-11e8-a6a3-ec086b02610b.jpg,data/cropped/coyote/58823c3b-23d2-11e8-a6a3-ec086b02610b_crop0.jpg,0,0.9620081186294556,coyote,0.9999574422836304,0.2
58823c73-23d2-11e8-a6a3-ec086b02610b.jpg,data/cropped/coyote/58823c73-23d2-11e8-a6a3-ec086b02610b_crop0.jpg,0,0.8063391447067261,coyote,0.8761534690856934,0.20000611967014978
58823cca-23d2-11e8-a6a3-ec086b02610b.jpg,data/cropped/bobcat/58823cca-23d2-11e8-a6a3-ec086b02610b_crop0.jpg,0,0.7887616753578186,bobcat,0.9978988170623779,0.2000032418063345
58823d05-23d2-11e8-a6a3-ec086b02610b.jpg,data/cropped/opossum/58823d05-23d2-11e8-a6a3-ec086b02610b_crop0.jpg,0,0.8245713114738464,opossum,0.982362687587738,0.2
58823d30-23d2-11e8-a6a3-ec086b02610b.jpg,data/cropped/bobcat/58823d30-23d2-11e8-a6a3-ec086b02610b_crop0.jpg,0,0.55970299243927,bobcat,0.9774854183197021,0.20003252561392096
58823d3d-23d2-11e8-a6a3-ec086b02610b.jpg,data/cropped/coyote/58823d3d-23d2-11e8-a6a3-ec086b02610b_crop0.jpg,0,0.8056923747062683,coyote,0.9998140931129456,0.2000049982506123
58823de2-23d2-11e8-a6a3-ec086b02610b.jpg,data/cropped/coyote/58823de2-23d2-11e8-a6a3-ec086b02610b_crop0.jpg,0,0.3927795886993408,coyote,0.6518482565879822,0.20010504201680673
58823e2a-23d2-11e8-a6a3-ec086b02610b.jpg,data/cropped/bobcat/58823e2a-23d2-11e8-a6a3-ec086b02610b_crop0.jpg,0,0.8763445019721985,bobcat,0.9998890161514282,0.20002851439977187
58823e3d-23d2-11e8-a6a3-ec086b02610b.jpg,data/cropped/coyote/58823e3d-23d2-11e8-a6a3-ec086b02610b_crop0.jpg,0,0.9319462180137634,coyote,0.9993465542793274,0.20000213346987541
58823e94-23d2-11e8-a6a3-ec086b02610b.jpg,data/cropped/raccoon/58823e94-23d2-11e8-a6a3-ec086b02610b_crop0.jpg,0,0.8198964595794678,raccoon,0.646564245223999,0.20000551967765082
58823e95-23d2-11e8-a6a3-ec086b02610b.jpg,data/cropped/coyote/58823e95-23d2-11e8-a6a3-ec086b02610b_crop0.jpg,0,0.9565531015396118,coyote,0.9997877478599548,0.2
5883e70f-23d2-11e8-a6a3-ec086b02610b.jpg,data/cropped/coyote/5883e70f-23d2-11e8-a6a3-ec086b02610b_crop0.jpg,0,0.9130687117576599,coyote,0.999998927116394,0.20000054057852715
5883e729-23d2-11e8-a6a3-ec086b02610b.jpg,data/cropped/deer/5883e729-23d2-11e8-a6a3-ec086b02610b_crop0.jpg,0,0.9663475751876831,deer,0.992384672164917,0.20000059531959732
5883e737-23d2-11e8-a6a3-ec086b02610b.jpg,data/cropped/opossum/5883e737-23d2-11e8-a6a3-ec086b02610b_crop0.jpg,0,0.7744144797325134,opossum,0.999996542930603,0.2
5883e75c-23d2-11e8-a6a3-ec086b02610b.jpg,data/cropped/coyote/5883e75c-23d2-11e8-a6a3-ec086b02610b_crop0.jpg,0,0.6773783564567566,opossum,0.46067333221435547,0.2000128584287
5883e7a7-23d2-11e8-a6a3-ec086b02610b.jpg,data/cropped/coyote/5883e7a7-23d2-11e8-a6a3-ec086b02610b_crop0.jpg,0,0.950148344039917,coyote,0.9999788999557495,0.2
5883e83c-23d2-11e8-a6a3-ec086b02610b.jpg,data/cropped/opossum/5883e83c-23d2-11e8-a6a3-ec086b02610b_crop0.jpg,0,0.8492624759674072,opossum,0.9999256134033203,0.20008921601427457
5883e87f-23d2-11e8-a6a3-ec086b02610b.jpg,data/cropped/coyote/5883e87f-23d2-11e8-a6a3-ec086b02610b_crop0.jpg,0,0.9303936958312988,coyote,0.9999525547027588,0.20000619405989656
5883e8be-23d2-11e8-a6a3-ec086b02610b.jpg,data/cropped/opossum/5883e8be-23d2-11e8-a6a3-ec086b02610b_crop0.jpg,0,0.8292865753173828,opossum,0.9999727010726929,0.2
5883e912-23d2-11e8-a6a3-ec086b02610b.jpg,data/cropped/deer/5883e912-23d2-11e8-a6a3-ec086b02610b_crop0.jpg,0,0.5762344002723694,deer,0.9993686079978943,0.2
5883e912-23d2-11e8-a6a3-ec086b02610b.jpg,data/cropped/deer/5883e912-23d2-11e8-a6a3-ec086b02610b_crop1.jpg,1,0.45044082403182983,deer,0.9988873600959778,0.20000022776604784
5883e92c-23d2-11e8-a6a3-ec086b02610b.jpg,data/cropped/opossum/5883e92c-23d2-11e8-a6a3-ec086b02610b_crop0.jpg,0,0.7090071439743042,opossum,0.9998016953468323,0.2
5883e954-23d2-11e8-a6a3-ec086b02610b.jpg,data/cropped/opossum/5883e954-23d2-11e8-a6a3-ec086b02610b_crop0.jpg,0,0.7536758780479431,opossum,0.9999943971633911,0.20000512308204615
5883e9bb-23d2-11e8-a6a3-ec086b02610b.jpg,data/cropped/coyote/5883e9bb-23d2-11e8-a6a3-ec086b02610b_crop0.jpg,0,0.30263686180114746,bobcat,0.573074221611023,0.2
5883e9bb-23d2-11e8-a6a3-ec086b02610b.jpg,data/cropped/coyote/5883e9bb-23d2-11e8-a6a3-ec086b02610b_crop1.jpg,1,0.29353636503219604,coyote,0.8703112602233887,0.2
5883e9bb-23d2-11e8-a6a3-ec086b02610b.jpg,data/cropped/coyote/5883e9bb-23d2-11e8-a6a3-ec086b02610b_crop2.jpg,2,0.2884974479675293,coyote,0.5928080677986145,0.20005352602703064
5883e9fa-23d2-11e8-a6a3-ec086b02610b.jpg,data/cropped/opossum/5883e9fa-23d2-11e8-a6a3-ec086b02610b_crop0.jpg,0,0.8286449909210205,opossum,0.9814316034317017,0.20000301028010656
5883e9fa-23d2-11e8-a6a3-ec086b02610b.jpg,data/cropped/opossum/5883e9fa-23d2-11e8-a6a3-ec086b02610b_crop1.jpg,1,0.741982102394104,opossum,0.9852663278579712,0.20000075831108954
5883ea0a-23d2-11e8-a6a3-ec086b02610b.jpg,data/cropped/raccoon/5883ea0a-23d2-11e8-a6a3-ec086b02610b_crop0.jpg,0,0.758023202419281,raccoon,0.9996743202209473,0.2
5883eacd-23d2-11e8-a6a3-ec086b02610b.jpg,data/cropped/raccoon/5883eacd-23d2-11e8-a6a3-ec086b02610b_crop0.jpg,0,0.6396220922470093,raccoon,0.9967346787452698,0.2
58857aa4-23d2-11e8-a6a3-ec086b02610b.jpg,data/cropped/opossum/58857aa4-23d2-11e8-a6a3-ec086b02610b_crop0.jpg,0,0.8237679600715637,opossum,0.9798880815505981,0.20002762812543168
58857ad3-23d2-11e8-a6a3-ec086b02610b.jpg,data/cropped/coyote/58857ad3-23d2-11e8-a6a3-ec086b02610b_crop0.jpg,0,0.7024983763694763,coyote,0.9117199778556824,0.20005958587814687
58857ad3-23d2-11e8-a6a3-ec086b02610b.jpg,data/cropped/coyote/58857ad3-23d2-11e8-a6a3-ec086b02610b_crop1.jpg,1,0.4602254331111908,coyote,0.9999914169311523,0.20000052545984304
58857b13-23d2-11e8-a6a3-ec086b02610b.jpg,data/cropped/coyote/58857b13-23d2-11e8-a6a3-ec086b02610b_crop0.jpg,0,0.5337825417518616,coyote,0.9999520778656006,0.2
58857b13-23d2-11e8-a6a3-ec086b02610b.jpg,data/cropped/coyote/58857b13-23d2-11e8-a6a3-ec086b02610b_crop1.jpg,1,0.4252217411994934,coyote,0.9999891519546509,0.2
58857b31-23d2-11e8-a6a3-ec086b02610b.jpg,data/cropped/coyote/58857b31-23d2-11e8-a6a3-ec086b02610b_crop0.jpg,0,0.9622355699539185,coyote,0.9999704360961914,0.2000004369922696
58857b61-23d2-11e8-a6a3-ec086b02610b.jpg,data/cropped/raccoon/58857b61-23d2-11e8-a6a3-ec086b02610b_crop0.jpg,0,0.9125359654426575,raccoon,0.9985872507095337,0.2
58857bc2-23d2-11e8-a6a3-ec086b02610b.jpg,data/cropped/opossum/58857bc2-23d2-11e8-a6a3-ec086b02610b_crop0.jpg,0,0.8662101030349731,opossum,0.9999996423721313,0.20000706052636225
58857bc2-23d2-11e8-a6a3-ec086b02610b.jpg,data/cropped/opossum/58857bc2-23d2-11e8-a6a3-ec086b02610b_crop1.jpg,1,0.7215017080307007,raccoon,0.671418309211731,0.2
58857c7f-23d2-11e8-a6a3-ec086b02610b.jpg,data/cropped/coyote/58857c7f-23d2-11e8-a6a3-ec086b02610b_crop0.jpg,0,0.9659081697463989,coyote,0.9999160766601562,0.20000270896260278
58857c9f-23d2-11e8-a6a3-ec086b02610b.jpg,data/cropped/opossum/58857c9f-23d2-11e8-a6a3-ec086b02610b_crop0.jpg,0,0.8133533596992493,opossum,0.9999511241912842,0.20001995709225165
58857cfe-23d2-11e8-a6a3-ec086b02610b.jpg,data/cropped/bobcat/58857cfe-23d2-11e8-a6a3-ec086b02610b_crop0.jpg,0,0.8341180682182312,bobcat,0.9993730187416077,0.2
58857d05-23d2-11e8-a6a3-ec086b02610b.jpg,data/cropped/opossum/58857d05-23d2-11e8-a6a3-ec086b02610b_crop0.jpg,0,0.7755066156387329,opossum,0.975191056728363,0.20000777232275865
58857d05-23d2-11e8-a6a3-ec086b02610b.jpg,data/cropped/opossum/58857d05-23d2-11e8-a6a3-ec086b02610b_crop1.jpg,1,0.4798676073551178,opossum,0.9569175243377686,0.2
58857d10-23d2-11e8-a6a3-ec086b02610b.jpg,data/cropped/coyote/58857d10-23d2-11e8-a6a3-ec086b02610b_crop0.jpg,0,0.889812171459198,coyote,0.9999819993972778,0.2
58857d9f-23d2-11e8-a6a3-ec086b02610b.jpg,data/cropped/coyote/58857d9f-23d2-11e8-a6a3-ec086b02610b_crop0.jpg,0,0.9077760577201843,coyote,0.9999125003814697,0.2
58857dad-23d2-11e8-a6a3-ec086b02610b.jpg,data/cropped/coyote/58857dad-23d2-11e8-a6a3-ec086b02610b_crop0.jpg,0,0.8763729929924011,coyote,0.9990522265434265,0.2
58857dad-23d2-11e8-a6a3-ec086b02610b.jpg,data/cropped/coyote/58857dad-23d2-11e8-a6a3-ec086b02610b_crop1.jpg,1,0.478875070810318,coyote,0.911880373954773,0.20010422094841063
58857dc0-23d2-11e8-a6a3-ec086b02610b.jpg,data/cropped/raccoon/58857dc0-23d2-11e8-a6a3-ec086b02610b_crop0.jpg,0,0.7102817893028259,raccoon,0.7118648290634155,0.2
58857dc0-23d2-11e8-a6a3-ec086b02610b.jpg,data/cropped/raccoon/58857dc0-23d2-11e8-a6a3-ec086b02610b_crop1.jpg,1,0.4350355565547943,raccoon,0.9849810600280762,0.20001376912617683
58857dcd-23d2-11e8-a6a3-ec086b02610b.jpg,data/cropped/raccoon/58857dcd-23d2-11e8-a6a3-ec086b02610b_crop0.jpg,0,0.8638008236885071,raccoon,0.9894250631332397,0.20001015537727226
58857e07-23d2-11e8-a6a3-ec086b02610b.jpg,data/cropped/opossum/58857e07-23d2-11e8-a6a3-ec086b02610b_crop0.jpg,0,0.6939799189567566,opossum,0.999909520149231,0.20001759750115483
58857e07-23d2-11e8-a6a3-ec086b02610b.jpg,data/cropped/opossum/58857e07-23d2-11e8-a6a3-ec086b02610b_crop1.jpg,1,0.204645037651062,opossum,0.9999620914459229,0.20001392369813423
58857e1e-23d2-11e8-a6a3-ec086b02610b.jpg,data/cropped/bobcat/58857e1e-23d2-11e8-a6a3-ec086b02610b_crop0.jpg,0,0.860102653503418,bobcat,0.9761894941329956,0.20001431741713796
58857e1e-23d2-11e8-a6a3-ec086b02610b.jpg,data/cropped/bobcat/58857e1e-23d2-11e8-a6a3-ec086b02610b_crop1.jpg,1,0.7916067242622375,bobcat,0.9214117527008057,0.20006155740227763
58857e1e-23d2-11e8-a6a3-ec086b02610b.jpg,data/cropped/bobcat/58857e1e-23d2-11e8-a6a3-ec086b02610b_crop2.jpg,2,0.5225206017494202,bobcat,0.9458534717559814,0.20005526388505113
58857e58-23d2-11e8-a6a3-ec086b02610b.jpg,data/cropped/bobcat/58857e58-23d2-11e8-a6a3-ec086b02610b_crop0.jpg,0,0.9125047922134399,bobcat,0.9999891519546509,0.2
58857e58-23d2-11e8-a6a3-ec086b02610b.jpg,data/cropped/bobcat/58857e58-23d2-11e8-a6a3-ec086b02610b_crop1.jpg,1,0.30443936586380005,bobcat,0.9930056929588318,0.20006371455877667
58857e77-23d2-11e8-a6a3-ec086b02610b.jpg,data/cropped/opossum/58857e77-23d2-11e8-a6a3-ec086b02610b_crop0.jpg,0,0.7054286003112793,opossum,0.9999983310699463,0.2
58857e77-23d2-11e8-a6a3-ec086b02610b.jpg,data/cropped/opossum/58857e77-23d2-11e8-a6a3-ec086b02610b_crop1.jpg,1,0.4099562168121338,opossum,0.9732006192207336,0.2000725338491296
58857e7c-23d2-11e8-a6a3-ec086b02610b.jpg,data/cropped/opossum/58857e7c-23d2-11e8-a6a3-ec086b02610b_crop0.jpg,0,0.7186914682388306,opossum,0.9999275207519531,0.2
58871699-23d2-11e8-a6a3-ec086b02610b.jpg,data/cropped/opossum/58871699-23d2-11e8-a6a3-ec086b02610b_crop0.jpg,0,0.8648999333381653,opossum,0.9998645782470703,0.200003928964325
588716d0-23d2-11e8-a6a3-ec086b02610b.jpg,data/cropped/raccoon/588716d0-23d2-11e8-a6a3-ec086b02610b_crop0.jpg,0,0.8518926501274109,raccoon,0.9757401943206787,0.20000609774688252
58871710-23d2-11e8-a6a3-ec086b02610b.jpg,data/cropped/coyote/58871710-23d2-11e8-a6a3-ec086b02610b_crop0.jpg,0,0.46756863594055176,coyote,0.84904545545578,0.20019342359767892
58871718-23d2-11e8-a6a3-ec086b02610b.jpg,data/cropped/coyote/58871718-23d2-11e8-a6a3-ec086b02610b_crop0.jpg,0,0.9344084858894348,coyote,0.9999207258224487,0.20000518260028333
5887175b-23d2-11e8-a6a3-ec086b02610b.jpg,data/cropped/opossum/5887175b-23d2-11e8-a6a3-ec086b02610b_crop0.jpg,0,0.7744618058204651,opossum,0.8389489054679871,0.2
5887175b-23d2-11e8-a6a3-ec086b02610b.jpg,data/cropped/opossum/5887175b-23d2-11e8-a6a3-ec086b02610b_crop1.jpg,1,0.3978862762451172,opossum,0.4128980338573456,0.20005740528128588
5887179c-23d2-11e8-a6a3-ec086b02610b.jpg,data/cropped/raccoon/5887179c-23d2-11e8-a6a3-ec086b02610b_crop0.jpg,0,0.8914067149162292,raccoon,0.9991528987884521,0.20000271798217004
5887187e-23d2-11e8-a6a3-ec086b02610b.jpg,data/cropped/opossum/5887187e-23d2-11e8-a6a3-ec086b02610b_crop0.jpg,0,0.47701531648635864,opossum,0.7810342907905579,0.2
5887187e-23d2-11e8-a6a3-ec086b02610b.jpg,data/cropped/opossum/5887187e-23d2-11e8-a6a3-ec086b02610b_crop1.jpg,1,0.3364507853984833,opossum,0.849004864692688,0.2
588718ed-23d2-11e8-a6a3-ec086b02610b.jpg,data/cropped/opossum/588718ed-23d2-11e8-a6a3-ec086b02610b_crop0.jpg,0,0.7955340147018433,opossum,0.9999995231628418,0.20000504108484146
5887190c-23d2-11e8-a6a3-ec086b02610b.jpg,data/cropped/coyote/5887190c-23d2-11e8-a6a3-ec086b02610b_crop0.jpg,0,0.4166163206100464,coyote,0.9483063817024231,0.20000670544649893
5887190c-23d2-11e8-a6a3-ec086b02610b.jpg,data/cropped/coyote/5887190c-23d2-11e8-a6a3-ec086b02610b_crop1.jpg,1,0.37541136145591736,coyote,0.935627281665802,0.20001011940902652
58871920-23d2-11e8-a6a3-ec086b02610b.jpg,data/cropped/coyote/58871920-23d2-11e8-a6a3-ec086b02610b_crop0.jpg,0,0.9463320374488831,coyote,0.9999406337738037,0.2000074657508679
5887195f-23d2-11e8-a6a3-ec086b02610b.jpg,data/cropped/raccoon/5887195f-23d2-11e8-a6a3-ec086b02610b_crop0.jpg,0,0.8495761752128601,raccoon,0.9816763401031494,0.2
5887197d-23d2-11e8-a6a3-ec086b02610b.jpg,data/cropped/opossum/5887197d-23d2-11e8-a6a3-ec086b02610b_crop0.jpg,0,0.4079567790031433,opossum,0.9863068461418152,0.2
5887197d-23d2-11e8-a6a3-ec086b02610b.jpg,data/cropped/opossum/5887197d-23d2-11e8-a6a3-ec086b02610b_crop1.jpg,1,0.3697679042816162,opossum,0.9871695041656494,0.2
58871990-23d2-11e8-a6a3-ec086b02610b.jpg,data/cropped/mountain_lion/58871990-23d2-11e8-a6a3-ec086b02610b_crop0.jpg,0,0.8929350972175598,mountain_lion,0.3619998097419739,0.20000312814443685
5887199c-23d2-11e8-a6a3-ec086b02610b.jpg,data/cropped/bobcat/5887199c-23d2-11e8-a6a3-ec086b02610b_crop0.jpg,0,0.951572597026825,bobcat,0.985039234161377,0.2000064080656186
58871a4d-23d2-11e8-a6a3-ec086b02610b.jpg,data/cropped/coyote/58871a4d-23d2-11e8-a6a3-ec086b02610b_crop0.jpg,0,0.9324398040771484,coyote,0.9998637437820435,0.2000021390603108
5888bc2f-23d2-11e8-a6a3-ec086b02610b.jpg,data/cropped/bobcat/5888bc2f-23d2-11e8-a6a3-ec086b02610b_crop0.jpg,0,0.3980918526649475,bobcat,0.90456223487854,0.2000850822461713
5888bc2f-23d2-11e8-a6a3-ec086b02610b.jpg,data/cropped/bobcat/5888bc2f-23d2-11e8-a6a3-ec086b02610b_crop1.jpg,1,0.2116285264492035,bobcat,0.9906458854675293,0.2002063983488132
5888bc3e-23d2-11e8-a6a3-ec086b02610b.jpg,data/cropped/opossum/5888bc3e-23d2-11e8-a6a3-ec086b02610b_crop0.jpg,0,0.8072925806045532,opossum,0.9997437596321106,0.2
5888bc55-23d2-11e8-a6a3-ec086b02610b.jpg,data/cropped/deer/5888bc55-23d2-11e8-a6a3-ec086b02610b_crop0.jpg,0,0.9716134071350098,deer,0.9998655319213867,0.2
5888bcca-23d2-11e8-a6a3-ec086b02610b.jpg,data/cropped/opossum/5888bcca-23d2-11e8-a6a3-ec086b02610b_crop0.jpg,0,0.6792638897895813,opossum,0.9996784925460815,0.2000043118316661
5888bcca-23d2-11e8-a6a3-ec086b02610b.jpg,data/cropped/opossum/5888bcca-23d2-11e8-a6a3-ec086b02610b_crop1.jpg,1,0.47032010555267334,opossum,0.4125913679599762,0.20010017530678686
5888bce1-23d2-11e8-a6a3-ec086b02610b.jpg,data/cropped/coyote/5888bce1-23d2-11e8-a6a3-ec086b02610b_crop0.jpg,0,0.3994041085243225,coyote,0.9756141901016235,0.20000090791886838
5888bce1-23d2-11e8-a6a3-ec086b02610b.jpg,data/cropped/coyote/5888bce1-23d2-11e8-a6a3-ec086b02610b_crop1.jpg,1,0.3760105073451996,coyote,0.9975038170814514,0.2000015311121999
5888bd13-23d2-11e8-a6a3-ec086b02610b.jpg,data/cropped/deer/5888bd13-23d2-11e8-a6a3-ec086b02610b_crop0.jpg,0,0.8537420630455017,deer,0.9780622124671936,0.20000075116242386
5888bd63-23d2-11e8-a6a3-ec086b02610b.jpg,data/cropped/bobcat/5888bd63-23d2-11e8-a6a3-ec086b02610b_crop0.jpg,0,0.780369758605957,bobcat,0.9541217684745789,0.2
5888bdd9-23d2-11e8-a6a3-ec086b02610b.jpg,data/cropped/raccoon/5888bdd9-23d2-11e8-a6a3-ec086b02610b_crop0.jpg,0,0.8659133911132812,raccoon,0.9992684721946716,0.2000019174720049
5888bdd9-23d2-11e8-a6a3-ec086b02610b.jpg,data/cropped/raccoon/5888bdd9-23d2-11e8-a6a3-ec086b02610b_crop1.jpg,1,0.7516931891441345,raccoon,0.8516747355461121,0.20004954787563484
5888bdfa-23d2-11e8-a6a3-ec086b02610b.jpg,data/cropped/opossum/5888bdfa-23d2-11e8-a6a3-ec086b02610b_crop0.jpg,0,0.8037195801734924,opossum,0.9992944002151489,0.2
5888be2f-23d2-11e8-a6a3-ec086b02610b.jpg,data/cropped/raccoon/5888be2f-23d2-11e8-a6a3-ec086b02610b_crop0.jpg,0,0.6402031183242798,raccoon,0.7252199649810791,0.2
5888be2f-23d2-11e8-a6a3-ec086b02610b.jpg,data/cropped/raccoon/5888be2f-23d2-11e8-a6a3-ec086b02610b_crop1.jpg,1,0.2990769147872925,raccoon,0.8766959309577942,0.20002546473134708
5888be2f-23d2-11e8-a6a3-ec086b02610b.jpg,data/cropped/raccoon/5888be2f-23d2-11e8-a6a3-ec086b02610b_crop2.jpg,2,0.27953049540519714,raccoon,0.8102436661720276,0.2
5888be68-23d2-11e8-a6a3-ec086b02610b.jpg,data/cropped/deer/5888be68-23d2-11e8-a6a3-ec086b02610b_crop0.jpg,0,0.9669374823570251,deer,0.9865522980690002,0.20000117278665838
5888bf2e-23d2-11e8-a6a3-ec086b02610b.jpg,data/cropped/coyote/5888bf2e-23d2-11e8-a6a3-ec086b02610b_crop0.jpg,0,0.8507837653160095,coyote,0.9999864101409912,0.2
5888bf2e-23d2-11e8-a6a3-ec086b02610b.jpg,data/cropped/coyote/5888bf2e-23d2-11e8-a6a3-ec086b02610b_crop1.jpg,1,0.7530880570411682,coyote,0.971726655960083,0.2
588a65c4-23d2-11e8-a6a3-ec086b02610b.jpg,data/cropped/bobcat/588a65c4-23d2-11e8-a6a3-ec086b02610b_crop0.jpg,0,0.5411320328712463,bobcat,0.9811939597129822,0.2
588a65c4-23d2-11e8-a6a3-ec086b02610b.jpg,data/cropped/bobcat/588a65c4-23d2-11e8-a6a3-ec086b02610b_crop1.jpg,1,0.4375540614128113,bobcat,0.819649338722229,0.20001377979881493
588a65c4-23d2-11e8-a6a3-ec086b02610b.jpg,data/cropped/bobcat/588a65c4-23d2-11e8-a6a3-ec086b02610b_crop2.jpg,2,0.362129807472229,bobcat,0.9334331750869751,0.20001193032689096
588a660f-23d2-11e8-a6a3-ec086b02610b.jpg,data/cropped/coyote/588a660f-23d2-11e8-a6a3-ec086b02610b_crop0.jpg,0,0.8826784491539001,coyote,0.9997703433036804,0.20000279548250027
588a668a-23d2-11e8-a6a3-ec086b02610b.jpg,data/cropped/coyote/588a668a-23d2-11e8-a6a3-ec086b02610b_crop0.jpg,0,0.9394882321357727,coyote,0.9969507455825806,0.2
588a6693-23d2-11e8-a6a3-ec086b02610b.jpg,data/cropped/raccoon/588a6693-23d2-11e8-a6a3-ec086b02610b_crop0.jpg,0,0.804803192615509,raccoon,0.9776049256324768,0.20000433003528978
588a6693-23d2-11e8-a6a3-ec086b02610b.jpg,data/cropped/raccoon/588a6693-23d2-11e8-a6a3-ec086b02610b_crop1.jpg,1,0.3552979826927185,raccoon,0.29826557636260986,0.2
588a6693-23d2-11e8-a6a3-ec086b02610b.jpg,data/cropped/raccoon/588a6693-23d2-11e8-a6a3-ec086b02610b_crop2.jpg,2,0.3270452618598938,raccoon,0.8038180470466614,0.2
588a6753-23d2-11e8-a6a3-ec086b02610b.jpg,data/cropped/deer/588a6753-23d2-11e8-a6a3-ec086b02610b_crop0.jpg,0,0.6540327072143555,deer,0.9999659061431885,0.20000045904303299
588a6753-23d2-11e8-a6a3-ec086b02610b.jpg,data/cropped/deer/588a6753-23d2-11e8-a6a3-ec086b02610b_crop1.jpg,1,0.6110286712646484,deer,0.9999321699142456,0.20000060787686846
588a67a3-23d2-11e8-a6a3-ec086b02610b.jpg,data/cropped/coyote/588a67a3-23d2-11e8-a6a3-ec086b02610b_crop0.jpg,0,0.941338062286377,coyote,0.999969482421875,0.20006255212677232
588a6828-23d2-11e8-a6a3-ec086b02610b.jpg,data/cropped/opossum/588a6828-23d2-11e8-a6a3-ec086b02610b_crop0.jpg,0,0.864285945892334,opossum,0.9999121427536011,0.20001442065037134
588a6828-23d2-11e8-a6a3-ec086b02610b.jpg,data/cropped/opossum/588a6828-23d2-11e8-a6a3-ec086b02610b_crop1.jpg,1,0.4062187969684601,opossum,0.964527428150177,0.20012787723785166
588a684d-23d2-11e8-a6a3-ec086b02610b.jpg,data/cropped/opossum/588a684d-23d2-11e8-a6a3-ec086b02610b_crop0.jpg,0,0.792758047580719,opossum,0.9939845204353333,0.200015216068168
588a684d-23d2-11e8-a6a3-ec086b02610b.jpg,data/cropped/opossum/588a684d-23d2-11e8-a6a3-ec086b02610b_crop1.jpg,1,0.43909353017807007,opossum,0.8689650297164917,0.20000202267417752
588c11d0-23d2-11e8-a6a3-ec086b02610b.jpg,data/cropped/deer/588c11d0-23d2-11e8-a6a3-ec086b02610b_crop0.jpg,0,0.8165870904922485,deer,0.9991256594657898,0.2
588c11e9-23d2-11e8-a6a3-ec086b02610b.jpg,data/cropped/bobcat/588c11e9-23d2-11e8-a6a3-ec086b02610b_crop0.jpg,0,0.8768820762634277,bobcat,0.9448739290237427,0.2001526458616011
588c1225-23d2-11e8-a6a3-ec086b02610b.jpg,data/cropped/coyote/588c1225-23d2-11e8-a6a3-ec086b02610b_crop0.jpg,0,0.9318585991859436,coyote,0.9974585175514221,0.2000033108562978
588c1240-23d2-11e8-a6a3-ec086b02610b.jpg,data/cropped/coyote/588c1240-23d2-11e8-a6a3-ec086b02610b_crop0.jpg,0,0.9158298969268799,coyote,0.9981030225753784,0.2
588c129a-23d2-11e8-a6a3-ec086b02610b.jpg,data/cropped/bobcat/588c129a-23d2-11e8-a6a3-ec086b02610b_crop0.jpg,0,0.8766645193099976,bobcat,0.9996079802513123,0.2
588c129c-23d2-11e8-a6a3-ec086b02610b.jpg,data/cropped/coyote/588c129c-23d2-11e8-a6a3-ec086b02610b_crop0.jpg,0,0.9058114886283875,coyote,0.9999518394470215,0.2000055733205147
588c1325-23d2-11e8-a6a3-ec086b02610b.jpg,data/cropped/mountain_lion/588c1325-23d2-11e8-a6a3-ec086b02610b_crop0.jpg,0,0.9064696431159973,mountain_lion,0.8862072825431824,0.2000021324462357
588c13cc-23d2-11e8-a6a3-ec086b02610b.jpg,data/cropped/opossum/588c13cc-23d2-11e8-a6a3-ec086b02610b_crop0.jpg,0,0.8663455247879028,opossum,0.9999972581863403,0.20001838193056226
588c14d2-23d2-11e8-a6a3-ec086b02610b.jpg,data/cropped/deer/588c14d2-23d2-11e8-a6a3-ec086b02610b_crop0.jpg,0,0.963326632976532,deer,0.9999287128448486,0.20000146995053616
588c1503-23d2-11e8-a6a3-ec086b02610b.jpg,data/cropped/opossum/588c1503-23d2-11e8-a6a3-ec086b02610b_crop0.jpg,0,0.8539817333221436,opossum,0.9999967813491821,0.2
588c151f-23d2-11e8-a6a3-ec086b02610b.jpg,data/cropped/raccoon/588c151f-23d2-11e8-a6a3-ec086b02610b_crop0.jpg,0,0.7960096001625061,raccoon,0.9988999366760254,0.20001410205184855
588dba83-23d2-11e8-a6a3-ec086b02610b.jpg,data/cropped/raccoon/588dba83-23d2-11e8-a6a3-ec086b02610b_crop0.jpg,0,0.8306499123573303,opossum,0.6055500507354736,0.20001610651777085
588dbbe7-23d2-11e8-a6a3-ec086b02610b.jpg,data/cropped/opossum/588dbbe7-23d2-11e8-a6a3-ec086b02610b_crop0.jpg,0,0.4411814510822296,opossum,0.999983549118042,0.20001569365976146
588dbd28-23d2-11e8-a6a3-ec086b02610b.jpg,data/cropped/coyote/588dbd28-23d2-11e8-a6a3-ec086b02610b_crop0.jpg,0,0.9523237943649292,coyote,0.9999494552612305,0.20000084507994456
588dbd58-23d2-11e8-a6a3-ec086b02610b.jpg,data/cropped/bobcat/588dbd58-23d2-11e8-a6a3-ec086b02610b_crop0.jpg,0,0.21465934813022614,opossum,0.8427016735076904,0.20000263161357387
588dbd77-23d2-11e8-a6a3-ec086b02610b.jpg,data/cropped/coyote/588dbd77-23d2-11e8-a6a3-ec086b02610b_crop0.jpg,0,0.9368219375610352,coyote,0.9999744892120361,0.20000243274967613
588dbdb3-23d2-11e8-a6a3-ec086b02610b.jpg,data/cropped/raccoon/588dbdb3-23d2-11e8-a6a3-ec086b02610b_crop0.jpg,0,0.8502108454704285,raccoon,0.9982792139053345,0.20001076194575979
588f654d-23d2-11e8-a6a3-ec086b02610b.jpg,data/cropped/opossum/588f654d-23d2-11e8-a6a3-ec086b02610b_crop0.jpg,0,0.9523105025291443,opossum,0.9995636343955994,0.2
588f657d-23d2-11e8-a6a3-ec086b02610b.jpg,data/cropped/opossum/588f657d-23d2-11e8-a6a3-ec086b02610b_crop0.jpg,0,0.8689398765563965,opossum,0.9999456405639648,0.2
588f657d-23d2-11e8-a6a3-ec086b02610b.jpg,data/cropped/opossum/588f657d-23d2-11e8-a6a3-ec086b02610b_crop1.jpg,1,0.4575267732143402,opossum,0.5740219950675964,0.2
588f657d-23d2-11e8-a6a3-ec086b02610b.jpg,data/cropped/opossum/588f657d-23d2-11e8-a6a3-ec086b02610b_crop2.jpg,2,0.31592434644699097,opossum,0.7436352372169495,0.2
588f65f6-23d2-11e8-a6a3-ec086b02610b.jpg,data/cropped/raccoon/588f65f6-23d2-11e8-a6a3-ec086b02610b_crop0.jpg,0,0.7618148922920227,raccoon,0.6080151200294495,0.20001046627243707
588f66a8-23d2-11e8-a6a3-ec086b02610b.jpg,data/cropped/coyote/588f66a8-23d2-11e8-a6a3-ec086b02610b_crop0.jpg,0,0.9423127174377441,coyote,0.9999817609786987,0.2
588f66c7-23d2-11e8-a6a3-ec086b02610b.jpg,data/cropped/bobcat/588f66c7-23d2-11e8-a6a3-ec086b02610b_crop0.jpg,0,0.8624340295791626,bobcat,0.9998456239700317,0.20000856842962106
588f673e-23d2-11e8-a6a3-ec086b02610b.jpg,data/cropped/coyote/588f673e-23d2-11e8-a6a3-ec086b02610b_crop0.jpg,0,0.8612954616546631,deer,0.6732814908027649,0.2
588f6760-23d2-11e8-a6a3-ec086b02610b.jpg,data/cropped/raccoon/588f6760-23d2-11e8-a6a3-ec086b02610b_crop0.jpg,0,0.8887089490890503,raccoon,0.9946428537368774,0.2
588f676f-23d2-11e8-a6a3-ec086b02610b.jpg,data/cropped/opossum/588f676f-23d2-11e8-a6a3-ec086b02610b_crop0.jpg,0,0.8519465923309326,opossum,0.9999784231185913,0.20001234644113836
588f681b-23d2-11e8-a6a3-ec086b02610b.jpg,data/cropped/opossum/588f681b-23d2-11e8-a6a3-ec086b02610b_crop0.jpg,0,0.8112695217132568,opossum,0.999971866607666,0.2
588f6840-23d2-11e8-a6a3-ec086b02610b.jpg,data/cropped/coyote/588f6840-23d2-11e8-a6a3-ec086b02610b_crop0.jpg,0,0.9678747057914734,coyote,0.9997299313545227,0.2000010616612876
58910d4d-23d2-11e8-a6a3-ec086b02610b.jpg,data/cropped/coyote/58910d4d-23d2-11e8-a6a3-ec086b02610b_crop0.jpg,0,0.9714131355285645,coyote,0.9999783039093018,0.20006318477597926
58910d8f-23d2-11e8-a6a3-ec086b02610b.jpg,data/cropped/coyote/58910d8f-23d2-11e8-a6a3-ec086b02610b_crop0.jpg,0,0.922452449798584,coyote,0.999754011631012,0.20001084804599573
58910da0-23d2-11e8-a6a3-ec086b02610b.jpg,data/cropped/opossum/58910da0-23d2-11e8-a6a3-ec086b02610b_crop0.jpg,0,0.8299036622047424,opossum,0.9999969005584717,0.2
58910e0a-23d2-11e8-a6a3-ec086b02610b.jpg,data/cropped/raccoon/58910e0a-23d2-11e8-a6a3-ec086b02610b_crop0.jpg,0,0.8608579635620117,raccoon,0.991031289100647,0.20001214771622935
58910e0a-23d2-11e8-a6a3-ec086b02610b.jpg,data/cropped/raccoon/58910e0a-23d2-11e8-a6a3-ec086b02610b_crop1.jpg,1,0.3738722801208496,raccoon,0.9754649996757507,0.2
58910e39-23d2-11e8-a6a3-ec086b02610b.jpg,data/cropped/coyote/58910e39-23d2-11e8-a6a3-ec086b02610b_crop0.jpg,0,0.25020864605903625,coyote,0.8992289304733276,0.20005963029218843
58910e50-23d2-11e8-a6a3-ec086b02610b.jpg,data/cropped/raccoon/58910e50-23d2-11e8-a6a3-ec086b02610b_crop0.jpg,0,0.8960127234458923,raccoon,0.9943118095397949,0.20000817026839332
58910e50-23d2-11e8-a6a3-ec086b02610b.jpg,data/cropped/raccoon/58910e50-23d2-11e8-a6a3-ec086b02610b_crop1.jpg,1,0.8243095874786377,raccoon,0.990096926689148,0.2
58910e5b-23d2-11e8-a6a3-ec086b02610b.jpg,data/cropped/raccoon/58910e5b-23d2-11e8-a6a3-ec086b02610b_crop0.jpg,0,0.8829757571220398,raccoon,0.9882033467292786,0.2000011792174713
58910e81-23d2-11e8-a6a3-ec086b02610b.jpg,data/cropped/deer/58910e81-23d2-11e8-a6a3-ec086b02610b_crop0.jpg,0,0.9366567730903625,deer,0.9994947910308838,0.20000092668099934
58910e9d-23d2-11e8-a6a3-ec086b02610b.jpg,data/cropped/raccoon/58910e9d-23d2-11e8-a6a3-ec086b02610b_crop0.jpg,0,0.8689830303192139,raccoon,0.9937077760696411,0.2
58910f3b-23d2-11e8-a6a3-ec086b02610b.jpg,data/cropped/opossum/58910f3b-23d2-11e8-a6a3-ec086b02610b_crop0.jpg,0,0.6164532899856567,opossum,0.7909042239189148,0.20000070105579001
58910f3e-23d2-11e8-a6a3-ec086b02610b.jpg,data/cropped/coyote/58910f3e-23d2-11e8-a6a3-ec086b02610b_crop0.jpg,0,0.48073840141296387,coyote,0.9999805688858032,0.20000162803144542
58910f3e-23d2-11e8-a6a3-ec086b02610b.jpg,data/cropped/coyote/58910f3e-23d2-11e8-a6a3-ec086b02610b_crop1.jpg,1,0.4133366644382477,coyote,0.9799561500549316,0.2000043044077135
58910f3e-23d2-11e8-a6a3-ec086b02610b.jpg,data/cropped/coyote/58910f3e-23d2-11e8-a6a3-ec086b02610b_crop2.jpg,2,0.28193944692611694,coyote,0.9858471751213074,0.2
58910f58-23d2-11e8-a6a3-ec086b02610b.jpg,data/cropped/coyote/58910f58-23d2-11e8-a6a3-ec086b02610b_crop0.jpg,0,0.9544764161109924,coyote,0.9995549321174622,0.20001109323867103
58911038-23d2-11e8-a6a3-ec086b02610b.jpg,data/cropped/deer/58911038-23d2-11e8-a6a3-ec086b02610b_crop0.jpg,0,0.7524653077125549,deer,0.9892480969429016,0.2000054736035469
58911057-23d2-11e8-a6a3-ec086b02610b.jpg,data/cropped/opossum/58911057-23d2-11e8-a6a3-ec086b02610b_crop0.jpg,0,0.7355656027793884,opossum,0.9812257885932922,0.2000163981470094
58911057-23d2-11e8-a6a3-ec086b02610b.jpg,data/cropped/opossum/58911057-23d2-11e8-a6a3-ec086b02610b_crop1.jpg,1,0.32846304774284363,opossum,0.9768598079681396,0.20004386926957665
58911057-23d2-11e8-a6a3-ec086b02610b.jpg,data/cropped/opossum/58911057-23d2-11e8-a6a3-ec086b02610b_crop2.jpg,2,0.21246755123138428,opossum,0.955796480178833,0.20004567252797442
589110b7-23d2-11e8-a6a3-ec086b02610b.jpg,data/cropped/coyote/589110b7-23d2-11e8-a6a3-ec086b02610b_crop0.jpg,0,0.9245805144309998,coyote,0.9999862909317017,0.2
5892b3ee-23d2-11e8-a6a3-ec086b02610b.jpg,data/cropped/opossum/5892b3ee-23d2-11e8-a6a3-ec086b02610b_crop0.jpg,0,0.6696838736534119,opossum,0.9999434947967529,0.2
5892b3fb-23d2-11e8-a6a3-ec086b02610b.jpg,data/cropped/bobcat/5892b3fb-23d2-11e8-a6a3-ec086b02610b_crop0.jpg,0,0.8636599183082581,bobcat,0.9738605618476868,0.2000146948072225
5892b411-23d2-11e8-a6a3-ec086b02610b.jpg,data/cropped/bobcat/5892b411-23d2-11e8-a6a3-ec086b02610b_crop0.jpg,0,0.2871630787849426,mountain_lion,0.3913041651248932,0.20058873002523128
5892b462-23d2-11e8-a6a3-ec086b02610b.jpg,data/cropped/opossum/5892b462-23d2-11e8-a6a3-ec086b02610b_crop0.jpg,0,0.7854540348052979,opossum,0.9993026256561279,0.2000047934042757
5892b462-23d2-11e8-a6a3-ec086b02610b.jpg,data/cropped/opossum/5892b462-23d2-11e8-a6a3-ec086b02610b_crop1.jpg,1,0.20862804353237152,raccoon,0.4935169219970703,0.2000074393691415
5892b500-23d2-11e8-a6a3-ec086b02610b.jpg,data/cropped/bobcat/5892b500-23d2-11e8-a6a3-ec086b02610b_crop0.jpg,0,0.8992478251457214,bobcat,0.995765209197998,0.2
5892b5bf-23d2-11e8-a6a3-ec086b02610b.jpg,data/cropped/coyote/5892b5bf-23d2-11e8-a6a3-ec086b02610b_crop0.jpg,0,0.9456599354743958,coyote,0.9995211362838745,0.2
5892b5c5-23d2-11e8-a6a3-ec086b02610b.jpg,data/cropped/coyote/5892b5c5-23d2-11e8-a6a3-ec086b02610b_crop0.jpg,0,0.7978944182395935,coyote,0.999980092048645,0.2
5892b5c5-23d2-11e8-a6a3-ec086b02610b.jpg,data/cropped/coyote/5892b5c5-23d2-11e8-a6a3-ec086b02610b_crop1.jpg,1,0.23556195199489594,coyote,0.9999550580978394,0.20000054707363474
5892b62b-23d2-11e8-a6a3-ec086b02610b.jpg,data/cropped/bobcat/5892b62b-23d2-11e8-a6a3-ec086b02610b_crop0.jpg,0,0.925902783870697,bobcat,0.978429913520813,0.2000031815343745
5892b6b3-23d2-11e8-a6a3-ec086b02610b.jpg,data/cropped/coyote/5892b6b3-23d2-11e8-a6a3-ec086b02610b_crop0.jpg,0,0.9612532258033752,coyote,0.9961987137794495,0.2
5892b738-23d2-11e8-a6a3-ec086b02610b.jpg,data/cropped/opossum/5892b738-23d2-11e8-a6a3-ec086b02610b_crop0.jpg,0,0.8185015320777893,opossum,0.9999914169311523,0.20000782120720334
5892b74b-23d2-11e8-a6a3-ec086b02610b.jpg,data/cropped/coyote/5892b74b-23d2-11e8-a6a3-ec086b02610b_crop0.jpg,0,0.8617087602615356,coyote,0.9662647247314453,0.20006361323155217
5892b754-23d2-11e8-a6a3-ec086b02610b.jpg,data/cropped/opossum/5892b754-23d2-11e8-a6a3-ec086b02610b_crop0.jpg,0,0.6512420177459717,opossum,0.8269323706626892,0.20000332784239339
5892b754-23d2-11e8-a6a3-ec086b02610b.jpg,data/cropped/opossum/5892b754-23d2-11e8-a6a3-ec086b02610b_crop1.jpg,1,0.28631070256233215,opossum,0.7645024061203003,0.2
5892b758-23d2-11e8-a6a3-ec086b02610b.jpg,data/cropped/coyote/5892b758-23d2-11e8-a6a3-ec086b02610b_crop0.jpg,0,0.9218713641166687,coyote,0.9999904632568359,0.200001041102736
5892b75e-23d2-11e8-a6a3-ec086b02610b.jpg,data/cropped/raccoon/5892b75e-23d2-11e8-a6a3-ec086b02610b_crop0.jpg,0,0.5114449858665466,raccoon,0.5471034049987793,0.20017108639863132
5892b75e-23d2-11e8-a6a3-ec086b02610b.jpg,data/cropped/raccoon/5892b75e-23d2-11e8-a6a3-ec086b02610b_crop1.jpg,1,0.24951593577861786,raccoon,0.3515850603580475,0.20001857182653915
58945f2c-23d2-11e8-a6a3-ec086b02610b.jpg,data/cropped/raccoon/58945f2c-23d2-11e8-a6a3-ec086b02610b_crop0.jpg,0,0.854185938835144,raccoon,0.9950475692749023,0.2000114499446586
58945f3c-23d2-11e8-a6a3-ec086b02610b.jpg,data/cropped/bobcat/58945f3c-23d2-11e8-a6a3-ec086b02610b_crop0.jpg,0,0.9022771716117859,bobcat,0.990796685218811,0.20000111666964446
58945f3c-23d2-11e8-a6a3-ec086b02610b.jpg,data/cropped/bobcat/58945f3c-23d2-11e8-a6a3-ec086b02610b_crop1.jpg,1,0.2894003689289093,raccoon,0.8778465986251831,0.2
58945f59-23d2-11e8-a6a3-ec086b02610b.jpg,data/cropped/deer/58945f59-23d2-11e8-a6a3-ec086b02610b_crop0.jpg,0,0.9688510894775391,deer,0.9996623992919922,0.2
58946060-23d2-11e8-a6a3-ec086b02610b.jpg,data/cropped/bobcat/58946060-23d2-11e8-a6a3-ec086b02610b_crop0.jpg,0,0.5168997049331665,bobcat,0.9998096823692322,0.20000170047783428
58946107-23d2-11e8-a6a3-ec086b02610b.jpg,data/cropped/opossum/58946107-23d2-11e8-a6a3-ec086b02610b_crop0.jpg,0,0.8200320601463318,opossum,0.9999021291732788,0.2000046724605177
589461b2-23d2-11e8-a6a3-ec086b02610b.jpg,data/cropped/deer/589461b2-23d2-11e8-a6a3-ec086b02610b_crop0.jpg,0,0.5834884643554688,deer,0.9997778534889221,0.2
589461b2-23d2-11e8-a6a3-ec086b02610b.jpg,data/cropped/deer/589461b2-23d2-11e8-a6a3-ec086b02610b_crop1.jpg,1,0.431831955909729,deer,0.9997138381004333,0.2
589461cf-23d2-11e8-a6a3-ec086b02610b.jpg,data/cropped/opossum/589461cf-23d2-11e8-a6a3-ec086b02610b_crop0.jpg,0,0.7898654341697693,opossum,0.9980959296226501,0.20002033071293032
589461f7-23d2-11e8-a6a3-ec086b02610b.jpg,data/cropped/opossum/589461f7-23d2-11e8-a6a3-ec086b02610b_crop0.jpg,0,0.7624877691268921,opossum,0.9948124885559082,0.2
58946229-23d2-11e8-a6a3-ec086b02610b.jpg,data/cropped/opossum/58946229-23d2-11e8-a6a3-ec086b02610b_crop0.jpg,0,0.6157196164131165,opossum,0.5559515953063965,0.2
58946229-23d2-11e8-a6a3-ec086b02610b.jpg,data/cropped/opossum/58946229-23d2-11e8-a6a3-ec086b02610b_crop1.jpg,1,0.6148020625114441,opossum,0.9998606443405151,0.20000836680053546
58946229-23d2-11e8-a6a3-ec086b02610b.jpg,data/cropped/opossum/58946229-23d2-11e8-a6a3-ec086b02610b_crop2.jpg,2,0.41644489765167236,opossum,0.9997077584266663,0.2
5894625f-23d2-11e8-a6a3-ec086b02610b.jpg,data/cropped/opossum/5894625f-23d2-11e8-a6a3-ec086b02610b_crop0.jpg,0,0.7706990838050842,opossum,0.9980428218841553,0.20004889178617993
58946269-23d2-11e8-a6a3-ec086b02610b.jpg,data/cropped/bobcat/58946269-23d2-11e8-a6a3-ec086b02610b_crop0.jpg,0,0.6821790337562561,bobcat,0.7880793213844299,0.20001847745750184
58946269-23d2-11e8-a6a3-ec086b02610b.jpg,data/cropped/bobcat/58946269-23d2-11e8-a6a3-ec086b02610b_crop1.jpg,1,0.30107852816581726,bobcat,0.8662976622581482,0.20000985512959496
589462d4-23d2-11e8-a6a3-ec086b02610b.jpg,data/cropped/raccoon/589462d4-23d2-11e8-a6a3-ec086b02610b_crop0.jpg,0,0.884003758430481,raccoon,0.9895291924476624,0.20000926504991545
5896072c-23d2-11e8-a6a3-ec086b02610b.jpg,data/cropped/raccoon/5896072c-23d2-11e8-a6a3-ec086b02610b_crop0.jpg,0,0.8725654482841492,raccoon,0.9828118681907654,0.2
58960776-23d2-11e8-a6a3-ec086b02610b.jpg,data/cropped/opossum/58960776-23d2-11e8-a6a3-ec086b02610b_crop0.jpg,0,0.8050315380096436,opossum,0.999086856842041,0.20000860992724612
589607ed-23d2-11e8-a6a3-ec086b02610b.jpg,data/cropped/coyote/589607ed-23d2-11e8-a6a3-ec086b02610b_crop0.jpg,0,0.9643502235412598,coyote,0.999987006187439,0.20000549239303564
58960872-23d2-11e8-a6a3-ec086b02610b.jpg,data/cropped/coyote/58960872-23d2-11e8-a6a3-ec086b02610b_crop0.jpg,0,0.9695872664451599,coyote,0.9999830722808838,0.2
58960880-23d2-11e8-a6a3-ec086b02610b.jpg,data/cropped/opossum/58960880-23d2-11e8-a6a3-ec086b02610b_crop0.jpg,0,0.8550520539283752,opossum,0.9999924898147583,0.20001009642081882
58960880-23d2-11e8-a6a3-ec086b02610b.jpg,data/cropped/opossum/58960880-23d2-11e8-a6a3-ec086b02610b_crop1.jpg,1,0.5823959112167358,opossum,0.6940844655036926,0.2
58960881-23d2-11e8-a6a3-ec086b02610b.jpg,data/cropped/raccoon/58960881-23d2-11e8-a6a3-ec086b02610b_crop0.jpg,0,0.8732344508171082,raccoon,0.9963410496711731,0.20001460493646853
589608a1-23d2-11e8-a6a3-ec086b02610b.jpg,data/cropped/raccoon/589608a1-23d2-11e8-a6a3-ec086b02610b_crop0.jpg,0,0.818358302116394,raccoon,0.9688904285430908,0.20000329752767862
589608fb-23d2-11e8-a6a3-ec086b02610b.jpg,data/cropped/bobcat/589608fb-23d2-11e8-a6a3-ec086b02610b_crop0.jpg,0,0.9162575602531433,bobcat,0.8815823793411255,0.20000307484164564
589609d8-23d2-11e8-a6a3-ec086b02610b.jpg,data/cropped/raccoon/589609d8-23d2-11e8-a6a3-ec086b02610b_crop0.jpg,0,0.8879880309104919,raccoon,0.9259852766990662,0.20000275580786508
589609ea-23d2-11e8-a6a3-ec086b02610b.jpg,data/cropped/raccoon/589609ea-23d2-11e8-a6a3-ec086b02610b_crop0.jpg,0,0.8915391564369202,raccoon,0.9927385449409485,0.2
589609ea-23d2-11e8-a6a3-ec086b02610b.jpg,data/cropped/raccoon/589609ea-23d2-11e8-a6a3-ec086b02610b_crop1.jpg,1,0.2541961073875427,raccoon,0.9381968975067139,0.20009053870529653
589609eb-23d2-11e8-a6a3-ec086b02610b.jpg,data/cropped/bobcat/589609eb-23d2-11e8-a6a3-ec086b02610b_crop0.jpg,0,0.9477652907371521,bobcat,0.9992474317550659,0.2
58960a85-23d2-11e8-a6a3-ec086b02610b.jpg,data/cropped/opossum/58960a85-23d2-11e8-a6a3-ec086b02610b_crop0.jpg,0,0.8447860479354858,opossum,0.9999959468841553,0.2
58960aeb-23d2-11e8-a6a3-ec086b02610b.jpg,data/cropped/coyote/58960aeb-23d2-11e8-a6a3-ec086b02610b_crop0.jpg,0,0.9605679512023926,coyote,0.999969482421875,0.2
58960afa-23d2-11e8-a6a3-ec086b02610b.jpg,data/cropped/coyote/58960afa-23d2-11e8-a6a3-ec086b02610b_crop0.jpg,0,0.3948112428188324,bobcat,0.3760448098182678,0.2
5897b048-23d2-11e8-a6a3-ec086b02610b.jpg,data/cropped/bobcat/5897b048-23d2-11e8-a6a3-ec086b02610b_crop0.jpg,0,0.9480065107345581,bobcat,0.9998672008514404,0.20000282949465226
5897b05d-23d2-11e8-a6a3-ec086b02610b.jpg,data/cropped/coyote/5897b05d-23d2-11e8-a6a3-ec086b02610b_crop0.jpg,0,0.9508684277534485,coyote,0.9994773268699646,0.2000017167774942
5897b0a8-23d2-11e8-a6a3-ec086b02610b.jpg,data/cropped/opossum/5897b0a8-23d2-11e8-a6a3-ec086b02610b_crop0.jpg,0,0.803443431854248,opossum,0.34208303689956665,0.2
5897b0a8-23d2-11e8-a6a3-ec086b02610b.jpg,data/cropped/opossum/5897b0a8-23d2-11e8-a6a3-ec086b02610b_crop1.jpg,1,0.3074098229408264,opossum,0.787632167339325,0.20002678631219448
5897b0cf-23d2-11e8-a6a3-ec086b02610b.jpg,data/cropped/deer/5897b0cf-23d2-11e8-a6a3-ec086b02610b_crop0.jpg,0,0.8496524095535278,deer,0.9518596529960632,0.2
5897b0cf-23d2-11e8-a6a3-ec086b02610b.jpg,data/cropped/deer/5897b0cf-23d2-11e8-a6a3-ec086b02610b_crop1.jpg,1,0.3283935487270355,deer,0.8700882792472839,0.2
5897b109-23d2-11e8-a6a3-ec086b02610b.jpg,data/cropped/coyote/5897b109-23d2-11e8-a6a3-ec086b02610b_crop0.jpg,0,0.4186045229434967,raccoon,0.5189626812934875,0.20006050979502307
5897b109-23d2-11e8-a6a3-ec086b02610b.jpg,data/cropped/coyote/5897b109-23d2-11e8-a6a3-ec086b02610b_crop1.jpg,1,0.2589292824268341,coyote,0.8772857189178467,0.20010019322980033
5897b148-23d2-11e8-a6a3-ec086b02610b.jpg,data/cropped/mountain_lion/5897b148-23d2-11e8-a6a3-ec086b02610b_crop0.jpg,0,0.9256714582443237,mountain_lion,0.9995641112327576,0.2
5897b19e-23d2-11e8-a6a3-ec086b02610b.jpg,data/cropped/coyote/5897b19e-23d2-11e8-a6a3-ec086b02610b_crop0.jpg,0,0.9009169340133667,coyote,0.9999834299087524,0.2
5897b1ba-23d2-11e8-a6a3-ec086b02610b.jpg,data/cropped/opossum/5897b1ba-23d2-11e8-a6a3-ec086b02610b_crop0.jpg,0,0.8078774213790894,opossum,0.9993653893470764,0.20000507305194806
5897b1eb-23d2-11e8-a6a3-ec086b02610b.jpg,data/cropped/coyote/5897b1eb-23d2-11e8-a6a3-ec086b02610b_crop0.jpg,0,0.833013653755188,coyote,0.9995867609977722,0.2
5897b209-23d2-11e8-a6a3-ec086b02610b.jpg,data/cropped/raccoon/5897b209-23d2-11e8-a6a3-ec086b02610b_crop0.jpg,0,0.85303795337677,raccoon,0.9987071752548218,0.2
5897b21b-23d2-11e8-a6a3-ec086b02610b.jpg,data/cropped/bobcat/5897b21b-23d2-11e8-a6a3-ec086b02610b_crop0.jpg,0,0.8308730125427246,bobcat,0.9758862853050232,0.2
5897b225-23d2-11e8-a6a3-ec086b02610b.jpg,data/cropped/bobcat/5897b225-23d2-11e8-a6a3-ec086b02610b_crop0.jpg,0,0.5971655249595642,bobcat,0.9996153116226196,0.2000099383820314
5897b225-23d2-11e8-a6a3-ec086b02610b.jpg,data/cropped/bobcat/5897b225-23d2-11e8-a6a3-ec086b02610b_crop1.jpg,1,0.24755853414535522,bobcat,0.998955488204956,0.20023103581055063
5897b24f-23d2-11e8-a6a3-ec086b02610b.jpg,data/cropped/raccoon/5897b24f-23d2-11e8-a6a3-ec086b02610b_crop0.jpg,0,0.8006927371025085,raccoon,0.8317078351974487,0.2
5897b24f-23d2-11e8-a6a3-ec086b02610b.jpg,data/cropped/raccoon/5897b24f-23d2-11e8-a6a3-ec086b02610b_crop1.jpg,1,0.771181046962738,raccoon,0.974430501461029,0.2
5897b24f-23d2-11e8-a6a3-ec086b02610b.jpg,data/cropped/raccoon/5897b24f-23d2-11e8-a6a3-ec086b02610b_crop2.jpg,2,0.2435011863708496,raccoon,0.9382497668266296,0.2000311575011684
5897b27a-23d2-11e8-a6a3-ec086b02610b.jpg,data/cropped/bobcat/5897b27a-23d2-11e8-a6a3-ec086b02610b_crop0.jpg,0,0.7577928304672241,coyote,0.9111987948417664,0.20000058901660733
5897b27a-23d2-11e8-a6a3-ec086b02610b.jpg,data/cropped/bobcat/5897b27a-23d2-11e8-a6a3-ec086b02610b_crop1.jpg,1,0.5706837177276611,coyote,0.9446039199829102,0.20000125855225587
5897b27a-23d2-11e8-a6a3-ec086b02610b.jpg,data/cropped/bobcat/5897b27a-23d2-11e8-a6a3-ec086b02610b_crop2.jpg,2,0.40209561586380005,coyote,0.8476766347885132,0.20000073405539917
5897b338-23d2-11e8-a6a3-ec086b02610b.jpg,data/cropped/opossum/5897b338-23d2-11e8-a6a3-ec086b02610b_crop0.jpg,0,0.8525391817092896,opossum,0.9999370574951172,0.2000070067264574
58995831-23d2-11e8-a6a3-ec086b02610b.jpg,data/cropped/opossum/58995831-23d2-11e8-a6a3-ec086b02610b_crop0.jpg,0,0.5471398830413818,opossum,0.998420000076294,0.2
58995831-23d2-11e8-a6a3-ec086b02610b.jpg,data/cropped/opossum/58995831-23d2-11e8-a6a3-ec086b02610b_crop1.jpg,1,0.4286125600337982,opossum,0.9614569544792175,0.2000239120038259
58995859-23d2-11e8-a6a3-ec086b02610b.jpg,data/cropped/opossum/58995859-23d2-11e8-a6a3-ec086b02610b_crop0.jpg,0,0.823351263999939,opossum,0.9981414079666138,0.2
5899585b-23d2-11e8-a6a3-ec086b02610b.jpg,data/cropped/opossum/5899585b-23d2-11e8-a6a3-ec086b02610b_crop0.jpg,0,0.4059065282344818,bobcat,0.397107869386673,0.20004736250074004
5899585b-23d2-11e8-a6a3-ec086b02610b.jpg,data/cropped/opossum/5899585b-23d2-11e8-a6a3-ec086b02610b_crop1.jpg,1,0.2557084858417511,opossum,0.5175243616104126,0.2
5899585b-23d2-11e8-a6a3-ec086b02610b.jpg,data/cropped/opossum/5899585b-23d2-11e8-a6a3-ec086b02610b_crop2.jpg,2,0.21095246076583862,raccoon,0.7733627557754517,0.20001637465203864
5899589b-23d2-11e8-a6a3-ec086b02610b.jpg,data/cropped/raccoon/5899589b-23d2-11e8-a6a3-ec086b02610b_crop0.jpg,0,0.6113147735595703,raccoon,0.9068268537521362,0.20004331113637594
5899589b-23d2-11e8-a6a3-ec086b02610b.jpg,data/cropped/raccoon/5899589b-23d2-11e8-a6a3-ec086b02610b_crop1.jpg,1,0.6097842454910278,raccoon,0.9522876739501953,0.2
5899589b-23d2-11e8-a6a3-ec086b02610b.jpg,data/cropped/raccoon/5899589b-23d2-11e8-a6a3-ec086b02610b_crop2.jpg,2,0.25596195459365845,raccoon,0.5389742851257324,0.2
5899590a-23d2-11e8-a6a3-ec086b02610b.jpg,data/cropped/raccoon/5899590a-23d2-11e8-a6a3-ec086b02610b_crop0.jpg,0,0.7172908186912537,opossum,0.8386720418930054,0.20000135879719272
58995918-23d2-11e8-a6a3-ec086b02610b.jpg,data/cropped/coyote/58995918-23d2-11e8-a6a3-ec086b02610b_crop0.jpg,0,0.8858137130737305,coyote,0.8523793816566467,0.20000330611300293
5899592d-23d2-11e8-a6a3-ec086b02610b.jpg,data/cropped/raccoon/5899592d-23d2-11e8-a6a3-ec086b02610b_crop0.jpg,0,0.8759174346923828,raccoon,0.8887775540351868,0.2000036216137911
589959a6-23d2-11e8-a6a3-ec086b02610b.jpg,data/cropped/coyote/589959a6-23d2-11e8-a6a3-ec086b02610b_crop0.jpg,0,0.9413080811500549,coyote,0.9999332427978516,0.2000204206657137
589959af-23d2-11e8-a6a3-ec086b02610b.jpg,data/cropped/opossum/589959af-23d2-11e8-a6a3-ec086b02610b_crop0.jpg,0,0.5073532462120056,opossum,0.9986711740493774,0.20001488205967705
589959af-23d2-11e8-a6a3-ec086b02610b.jpg,data/cropped/opossum/589959af-23d2-11e8-a6a3-ec086b02610b_crop1.jpg,1,0.5005371570587158,opossum,0.8603367805480957,0.20004460303300625
589959af-23d2-11e8-a6a3-ec086b02610b.jpg,data/cropped/opossum/589959af-23d2-11e8-a6a3-ec086b02610b_crop2.jpg,2,0.2509564459323883,raccoon,0.5018908381462097,0.20001442065037134
589959ce-23d2-11e8-a6a3-ec086b02610b.jpg,data/cropped/raccoon/589959ce-23d2-11e8-a6a3-ec086b02610b_crop0.jpg,0,0.29267171025276184,bobcat,0.8952288031578064,0.2
589959f2-23d2-11e8-a6a3-ec086b02610b.jpg,data/cropped/bobcat/589959f2-23d2-11e8-a6a3-ec086b02610b_crop0.jpg,0,0.9589030742645264,bobcat,0.9991707801818848,0.20000290828716427
58995a5d-23d2-11e8-a6a3-ec086b02610b.jpg,data/cropped/coyote/58995a5d-23d2-11e8-a6a3-ec086b02610b_crop0.jpg,0,0.9207988977432251,coyote,0.996285080909729,0.2
58995ab0-23d2-11e8-a6a3-ec086b02610b.jpg,data/cropped/coyote/58995ab0-23d2-11e8-a6a3-ec086b02610b_crop0.jpg,0,0.47438719868659973,raccoon,0.2794216573238373,0.20026315789473684
58995ac7-23d2-11e8-a6a3-ec086b02610b.jpg,data/cropped/coyote/58995ac7-23d2-11e8-a6a3-ec086b02610b_crop0.jpg,0,0.901780366897583,coyote,0.9999344348907471,0.20002000533475595
58995b28-23d2-11e8-a6a3-ec086b02610b.jpg,data/cropped/bobcat/58995b28-23d2-11e8-a6a3-ec086b02610b_crop0.jpg,0,0.8908460140228271,bobcat,0.9999980926513672,0.20000566027056094
58995b55-23d2-11e8-a6a3-ec086b02610b.jpg,data/cropped/opossum/58995b55-23d2-11e8-a6a3-ec086b02610b_crop0.jpg,0,0.8612396717071533,opossum,0.9999637603759766,0.2
589b0105-23d2-11e8-a6a3-ec086b02610b.jpg,data/cropped/coyote/589b0105-23d2-11e8-a6a3-ec086b02610b_crop0.jpg,0,0.9091016054153442,coyote,0.9997174143791199,0.2000081519523926
589b0110-23d2-11e8-a6a3-ec086b02610b.jpg,data/cropped/raccoon/589b0110-23d2-11e8-a6a3-ec086b02610b_crop0.jpg,0,0.8399068117141724,raccoon,0.758811891078949,0.2000263582748509
589b0110-23d2-11e8-a6a3-ec086b02610b.jpg,data/cropped/raccoon/589b0110-23d2-11e8-a6a3-ec086b02610b_crop1.jpg,1,0.8050770163536072,raccoon,0.9372738003730774,0.20000420530288693
589b01e6-23d2-11e8-a6a3-ec086b02610b.jpg,data/cropped/mountain_lion/589b01e6-23d2-11e8-a6a3-ec086b02610b_crop0.jpg,0,0.9688426852226257,mountain_lion,0.9998703002929688,0.2000582944139039
589b0259-23d2-11e8-a6a3-ec086b02610b.jpg,data/cropped/opossum/589b0259-23d2-11e8-a6a3-ec086b02610b_crop0.jpg,0,0.871494710445404,opossum,0.9999991655349731,0.20000208541875208
589b0305-23d2-11e8-a6a3-ec086b02610b.jpg,data/cropped/raccoon/589b0305-23d2-11e8-a6a3-ec086b02610b_crop0.jpg,0,0.9147601127624512,raccoon,0.9836993217468262,0.20000578469370048
589b0337-23d2-11e8-a6a3-ec086b02610b.jpg,data/cropped/bobcat/589b0337-23d2-11e8-a6a3-ec086b02610b_crop0.jpg,0,0.797990083694458,bobcat,0.9803110361099243,0.20000727563752774
589b0337-23d2-11e8-a6a3-ec086b02610b.jpg,data/cropped/bobcat/589b0337-23d2-11e8-a6a3-ec086b02610b_crop1.jpg,1,0.7101393938064575,raccoon,0.7969455122947693,0.20001541247639965
589b0337-23d2-11e8-a6a3-ec086b02610b.jpg,data/cropped/bobcat/589b0337-23d2-11e8-a6a3-ec086b02610b_crop2.jpg,2,0.4033871293067932,bobcat,0.984480619430542,0.2
589b0395-23d2-11e8-a6a3-ec086b02610b.jpg,data/cropped/coyote/589b0395-23d2-11e8-a6a3-ec086b02610b_crop0.jpg,0,0.9105134010314941,bobcat,0.6649443507194519,0.20000523779593546
589b04a6-23d2-11e8-a6a3-ec086b02610b.jpg,data/cropped/bobcat/589b04a6-23d2-11e8-a6a3-ec086b02610b_crop0.jpg,0,0.8544650673866272,bobcat,0.9995071887969971,0.2000196097656633
589b04a6-23d2-11e8-a6a3-ec086b02610b.jpg,data/cropped/bobcat/589b04a6-23d2-11e8-a6a3-ec086b02610b_crop1.jpg,1,0.810451865196228,bobcat,0.9999576807022095,0.2
589b04a6-23d2-11e8-a6a3-ec086b02610b.jpg,data/cropped/bobcat/589b04a6-23d2-11e8-a6a3-ec086b02610b_crop2.jpg,2,0.6645787954330444,bobcat,0.9998070597648621,0.20001690045631232
589b04c4-23d2-11e8-a6a3-ec086b02610b.jpg,data/cropped/coyote/589b04c4-23d2-11e8-a6a3-ec086b02610b_crop0.jpg,0,0.8572869896888733,coyote,0.9813873767852783,0.20000372273099545
589b04c4-23d2-11e8-a6a3-ec086b02610b.jpg,data/cropped/coyote/589b04c4-23d2-11e8-a6a3-ec086b02610b_crop1.jpg,1,0.40539953112602234,coyote,0.9869949221611023,0.20000573534261504
589b04c4-23d2-11e8-a6a3-ec086b02610b.jpg,data/cropped/coyote/589b04c4-23d2-11e8-a6a3-ec086b02610b_crop2.jpg,2,0.21565166115760803,coyote,0.9174380898475647,0.2
589cb251-23d2-11e8-a6a3-ec086b02610b.jpg,data/cropped/opossum/589cb251-23d2-11e8-a6a3-ec086b02610b_crop0.jpg,0,0.776030421257019,opossum,0.7641642093658447,0.2
589cb251-23d2-11e8-a6a3-ec086b02610b.jpg,data/cropped/opossum/589cb251-23d2-11e8-a6a3-ec086b02610b_crop1.jpg,1,0.2782328426837921,opossum,0.9998579025268555,0.20004162114354093
589cb258-23d2-11e8-a6a3-ec086b02610b.jpg,data/cropped/coyote/589cb258-23d2-11e8-a6a3-ec086b02610b_crop0.jpg,0,0.9135957360267639,coyote,0.9991888403892517,0.20000106833897327
589cb2a2-23d2-11e8-a6a3-ec086b02610b.jpg,data/cropped/coyote/589cb2a2-23d2-11e8-a6a3-ec086b02610b_crop0.jpg,0,0.965248703956604,coyote,0.9999663829803467,0.20000128688535138
589cb339-23d2-11e8-a6a3-ec086b02610b.jpg,data/cropped/opossum/589cb339-23d2-11e8-a6a3-ec086b02610b_crop0.jpg,0,0.44306275248527527,opossum,0.8175307512283325,0.2
589cb365-23d2-11e8-a6a3-ec086b02610b.jpg,data/cropped/coyote/589cb365-23d2-11e8-a6a3-ec086b02610b_crop0.jpg,0,0.9274757504463196,coyote,0.9998714923858643,0.20000944833532142
589cb390-23d2-11e8-a6a3-ec086b02610b.jpg,data/cropped/coyote/589cb390-23d2-11e8-a6a3-ec086b02610b_crop0.jpg,0,0.948790967464447,coyote,0.9428420662879944,0.20000440683941478
589cb390-23d2-11e8-a6a3-ec086b02610b.jpg,data/cropped/coyote/589cb390-23d2-11e8-a6a3-ec086b02610b_crop1.jpg,1,0.9133619070053101,coyote,0.9759859442710876,0.20001431229426078
589cb3df-23d2-11e8-a6a3-ec086b02610b.jpg,data/cropped/bobcat/589cb3df-23d2-11e8-a6a3-ec086b02610b_crop0.jpg,0,0.6555901765823364,bobcat,0.9941018223762512,0.20002141939168927
589cb3df-23d2-11e8-a6a3-ec086b02610b.jpg,data/cropped/bobcat/589cb3df-23d2-11e8-a6a3-ec086b02610b_crop1.jpg,1,0.5571750402450562,bobcat,0.8824004530906677,0.20001846892603195
589cb443-23d2-11e8-a6a3-ec086b02610b.jpg,data/cropped/opossum/589cb443-23d2-11e8-a6a3-ec086b02610b_crop0.jpg,0,0.6763007640838623,opossum,0.9999746084213257,0.2000088499491128
589cb44a-23d2-11e8-a6a3-ec086b02610b.jpg,data/cropped/opossum/589cb44a-23d2-11e8-a6a3-ec086b02610b_crop0.jpg,0,0.7660845518112183,opossum,0.9999978542327881,0.20001097453906935
589cb4c2-23d2-11e8-a6a3-ec086b02610b.jpg,data/cropped/coyote/589cb4c2-23d2-11e8-a6a3-ec086b02610b_crop0.jpg,0,0.9408804774284363,coyote,0.999933123588562,0.20000576634759543
589cb4db-23d2-11e8-a6a3-ec086b02610b.jpg,data/cropped/raccoon/589cb4db-23d2-11e8-a6a3-ec086b02610b_crop0.jpg,0,0.7471661567687988,raccoon,0.9419401288032532,0.20003350644999163
589cb4db-23d2-11e8-a6a3-ec086b02610b.jpg,data/cropped/raccoon/589cb4db-23d2-11e8-a6a3-ec086b02610b_crop1.jpg,1,0.5627140402793884,raccoon,0.9303041100502014,0.20009469696969698
589cb4e7-23d2-11e8-a6a3-ec086b02610b.jpg,data/cropped/coyote/589cb4e7-23d2-11e8-a6a3-ec086b02610b_crop0.jpg,0,0.9535049796104431,raccoon,0.42393431067466736,0.20000178724621104
589cb521-23d2-11e8-a6a3-ec086b02610b.jpg,data/cropped/bobcat/589cb521-23d2-11e8-a6a3-ec086b02610b_crop0.jpg,0,0.9646193981170654,bobcat,0.9990121126174927,0.20000546687076318
589cb552-23d2-11e8-a6a3-ec086b02610b.jpg,data/cropped/deer/589cb552-23d2-11e8-a6a3-ec086b02610b_crop0.jpg,0,0.35247644782066345,deer,0.999923825263977,0.20000066279154544
589e6632-23d2-11e8-a6a3-ec086b02610b.jpg,data/cropped/bobcat/589e6632-23d2-11e8-a6a3-ec086b02610b_crop0.jpg,0,0.3321303427219391,bobcat,0.9894745349884033,0.2
589e6632-23d2-11e8-a6a3-ec086b02610b.jpg,data/cropped/bobcat/589e6632-23d2-11e8-a6a3-ec086b02610b_crop1.jpg,1,0.3239087760448456,bobcat,0.9999511241912842,0.20001510117789187
589e6632-23d2-11e8-a6a3-ec086b02610b.jpg,data/cropped/bobcat/589e6632-23d2-11e8-a6a3-ec086b02610b_crop2.jpg,2,0.27873679995536804,bobcat,0.8931143879890442,0.2000027993953306
589e6632-23d2-11e8-a6a3-ec086b02610b.jpg,data/cropped/bobcat/589e6632-23d2-11e8-a6a3-ec086b02610b_crop3.jpg,3,0.21247676014900208,bobcat,0.9155902862548828,0.20000996810207336
589e6632-23d2-11e8-a6a3-ec086b02610b.jpg,data/cropped/bobcat/589e6632-23d2-11e8-a6a3-ec086b02610b_crop4.jpg,4,0.20261606574058533,bobcat,0.8576369881629944,0.20005096839959224
589e664d-23d2-11e8-a6a3-ec086b02610b.jpg,data/cropped/coyote/589e664d-23d2-11e8-a6a3-ec086b02610b_crop0.jpg,0,0.8969885110855103,coyote,0.9955260157585144,0.20000780112336175
589e664d-23d2-11e8-a6a3-ec086b02610b.jpg,data/cropped/coyote/589e664d-23d2-11e8-a6a3-ec086b02610b_crop1.jpg,1,0.21827402710914612,coyote,0.8378989100456238,0.20000200112062755
589e66a6-23d2-11e8-a6a3-ec086b02610b.jpg,data/cropped/coyote/589e66a6-23d2-11e8-a6a3-ec086b02610b_crop0.jpg,0,0.9651983380317688,coyote,0.9997687935829163,0.20000200108058352
589e6720-23d2-11e8-a6a3-ec086b02610b.jpg,data/cropped/opossum/589e6720-23d2-11e8-a6a3-ec086b02610b_crop0.jpg,0,0.6739367246627808,opossum,0.9763504862785339,0.2000047574870953
589e67d7-23d2-11e8-a6a3-ec086b02610b.jpg,data/cropped/bobcat/589e67d7-23d2-11e8-a6a3-ec086b02610b_crop0.jpg,0,0.6811930537223816,bobcat,0.9999643564224243,0.20001467459094577
589e67dc-23d2-11e8-a6a3-ec086b02610b.jpg,data/cropped/coyote/589e67dc-23d2-11e8-a6a3-ec086b02610b_crop0.jpg,0,0.9367436766624451,coyote,0.9978505373001099,0.2
589e680f-23d2-11e8-a6a3-ec086b02610b.jpg,data/cropped/opossum/589e680f-23d2-11e8-a6a3-ec086b02610b_crop0.jpg,0,0.7342076897621155,opossum,0.9994945526123047,0.2
589e681e-23d2-11e8-a6a3-ec086b02610b.jpg,data/cropped/bobcat/589e681e-23d2-11e8-a6a3-ec086b02610b_crop0.jpg,0,0.934601902961731,bobcat,0.9999983310699463,0.2
589e68d0-23d2-11e8-a6a3-ec086b02610b.jpg,data/cropped/opossum/589e68d0-23d2-11e8-a6a3-ec086b02610b_crop0.jpg,0,0.8260096311569214,opossum,0.9998155236244202,0.2000103320016531
589e69ae-23d2-11e8-a6a3-ec086b02610b.jpg,data/cropped/opossum/589e69ae-23d2-11e8-a6a3-ec086b02610b_crop0.jpg,0,0.6187006831169128,opossum,0.9999867677688599,0.2000051865202339
58a02025-23d2-11e8-a6a3-ec086b02610b.jpg,data/cropped/opossum/58a02025-23d2-11e8-a6a3-ec086b02610b_crop0.jpg,0,0.8884658217430115,opossum,0.9997962117195129,0.2000036623999707
58a0206d-23d2-11e8-a6a3-ec086b02610b.jpg,data/cropped/coyote/58a0206d-23d2-11e8-a6a3-ec086b02610b_crop0.jpg,0,0.9002213478088379,coyote,0.999502420425415,0.2
58a02083-23d2-11e8-a6a3-ec086b02610b.jpg,data/cropped/deer/58a02083-23d2-11e8-a6a3-ec086b02610b_crop0.jpg,0,0.23115012049674988,bobcat,0.8618125319480896,0.20000335942486647
58a02083-23d2-11e8-a6a3-ec086b02610b.jpg,data/cropped/deer/58a02083-23d2-11e8-a6a3-ec086b02610b_crop1.jpg,1,0.22202888131141663,deer,0.4319821298122406,0.20000841963458785
58a02083-23d2-11e8-a6a3-ec086b02610b.jpg,data/cropped/deer/58a02083-23d2-11e8-a6a3-ec086b02610b_crop2.jpg,2,0.20670390129089355,deer,0.4743606448173523,0.2000069098949696
58a020b6-23d2-11e8-a6a3-ec086b02610b.jpg,data/cropped/coyote/58a020b6-23d2-11e8-a6a3-ec086b02610b_crop0.jpg,0,0.9565395712852478,coyote,0.988526463508606,0.20000102886480203
58a0212d-23d2-11e8-a6a3-ec086b02610b.jpg,data/cropped/coyote/58a0212d-23d2-11e8-a6a3-ec086b02610b_crop0.jpg,0,0.9655043482780457,coyote,0.9998067021369934,0.2000009883343601
58a0212d-23d2-11e8-a6a3-ec086b02610b.jpg,data/cropped/coyote/58a0212d-23d2-11e8-a6a3-ec086b02610b_crop1.jpg,1,0.9459975957870483,coyote,0.9999576807022095,0.2
58a0218f-23d2-11e8-a6a3-ec086b02610b.jpg,data/cropped/raccoon/58a0218f-23d2-11e8-a6a3-ec086b02610b_crop0.jpg,0,0.84493088722229,raccoon,0.997305154800415,0.20001035518276897
58a02195-23d2-11e8-a6a3-ec086b02610b.jpg,data/cropped/mountain_lion/58a02195-23d2-11e8-a6a3-ec086b02610b_crop0.jpg,0,0.9037421941757202,mountain_lion,0.9994024038314819,0.2
58a021ca-23d2-11e8-a6a3-ec086b02610b.jpg,data/cropped/coyote/58a021ca-23d2-11e8-a6a3-ec086b02610b_crop0.jpg,0,0.9061465263366699,coyote,0.991275429725647,0.200001981002189
58a021ca-23d2-11e8-a6a3-ec086b02610b.jpg,data/cropped/coyote/58a021ca-23d2-11e8-a6a3-ec086b02610b_crop1.jpg,1,0.20109589397907257,opossum,0.5163561701774597,0.2
58a021dc-23d2-11e8-a6a3-ec086b02610b.jpg,data/cropped/raccoon/58a021dc-23d2-11e8-a6a3-ec086b02610b_crop0.jpg,0,0.24623297154903412,raccoon,0.7335739135742188,0.2
58a02267-23d2-11e8-a6a3-ec086b02610b.jpg,data/cropped/coyote/58a02267-23d2-11e8-a6a3-ec086b02610b_crop0.jpg,0,0.9646733999252319,coyote,0.9999896287918091,0.20000157318454503
58a02267-23d2-11e8-a6a3-ec086b02610b.jpg,data/cropped/coyote/58a02267-23d2-11e8-a6a3-ec086b02610b_crop1.jpg,1,0.91895592212677,coyote,0.9997847676277161,0.20000527092557452
58a022d6-23d2-11e8-a6a3-ec086b02610b.jpg,data/cropped/coyote/58a022d6-23d2-11e8-a6a3-ec086b02610b_crop0.jpg,0,0.970755934715271,coyote,0.999971866607666,0.20000279965657547
58a022d6-23d2-11e8-a6a3-ec086b02610b.jpg,data/cropped/coyote/58a022d6-23d2-11e8-a6a3-ec086b02610b_crop1.jpg,1,0.9255802631378174,coyote,0.9999523162841797,0.20000310322890968
58a0232a-23d2-11e8-a6a3-ec086b02610b.jpg,data/cropped/mountain_lion/58a0232a-23d2-11e8-a6a3-ec086b02610b_crop0.jpg,0,0.8752334713935852,bobcat,0.6804714202880859,0.20002419403617008
58a0232a-23d2-11e8-a6a3-ec086b02610b.jpg,data/cropped/mountain_lion/58a0232a-23d2-11e8-a6a3-ec086b02610b_crop1.jpg,1,0.743206799030304,mountain_lion,0.999976396560669,0.2000002109161777
58a0232a-23d2-11e8-a6a3-ec086b02610b.jpg,data/cropped/mountain_lion/58a0232a-23d2-11e8-a6a3-ec086b02610b_crop2.jpg,2,0.21314556896686554,mountain_lion,0.9999833106994629,0.20002253669255257
58a02333-23d2-11e8-a6a3-ec086b02610b.jpg,data/cropped/mountain_lion/58a02333-23d2-11e8-a6a3-ec086b02610b_crop0.jpg,0,0.6066349744796753,mountain_lion,0.6280573606491089,0.20000585411544317
58a02366-23d2-11e8-a6a3-ec086b02610b.jpg,data/cropped/mountain_lion/58a02366-23d2-11e8-a6a3-ec086b02610b_crop0.jpg,0,0.9156555533409119,mountain_lion,0.9999818801879883,0.20000052889904374
58a02370-23d2-11e8-a6a3-ec086b02610b.jpg,data/cropped/bobcat/58a02370-23d2-11e8-a6a3-ec086b02610b_crop0.jpg,0,0.8515924215316772,bobcat,0.9997442364692688,0.20003300874731805
58a02370-23d2-11e8-a6a3-ec086b02610b.jpg,data/cropped/bobcat/58a02370-23d2-11e8-a6a3-ec086b02610b_crop1.jpg,1,0.30742719769477844,bobcat,0.9997153878211975,0.20007629219912265
58a1c8f0-23d2-11e8-a6a3-ec086b02610b.jpg,data/cropped/opossum/58a1c8f0-23d2-11e8-a6a3-ec086b02610b_crop0.jpg,0,0.8379776477813721,opossum,0.9993472695350647,0.2
58a1c91c-23d2-11e8-a6a3-ec086b02610b.jpg,data/cropped/opossum/58a1c91c-23d2-11e8-a6a3-ec086b02610b_crop0.jpg,0,0.8530659675598145,opossum,0.999669075012207,0.20039130107607797
58a1c91e-23d2-11e8-a6a3-ec086b02610b.jpg,data/cropped/deer/58a1c91e-23d2-11e8-a6a3-ec086b02610b_crop0.jpg,0,0.8525865077972412,deer,0.9974053502082825,0.2000006301912
58a1c91e-23d2-11e8-a6a3-ec086b02610b.jpg,data/cropped/deer/58a1c91e-23d2-11e8-a6a3-ec086b02610b_crop1.jpg,1,0.7459262013435364,deer,0.9767946600914001,0.2
58a1c9bc-23d2-11e8-a6a3-ec086b02610b.jpg,data/cropped/mountain_lion/58a1c9bc-23d2-11e8-a6a3-ec086b02610b_crop0.jpg,0,0.8983248472213745,deer,0.801207423210144,0.20000527962197906
58a1c9bc-23d2-11e8-a6a3-ec086b02610b.jpg,data/cropped/mountain_lion/58a1c9bc-23d2-11e8-a6a3-ec086b02610b_crop1.jpg,1,0.6848312020301819,raccoon,0.9298474788665771,0.2
58a1c9cd-23d2-11e8-a6a3-ec086b02610b.jpg,data/cropped/opossum/58a1c9cd-23d2-11e8-a6a3-ec086b02610b_crop0.jpg,0,0.8315672874450684,opossum,0.9997861981391907,0.20000302782571835
58a1c9e4-23d2-11e8-a6a3-ec086b02610b.jpg,data/cropped/coyote/58a1c9e4-23d2-11e8-a6a3-ec086b02610b_crop0.jpg,0,0.9343885779380798,coyote,0.9999786615371704,0.2000051767872858
58a1ca30-23d2-11e8-a6a3-ec086b02610b.jpg,data/cropped/coyote/58a1ca30-23d2-11e8-a6a3-ec086b02610b_crop0.jpg,0,0.719046413898468,coyote,0.9863226413726807,0.20000183985869885
58a1ca38-23d2-11e8-a6a3-ec086b02610b.jpg,data/cropped/coyote/58a1ca38-23d2-11e8-a6a3-ec086b02610b_crop0.jpg,0,0.9497796893119812,coyote,0.9965632557868958,0.200000669088768
58a1ca65-23d2-11e8-a6a3-ec086b02610b.jpg,data/cropped/coyote/58a1ca65-23d2-11e8-a6a3-ec086b02610b_crop0.jpg,0,0.9651358127593994,coyote,0.9999722242355347,0.20000255741394302
58a1ca93-23d2-11e8-a6a3-ec086b02610b.jpg,data/cropped/opossum/58a1ca93-23d2-11e8-a6a3-ec086b02610b_crop0.jpg,0,0.7115291357040405,opossum,0.9997748732566833,0.200015746171712
58a1cabb-23d2-11e8-a6a3-ec086b02610b.jpg,data/cropped/mountain_lion/58a1cabb-23d2-11e8-a6a3-ec086b02610b_crop0.jpg,0,0.7262675166130066,mountain_lion,0.9999979734420776,0.2
58a1cabb-23d2-11e8-a6a3-ec086b02610b.jpg,data/cropped/mountain_lion/58a1cabb-23d2-11e8-a6a3-ec086b02610b_crop1.jpg,1,0.6575347781181335,mountain_lion,0.9999970197677612,0.20000107083578733
58a1cac0-23d2-11e8-a6a3-ec086b02610b.jpg,data/cropped/raccoon/58a1cac0-23d2-11e8-a6a3-ec086b02610b_crop0.jpg,0,0.8950517177581787,raccoon,0.9977408647537231,0.20000210561778825
58a1cae0-23d2-11e8-a6a3-ec086b02610b.jpg,data/cropped/raccoon/58a1cae0-23d2-11e8-a6a3-ec086b02610b_crop0.jpg,0,0.7545232176780701,raccoon,0.994847297668457,0.20000670001786672
58a1cae0-23d2-11e8-a6a3-ec086b02610b.jpg,data/cropped/raccoon/58a1cae0-23d2-11e8-a6a3-ec086b02610b_crop1.jpg,1,0.32033440470695496,raccoon,0.9768909811973572,0.20000735591599544
58a1cc11-23d2-11e8-a6a3-ec086b02610b.jpg,data/cropped/coyote/58a1cc11-23d2-11e8-a6a3-ec086b02610b_crop0.jpg,0,0.9077240824699402,coyote,0.9919862747192383,0.2
58a1cc11-23d2-11e8-a6a3-ec086b02610b.jpg,data/cropped/coyote/58a1cc11-23d2-11e8-a6a3-ec086b02610b_crop1.jpg,1,0.22678567469120026,coyote,0.9668043255805969,0.20005963029218843
58a1cc28-23d2-11e8-a6a3-ec086b02610b.jpg,data/cropped/opossum/58a1cc28-23d2-11e8-a6a3-ec086b02610b_crop0.jpg,0,0.8914140462875366,opossum,0.9999454021453857,0.20000579895038997
58a1cc3f-23d2-11e8-a6a3-ec086b02610b.jpg,data/cropped/deer/58a1cc3f-23d2-11e8-a6a3-ec086b02610b_crop0.jpg,0,0.8426634669303894,deer,0.8641723990440369,0.2
58a1cc3f-23d2-11e8-a6a3-ec086b02610b.jpg,data/cropped/deer/58a1cc3f-23d2-11e8-a6a3-ec086b02610b_crop1.jpg,1,0.2073332667350769,deer,0.4485955834388733,0.2
58a379b1-23d2-11e8-a6a3-ec086b02610b.jpg,data/cropped/raccoon/58a379b1-23d2-11e8-a6a3-ec086b02610b_crop0.jpg,0,0.8776131868362427,raccoon,0.9972991347312927,0.20000287536031858
58a379e7-23d2-11e8-a6a3-ec086b02610b.jpg,data/cropped/deer/58a379e7-23d2-11e8-a6a3-ec086b02610b_crop0.jpg,0,0.9586949944496155,deer,0.9999649524688721,0.20000136577970656
58a37a59-23d2-11e8-a6a3-ec086b02610b.jpg,data/cropped/bobcat/58a37a59-23d2-11e8-a6a3-ec086b02610b_crop0.jpg,0,0.6165474057197571,bobcat,0.9970563650131226,0.2
58a37a59-23d2-11e8-a6a3-ec086b02610b.jpg,data/cropped/bobcat/58a37a59-23d2-11e8-a6a3-ec086b02610b_crop1.jpg,1,0.5014139413833618,bobcat,0.979132354259491,0.2
58a37a78-23d2-11e8-a6a3-ec086b02610b.jpg,data/cropped/coyote/58a37a78-23d2-11e8-a6a3-ec086b02610b_crop0.jpg,0,0.8931812047958374,coyote,0.9998823404312134,0.2
58a37a7f-23d2-11e8-a6a3-ec086b02610b.jpg,data/cropped/coyote/58a37a7f-23d2-11e8-a6a3-ec086b02610b_crop0.jpg,0,0.9052686095237732,coyote,0.9998701810836792,0.20000261048894458
58a37a8c-23d2-11e8-a6a3-ec086b02610b.jpg,data/cropped/raccoon/58a37a8c-23d2-11e8-a6a3-ec086b02610b_crop0.jpg,0,0.9393069744110107,raccoon,0.9975321292877197,0.20000424592391305
58a37ac8-23d2-11e8-a6a3-ec086b02610b.jpg,data/cropped/coyote/58a37ac8-23d2-11e8-a6a3-ec086b02610b_crop0.jpg,0,0.8951571583747864,coyote,0.9838907122612,0.2
58a37ac8-23d2-11e8-a6a3-ec086b02610b.jpg,data/cropped/coyote/58a37ac8-23d2-11e8-a6a3-ec086b02610b_crop1.jpg,1,0.6244300603866577,coyote,0.9982688426971436,0.20000793839803127
58a37ae4-23d2-11e8-a6a3-ec086b02610b.jpg,data/cropped/opossum/58a37ae4-23d2-11e8-a6a3-ec086b02610b_crop0.jpg,0,0.40357157588005066,opossum,0.9026436805725098,0.2
58a37ae4-23d2-11e8-a6a3-ec086b02610b.jpg,data/cropped/opossum/58a37ae4-23d2-11e8-a6a3-ec086b02610b_crop1.jpg,1,0.2673951983451843,opossum,0.9831866025924683,0.20003975616220515
58a37ae4-23d2-11e8-a6a3-ec086b02610b.jpg,data/cropped/opossum/58a37ae4-23d2-11e8-a6a3-ec086b02610b_crop2.jpg,2,0.26125431060791016,opossum,0.8319406509399414,0.2000122970978849
58a37ae4-23d2-11e8-a6a3-ec086b02610b.jpg,data/cropped/opossum/58a37ae4-23d2-11e8-a6a3-ec086b02610b_crop3.jpg,3,0.21481771767139435,opossum,0.9980928301811218,0.2000296724898928
58a37b6a-23d2-11e8-a6a3-ec086b02610b.jpg,data/cropped/bobcat/58a37b6a-23d2-11e8-a6a3-ec086b02610b_crop0.jpg,0,0.897318959236145,bobcat,0.9985219836235046,0.2
58a37b7c-23d2-11e8-a6a3-ec086b02610b.jpg,data/cropped/coyote/58a37b7c-23d2-11e8-a6a3-ec086b02610b_crop0.jpg,0,0.9269329905509949,coyote,0.9999642372131348,0.2000104621661915
58a37ba3-23d2-11e8-a6a3-ec086b02610b.jpg,data/cropped/deer/58a37ba3-23d2-11e8-a6a3-ec086b02610b_crop0.jpg,0,0.5575830340385437,deer,0.999627947807312,0.2
58a37ba3-23d2-11e8-a6a3-ec086b02610b.jpg,data/cropped/deer/58a37ba3-23d2-11e8-a6a3-ec086b02610b_crop1.jpg,1,0.23625127971172333,deer,0.667499303817749,0.2
58a37ba3-23d2-11e8-a6a3-ec086b02610b.jpg,data/cropped/deer/58a37ba3-23d2-11e8-a6a3-ec086b02610b_crop2.jpg,2,0.20798228681087494,deer,0.9950738549232483,0.2
58a37bbe-23d2-11e8-a6a3-ec086b02610b.jpg,data/cropped/deer/58a37bbe-23d2-11e8-a6a3-ec086b02610b_crop0.jpg,0,0.8318583965301514,deer,0.994403064250946,0.2000002071907626
58a37bbe-23d2-11e8-a6a3-ec086b02610b.jpg,data/cropped/deer/58a37bbe-23d2-11e8-a6a3-ec086b02610b_crop1.jpg,1,0.6839430332183838,deer,0.9996727705001831,0.20000043223243733
58a37cc9-23d2-11e8-a6a3-ec086b02610b.jpg,data/cropped/coyote/58a37cc9-23d2-11e8-a6a3-ec086b02610b_crop0.jpg,0,0.9570527076721191,coyote,0.9999600648880005,0.20000718597298073
58a37cc9-23d2-11e8-a6a3-ec086b02610b.jpg,data/cropped/coyote/58a37cc9-23d2-11e8-a6a3-ec086b02610b_crop1.jpg,1,0.6180810928344727,coyote,0.9545679092407227,0.2
58a37ce5-23d2-11e8-a6a3-ec086b02610b.jpg,data/cropped/coyote/58a37ce5-23d2-11e8-a6a3-ec086b02610b_crop0.jpg,0,0.818550169467926,coyote,0.9887552261352539,0.2
58a37d77-23d2-11e8-a6a3-ec086b02610b.jpg,data/cropped/coyote/58a37d77-23d2-11e8-a6a3-ec086b02610b_crop0.jpg,0,0.9612064361572266,coyote,0.9998950958251953,0.20000094820883352
58a37d7d-23d2-11e8-a6a3-ec086b02610b.jpg,data/cropped/raccoon/58a37d7d-23d2-11e8-a6a3-ec086b02610b_crop0.jpg,0,0.5469421148300171,bobcat,0.48332467675209045,0.20000791953749902
58a37d7d-23d2-11e8-a6a3-ec086b02610b.jpg,data/cropped/raccoon/58a37d7d-23d2-11e8-a6a3-ec086b02610b_crop1.jpg,1,0.3088836371898651,raccoon,0.7090061902999878,0.20000953334286667
58a52d72-23d2-11e8-a6a3-ec086b02610b.jpg,data/cropped/deer/58a52d72-23d2-11e8-a6a3-ec086b02610b_crop0.jpg,0,0.8814312219619751,deer,0.9999150037765503,0.20000804375804376
58a52d87-23d2-11e8-a6a3-ec086b02610b.jpg,data/cropped/coyote/58a52d87-23d2-11e8-a6a3-ec086b02610b_crop0.jpg,0,0.9504976868629456,coyote,0.9998488426208496,0.2
58a52d87-23d2-11e8-a6a3-ec086b02610b.jpg,data/cropped/coyote/58a52d87-23d2-11e8-a6a3-ec086b02610b_crop1.jpg,1,0.826088547706604,coyote,0.7355263829231262,0.2
58a52da8-23d2-11e8-a6a3-ec086b02610b.jpg,data/cropped/coyote/58a52da8-23d2-11e8-a6a3-ec086b02610b_crop0.jpg,0,0.9669579863548279,coyote,0.99982750415802,0.2000337618491105
58a52da8-23d2-11e8-a6a3-ec086b02610b.jpg,data/cropped/coyote/58a52da8-23d2-11e8-a6a3-ec086b02610b_crop1.jpg,1,0.9195928573608398,coyote,0.754052460193634,0.20001071725209657
58a52dc9-23d2-11e8-a6a3-ec086b02610b.jpg,data/cropped/opossum/58a52dc9-23d2-11e8-a6a3-ec086b02610b_crop0.jpg,0,0.8415968418121338,opossum,0.9958481788635254,0.2
58a52ddf-23d2-11e8-a6a3-ec086b02610b.jpg,data/cropped/opossum/58a52ddf-23d2-11e8-a6a3-ec086b02610b_crop0.jpg,0,0.8068045377731323,opossum,0.9999542236328125,0.20001212837889057
58a52ddf-23d2-11e8-a6a3-ec086b02610b.jpg,data/cropped/opossum/58a52ddf-23d2-11e8-a6a3-ec086b02610b_crop1.jpg,1,0.4165671765804291,opossum,0.35994893312454224,0.20005683432793409
58a52e4c-23d2-11e8-a6a3-ec086b02610b.jpg,data/cropped/raccoon/58a52e4c-23d2-11e8-a6a3-ec086b02610b_crop0.jpg,0,0.9243451356887817,raccoon,0.9989492297172546,0.20000194864824708
58a52ea9-23d2-11e8-a6a3-ec086b02610b.jpg,data/cropped/coyote/58a52ea9-23d2-11e8-a6a3-ec086b02610b_crop0.jpg,0,0.9683738350868225,coyote,0.9999724626541138,0.20000435739340727
58a52ec7-23d2-11e8-a6a3-ec086b02610b.jpg,data/cropped/coyote/58a52ec7-23d2-11e8-a6a3-ec086b02610b_crop0.jpg,0,0.947902500629425,coyote,0.9999518394470215,0.2
58a52f19-23d2-11e8-a6a3-ec086b02610b.jpg,data/cropped/deer/58a52f19-23d2-11e8-a6a3-ec086b02610b_crop0.jpg,0,0.8683755993843079,deer,0.9764549136161804,0.20000086341867748
58a52f1d-23d2-11e8-a6a3-ec086b02610b.jpg,data/cropped/coyote/58a52f1d-23d2-11e8-a6a3-ec086b02610b_crop0.jpg,0,0.9480112195014954,coyote,0.9995260238647461,0.2000040470264473
58a52f1d-23d2-11e8-a6a3-ec086b02610b.jpg,data/cropped/coyote/58a52f1d-23d2-11e8-a6a3-ec086b02610b_crop1.jpg,1,0.43936213850975037,coyote,0.9950225353240967,0.20000448440547994
58a52f99-23d2-11e8-a6a3-ec086b02610b.jpg,data/cropped/opossum/58a52f99-23d2-11e8-a6a3-ec086b02610b_crop0.jpg,0,0.8095578551292419,opossum,0.9999247789382935,0.2000222587017612
58a5304f-23d2-11e8-a6a3-ec086b02610b.jpg,data/cropped/coyote/58a5304f-23d2-11e8-a6a3-ec086b02610b_crop0.jpg,0,0.9062793850898743,coyote,0.9994982481002808,0.2
58a53069-23d2-11e8-a6a3-ec086b02610b.jpg,data/cropped/raccoon/58a53069-23d2-11e8-a6a3-ec086b02610b_crop0.jpg,0,0.3336639106273651,opossum,0.36246007680892944,0.2000198170228226
58a53069-23d2-11e8-a6a3-ec086b02610b.jpg,data/cropped/raccoon/58a53069-23d2-11e8-a6a3-ec086b02610b_crop1.jpg,1,0.29887092113494873,raccoon,0.314994752407074,0.2000110047320348
58a5308d-23d2-11e8-a6a3-ec086b02610b.jpg,data/cropped/opossum/58a5308d-23d2-11e8-a6a3-ec086b02610b_crop0.jpg,0,0.8325874209403992,opossum,0.9646625518798828,0.20002768549280178
58a5308d-23d2-11e8-a6a3-ec086b02610b.jpg,data/cropped/opossum/58a5308d-23d2-11e8-a6a3-ec086b02610b_crop1.jpg,1,0.4896685481071472,opossum,0.9365123510360718,0.2000333209196574
58a5308e-23d2-11e8-a6a3-ec086b02610b.jpg,data/cropped/opossum/58a5308e-23d2-11e8-a6a3-ec086b02610b_crop0.jpg,0,0.7175659537315369,opossum,0.9986512064933777,0.2
58a530dd-23d2-11e8-a6a3-ec086b02610b.jpg,data/cropped/mountain_lion/58a530dd-23d2-11e8-a6a3-ec086b02610b_crop0.jpg,0,0.9396578073501587,mountain_lion,0.9999189376831055,0.20000072710351047
58a53107-23d2-11e8-a6a3-ec086b02610b.jpg,data/cropped/coyote/58a53107-23d2-11e8-a6a3-ec086b02610b_crop0.jpg,0,0.8761154413223267,coyote,0.9967656135559082,0.20002173558658914
58a53107-23d2-11e8-a6a3-ec086b02610b.jpg,data/cropped/coyote/58a53107-23d2-11e8-a6a3-ec086b02610b_crop1.jpg,1,0.7411933541297913,coyote,0.9999734163284302,0.20001645548790523
58a53107-23d2-11e8-a6a3-ec086b02610b.jpg,data/cropped/coyote/58a53107-23d2-11e8-a6a3-ec086b02610b_crop2.jpg,2,0.6138278841972351,coyote,0.9999741315841675,0.20000696767001114
58a53116-23d2-11e8-a6a3-ec086b02610b.jpg,data/cropped/coyote/58a53116-23d2-11e8-a6a3-ec086b02610b_crop0.jpg,0,0.9360507726669312,coyote,0.9999111890792847,0.20000131385326886
58a5312c-23d2-11e8-a6a3-ec086b02610b.jpg,data/cropped/deer/58a5312c-23d2-11e8-a6a3-ec086b02610b_crop0.jpg,0,0.960120439529419,deer,0.9998816251754761,0.20005933653474636
58a53140-23d2-11e8-a6a3-ec086b02610b.jpg,data/cropped/coyote/58a53140-23d2-11e8-a6a3-ec086b02610b_crop0.jpg,0,0.9410049915313721,coyote,0.9996155500411987,0.20000307547208496
58a6e5f7-23d2-11e8-a6a3-ec086b02610b.jpg,data/cropped/raccoon/58a6e5f7-23d2-11e8-a6a3-ec086b02610b_crop0.jpg,0,0.8678279519081116,raccoon,0.9981270432472229,0.2
58a6e629-23d2-11e8-a6a3-ec086b02610b.jpg,data/cropped/opossum/58a6e629-23d2-11e8-a6a3-ec086b02610b_crop0.jpg,0,0.704497754573822,opossum,0.9942893981933594,0.20000999175680065
58a6e63a-23d2-11e8-a6a3-ec086b02610b.jpg,data/cropped/bobcat/58a6e63a-23d2-11e8-a6a3-ec086b02610b_crop0.jpg,0,0.8746474385261536,bobcat,0.9995676875114441,0.20001457301078404
58a6e6a2-23d2-11e8-a6a3-ec086b02610b.jpg,data/cropped/mountain_lion/58a6e6a2-23d2-11e8-a6a3-ec086b02610b_crop0.jpg,0,0.36116692423820496,mountain_lion,0.982256293296814,0.20000274145351865
58a6e6a2-23d2-11e8-a6a3-ec086b02610b.jpg,data/cropped/mountain_lion/58a6e6a2-23d2-11e8-a6a3-ec086b02610b_crop1.jpg,1,0.336044043302536,mountain_lion,0.7130327820777893,0.20001373013421206
58a6e6a2-23d2-11e8-a6a3-ec086b02610b.jpg,data/cropped/mountain_lion/58a6e6a2-23d2-11e8-a6a3-ec086b02610b_crop2.jpg,2,0.3088878095149994,mountain_lion,0.8388816714286804,0.2000028496523424
58a6e721-23d2-11e8-a6a3-ec086b02610b.jpg,data/cropped/opossum/58a6e721-23d2-11e8-a6a3-ec086b02610b_crop0.jpg,0,0.8414362668991089,opossum,0.9999905824661255,0.2
58a6e783-23d2-11e8-a6a3-ec086b02610b.jpg,data/cropped/coyote/58a6e783-23d2-11e8-a6a3-ec086b02610b_crop0.jpg,0,0.9276408553123474,coyote,0.9994558691978455,0.2
58a6e78e-23d2-11e8-a6a3-ec086b02610b.jpg,data/cropped/bobcat/58a6e78e-23d2-11e8-a6a3-ec086b02610b_crop0.jpg,0,0.3268740475177765,bobcat,0.4872094690799713,0.2
58a6e78e-23d2-11e8-a6a3-ec086b02610b.jpg,data/cropped/bobcat/58a6e78e-23d2-11e8-a6a3-ec086b02610b_crop1.jpg,1,0.2663338780403137,bobcat,0.977379322052002,0.20001693623507494
58a6e7bc-23d2-11e8-a6a3-ec086b02610b.jpg,data/cropped/mountain_lion/58a6e7bc-23d2-11e8-a6a3-ec086b02610b_crop0.jpg,0,0.9527581930160522,mountain_lion,0.9996786117553711,0.20000060988811602
58a6e813-23d2-11e8-a6a3-ec086b02610b.jpg,data/cropped/bobcat/58a6e813-23d2-11e8-a6a3-ec086b02610b_crop0.jpg,0,0.9685282111167908,bobcat,0.9994420409202576,0.2000013549309324
58a6e942-23d2-11e8-a6a3-ec086b02610b.jpg,data/cropped/opossum/58a6e942-23d2-11e8-a6a3-ec086b02610b_crop0.jpg,0,0.8153113722801208,opossum,0.9997370839118958,0.2
58a6e94d-23d2-11e8-a6a3-ec086b02610b.jpg,data/cropped/bobcat/58a6e94d-23d2-11e8-a6a3-ec086b02610b_crop0.jpg,0,0.9390973448753357,bobcat,0.9999794960021973,0.20009869698407903
58a6e9bd-23d2-11e8-a6a3-ec086b02610b.jpg,data/cropped/mountain_lion/58a6e9bd-23d2-11e8-a6a3-ec086b02610b_crop0.jpg,0,0.6807665228843689,mountain_lion,0.9999516010284424,0.20000108316544268
58a6e9bd-23d2-11e8-a6a3-ec086b02610b.jpg,data/cropped/mountain_lion/58a6e9bd-23d2-11e8-a6a3-ec086b02610b_crop1.jpg,1,0.5769840478897095,mountain_lion,0.9998483657836914,0.20000105141967942
58a6e9bd-23d2-11e8-a6a3-ec086b02610b.jpg,data/cropped/mountain_lion/58a6e9bd-23d2-11e8-a6a3-ec086b02610b_crop2.jpg,2,0.5721951723098755,mountain_lion,0.8722324371337891,0.20000174460698367
58a8a15f-23d2-11e8-a6a3-ec086b02610b.jpg,data/cropped/raccoon/58a8a15f-23d2-11e8-a6a3-ec086b02610b_crop0.jpg,0,0.8674749732017517,raccoon,0.9909756779670715,0.2
58a8a170-23d2-11e8-a6a3-ec086b02610b.jpg,data/cropped/raccoon/58a8a170-23d2-11e8-a6a3-ec086b02610b_crop0.jpg,0,0.8509435057640076,raccoon,0.9533262848854065,0.2000046096402944
58a8a170-23d2-11e8-a6a3-ec086b02610b.jpg,data/cropped/raccoon/58a8a170-23d2-11e8-a6a3-ec086b02610b_crop1.jpg,1,0.23175735771656036,raccoon,0.8473778963088989,0.2
58a8a193-23d2-11e8-a6a3-ec086b02610b.jpg,data/cropped/opossum/58a8a193-23d2-11e8-a6a3-ec086b02610b_crop0.jpg,0,0.6013194918632507,opossum,0.5331106185913086,0.2
58a8a193-23d2-11e8-a6a3-ec086b02610b.jpg,data/cropped/opossum/58a8a193-23d2-11e8-a6a3-ec086b02610b_crop1.jpg,1,0.5475937724113464,opossum,0.7625065445899963,0.2
58a8a193-23d2-11e8-a6a3-ec086b02610b.jpg,data/cropped/opossum/58a8a193-23d2-11e8-a6a3-ec086b02610b_crop2.jpg,2,0.40980076789855957,raccoon,0.2564276158809662,0.20003235896882754
58a8a193-23d2-11e8-a6a3-ec086b02610b.jpg,data/cropped/opossum/58a8a193-23d2-11e8-a6a3-ec086b02610b_crop3.jpg,3,0.23207369446754456,bobcat,0.9480358362197876,0.2
58a8a1f7-23d2-11e8-a6a3-ec086b02610b.jpg,data/cropped/coyote/58a8a1f7-23d2-11e8-a6a3-ec086b02610b_crop0.jpg,0,0.3708976209163666,coyote,0.6153539419174194,0.2
58a8a228-23d2-11e8-a6a3-ec086b02610b.jpg,data/cropped/raccoon/58a8a228-23d2-11e8-a6a3-ec086b02610b_crop0.jpg,0,0.844552755355835,raccoon,0.98109370470047,0.2
58a8a246-23d2-11e8-a6a3-ec086b02610b.jpg,data/cropped/opossum/58a8a246-23d2-11e8-a6a3-ec086b02610b_crop0.jpg,0,0.8902564644813538,opossum,0.975055456161499,0.20001020460227562
58a8a2b0-23d2-11e8-a6a3-ec086b02610b.jpg,data/cropped/coyote/58a8a2b0-23d2-11e8-a6a3-ec086b02610b_crop0.jpg,0,0.9396947622299194,coyote,0.9999885559082031,0.2000009878299352
58a8a31b-23d2-11e8-a6a3-ec086b02610b.jpg,data/cropped/coyote/58a8a31b-23d2-11e8-a6a3-ec086b02610b_crop0.jpg,0,0.9525065422058105,coyote,0.9998984336853027,0.2
58a8a370-23d2-11e8-a6a3-ec086b02610b.jpg,data/cropped/bobcat/58a8a370-23d2-11e8-a6a3-ec086b02610b_crop0.jpg,0,0.8701530694961548,bobcat,0.9996501207351685,0.20000386406228868
58a8a3a2-23d2-11e8-a6a3-ec086b02610b.jpg,data/cropped/bobcat/58a8a3a2-23d2-11e8-a6a3-ec086b02610b_crop0.jpg,0,0.39916130900382996,bobcat,0.8830099105834961,0.20003941663381947
58a8a3a9-23d2-11e8-a6a3-ec086b02610b.jpg,data/cropped/coyote/58a8a3a9-23d2-11e8-a6a3-ec086b02610b_crop0.jpg,0,0.922717273235321,coyote,0.9999756813049316,0.20000550827618496
58a8a3c2-23d2-11e8-a6a3-ec086b02610b.jpg,data/cropped/bobcat/58a8a3c2-23d2-11e8-a6a3-ec086b02610b_crop0.jpg,0,0.909058153629303,bobcat,0.996350884437561,0.20000125357268214
58aa5831-23d2-11e8-a6a3-ec086b02610b.jpg,data/cropped/deer/58aa5831-23d2-11e8-a6a3-ec086b02610b_crop0.jpg,0,0.6303647756576538,deer,0.9999552965164185,0.2
58aa5873-23d2-11e8-a6a3-ec086b02610b.jpg,data/cropped/raccoon/58aa5873-23d2-11e8-a6a3-ec086b02610b_crop0.jpg,0,0.8275387287139893,raccoon,0.9777257442474365,0.2
58aa58cd-23d2-11e8-a6a3-ec086b02610b.jpg,data/cropped/raccoon/58aa58cd-23d2-11e8-a6a3-ec086b02610b_crop0.jpg,0,0.8698639869689941,raccoon,0.9911920428276062,0.2
58aa5911-23d2-11e8-a6a3-ec086b02610b.jpg,data/cropped/opossum/58aa5911-23d2-11e8-a6a3-ec086b02610b_crop0.jpg,0,0.787196695804596,opossum,0.9999948740005493,0.20003010234798313
58aa5956-23d2-11e8-a6a3-ec086b02610b.jpg,data/cropped/opossum/58aa5956-23d2-11e8-a6a3-ec086b02610b_crop0.jpg,0,0.8850106596946716,opossum,0.9296311140060425,0.20000881581557314
58aa5956-23d2-11e8-a6a3-ec086b02610b.jpg,data/cropped/opossum/58aa5956-23d2-11e8-a6a3-ec086b02610b_crop1.jpg,1,0.2734508216381073,coyote,0.9264160990715027,0.2000408246580935
58aa595d-23d2-11e8-a6a3-ec086b02610b.jpg,data/cropped/opossum/58aa595d-23d2-11e8-a6a3-ec086b02610b_crop0.jpg,0,0.8031514883041382,opossum,0.9999562501907349,0.2
58aa598b-23d2-11e8-a6a3-ec086b02610b.jpg,data/cropped/coyote/58aa598b-23d2-11e8-a6a3-ec086b02610b_crop0.jpg,0,0.6434546709060669,coyote,0.3766126036643982,0.20003806623524933
58aa598b-23d2-11e8-a6a3-ec086b02610b.jpg,data/cropped/coyote/58aa598b-23d2-11e8-a6a3-ec086b02610b_crop1.jpg,1,0.44091808795928955,coyote,0.8286239504814148,0.2
58aa598b-23d2-11e8-a6a3-ec086b02610b.jpg,data/cropped/coyote/58aa598b-23d2-11e8-a6a3-ec086b02610b_crop2.jpg,2,0.36523202061653137,bobcat,0.6621321439743042,0.2
58aa598b-23d2-11e8-a6a3-ec086b02610b.jpg,data/cropped/coyote/58aa598b-23d2-11e8-a6a3-ec086b02610b_crop3.jpg,3,0.3231130838394165,coyote,0.9700697064399719,0.20000974943940725
58aa59a3-23d2-11e8-a6a3-ec086b02610b.jpg,data/cropped/raccoon/58aa59a3-23d2-11e8-a6a3-ec086b02610b_crop0.jpg,0,0.8470159769058228,raccoon,0.9874982237815857,0.20001121767906221
58aa59ad-23d2-11e8-a6a3-ec086b02610b.jpg,data/cropped/deer/58aa59ad-23d2-11e8-a6a3-ec086b02610b_crop0.jpg,0,0.9011048078536987,deer,0.9995231628417969,0.20000101128083775
58aa5a16-23d2-11e8-a6a3-ec086b02610b.jpg,data/cropped/coyote/58aa5a16-23d2-11e8-a6a3-ec086b02610b_crop0.jpg,0,0.967275857925415,coyote,0.9999750852584839,0.20000297247488258
58aa5a32-23d2-11e8-a6a3-ec086b02610b.jpg,data/cropped/opossum/58aa5a32-23d2-11e8-a6a3-ec086b02610b_crop0.jpg,0,0.62382572889328,opossum,0.999950647354126,0.20000760340632603
58aa5a32-23d2-11e8-a6a3-ec086b02610b.jpg,data/cropped/opossum/58aa5a32-23d2-11e8-a6a3-ec086b02610b_crop1.jpg,1,0.35957276821136475,opossum,0.5792531967163086,0.2
58aa5a4a-23d2-11e8-a6a3-ec086b02610b.jpg,data/cropped/opossum/58aa5a4a-23d2-11e8-a6a3-ec086b02610b_crop0.jpg,0,0.4466034471988678,opossum,0.9996929168701172,0.20001051303616485
58aa5a77-23d2-11e8-a6a3-ec086b02610b.jpg,data/cropped/bobcat/58aa5a77-23d2-11e8-a6a3-ec086b02610b_crop0.jpg,0,0.5699660181999207,bobcat,0.5085275769233704,0.20016105941302792
58aa5a77-23d2-11e8-a6a3-ec086b02610b.jpg,data/cropped/bobcat/58aa5a77-23d2-11e8-a6a3-ec086b02610b_crop1.jpg,1,0.4072563648223877,bobcat,0.911459743976593,0.2
58aa5a82-23d2-11e8-a6a3-ec086b02610b.jpg,data/cropped/opossum/58aa5a82-23d2-11e8-a6a3-ec086b02610b_crop0.jpg,0,0.8235580325126648,opossum,0.9999788999557495,0.2
58aa5a82-23d2-11e8-a6a3-ec086b02610b.jpg,data/cropped/opossum/58aa5a82-23d2-11e8-a6a3-ec086b02610b_crop1.jpg,1,0.5953370332717896,opossum,0.5490177273750305,0.20002280761774432
58aa5a88-23d2-11e8-a6a3-ec086b02610b.jpg,data/cropped/coyote/58aa5a88-23d2-11e8-a6a3-ec086b02610b_crop0.jpg,0,0.22660477459430695,coyote,0.9989618062973022,0.20000514284244902
58aa5a8e-23d2-11e8-a6a3-ec086b02610b.jpg,data/cropped/bobcat/58aa5a8e-23d2-11e8-a6a3-ec086b02610b_crop0.jpg,0,0.6329842209815979,bobcat,0.9979249238967896,0.20003941663381947
58aa5a9f-23d2-11e8-a6a3-ec086b02610b.jpg,data/cropped/coyote/58aa5a9f-23d2-11e8-a6a3-ec086b02610b_crop0.jpg,0,0.6247066259384155,coyote,0.9863207936286926,0.20002902125807154
58aa5ab4-23d2-11e8-a6a3-ec086b02610b.jpg,data/cropped/coyote/58aa5ab4-23d2-11e8-a6a3-ec086b02610b_crop0.jpg,0,0.9721420407295227,coyote,0.9986842274665833,0.2000015550406643
58aa5b26-23d2-11e8-a6a3-ec086b02610b.jpg,data/cropped/coyote/58aa5b26-23d2-11e8-a6a3-ec086b02610b_crop0.jpg,0,0.9170583486557007,coyote,0.9996778964996338,0.2
58aa5b2a-23d2-11e8-a6a3-ec086b02610b.jpg,data/cropped/opossum/58aa5b2a-23d2-11e8-a6a3-ec086b02610b_crop0.jpg,0,0.8884142637252808,opossum,0.9999449253082275,0.2000064987286862
58aa5b33-23d2-11e8-a6a3-ec086b02610b.jpg,data/cropped/coyote/58aa5b33-23d2-11e8-a6a3-ec086b02610b_crop0.jpg,0,0.9570772647857666,coyote,0.9999732971191406,0.20000150606378933
58aa5b4c-23d2-11e8-a6a3-ec086b02610b.jpg,data/cropped/opossum/58aa5b4c-23d2-11e8-a6a3-ec086b02610b_crop0.jpg,0,0.8674952387809753,opossum,0.9999943971633911,0.2
58ac0b66-23d2-11e8-a6a3-ec086b02610b.jpg,data/cropped/raccoon/58ac0b66-23d2-11e8-a6a3-ec086b02610b_crop0.jpg,0,0.8386560678482056,raccoon,0.9691967368125916,0.2
58ac0b66-23d2-11e8-a6a3-ec086b02610b.jpg,data/cropped/raccoon/58ac0b66-23d2-11e8-a6a3-ec086b02610b_crop1.jpg,1,0.37332019209861755,raccoon,0.9475704431533813,0.2000499812570286
58ac0b92-23d2-11e8-a6a3-ec086b02610b.jpg,data/cropped/bobcat/58ac0b92-23d2-11e8-a6a3-ec086b02610b_crop0.jpg,0,0.891696035861969,bobcat,0.999624490737915,0.20000253762021974
58ac0c52-23d2-11e8-a6a3-ec086b02610b.jpg,data/cropped/opossum/58ac0c52-23d2-11e8-a6a3-ec086b02610b_crop0.jpg,0,0.43498846888542175,coyote,0.979099690914154,0.2000280151281692
58ac0c52-23d2-11e8-a6a3-ec086b02610b.jpg,data/cropped/opossum/58ac0c52-23d2-11e8-a6a3-ec086b02610b_crop1.jpg,1,0.305167555809021,opossum,0.9135781526565552,0.20000503094028274
58ac0c52-23d2-11e8-a6a3-ec086b02610b.jpg,data/cropped/opossum/58ac0c52-23d2-11e8-a6a3-ec086b02610b_crop2.jpg,2,0.21381573379039764,raccoon,0.29725727438926697,0.2
58ac0ca4-23d2-11e8-a6a3-ec086b02610b.jpg,data/cropped/opossum/58ac0ca4-23d2-11e8-a6a3-ec086b02610b_crop0.jpg,0,0.8222869634628296,opossum,0.9997794032096863,0.2
58ac0ca4-23d2-11e8-a6a3-ec086b02610b.jpg,data/cropped/opossum/58ac0ca4-23d2-11e8-a6a3-ec086b02610b_crop1.jpg,1,0.7021257877349854,raccoon,0.6349518299102783,0.20002140410958905
58ac0cb1-23d2-11e8-a6a3-ec086b02610b.jpg,data/cropped/coyote/58ac0cb1-23d2-11e8-a6a3-ec086b02610b_crop0.jpg,0,0.8749868273735046,coyote,0.9995580315589905,0.20001248614817937
58ac0d49-23d2-11e8-a6a3-ec086b02610b.jpg,data/cropped/coyote/58ac0d49-23d2-11e8-a6a3-ec086b02610b_crop0.jpg,0,0.9548264741897583,coyote,0.9999899864196777,0.2
58ac0d78-23d2-11e8-a6a3-ec086b02610b.jpg,data/cropped/bobcat/58ac0d78-23d2-11e8-a6a3-ec086b02610b_crop0.jpg,0,0.7101379632949829,bobcat,0.9464640021324158,0.20001731002250303
58ac0d8a-23d2-11e8-a6a3-ec086b02610b.jpg,data/cropped/opossum/58ac0d8a-23d2-11e8-a6a3-ec086b02610b_crop0.jpg,0,0.8475267887115479,opossum,0.8920862078666687,0.2
58ac0d90-23d2-11e8-a6a3-ec086b02610b.jpg,data/cropped/opossum/58ac0d90-23d2-11e8-a6a3-ec086b02610b_crop0.jpg,0,0.7584502696990967,opossum,0.9997929930686951,0.2
58ac0d93-23d2-11e8-a6a3-ec086b02610b.jpg,data/cropped/coyote/58ac0d93-23d2-11e8-a6a3-ec086b02610b_crop0.jpg,0,0.9654160141944885,coyote,0.9999299049377441,0.20000171139101863
58ac0d97-23d2-11e8-a6a3-ec086b02610b.jpg,data/cropped/coyote/58ac0d97-23d2-11e8-a6a3-ec086b02610b_crop0.jpg,0,0.8653168082237244,coyote,0.9971345663070679,0.20000282479890963
58ac0d97-23d2-11e8-a6a3-ec086b02610b.jpg,data/cropped/coyote/58ac0d97-23d2-11e8-a6a3-ec086b02610b_crop1.jpg,1,0.3589623272418976,coyote,0.2966166138648987,0.20004826254826255
58ac0d97-23d2-11e8-a6a3-ec086b02610b.jpg,data/cropped/coyote/58ac0d97-23d2-11e8-a6a3-ec086b02610b_crop2.jpg,2,0.3329729437828064,bobcat,0.27755045890808105,0.20033670033670034
58ac0d97-23d2-11e8-a6a3-ec086b02610b.jpg,data/cropped/coyote/58ac0d97-23d2-11e8-a6a3-ec086b02610b_crop3.jpg,3,0.28105807304382324,coyote,0.8004998564720154,0.2000100887812752
58ac0da0-23d2-11e8-a6a3-ec086b02610b.jpg,data/cropped/coyote/58ac0da0-23d2-11e8-a6a3-ec086b02610b_crop0.jpg,0,0.8800167441368103,coyote,0.999895453453064,0.20000772479143064
58ac0dc6-23d2-11e8-a6a3-ec086b02610b.jpg,data/cropped/opossum/58ac0dc6-23d2-11e8-a6a3-ec086b02610b_crop0.jpg,0,0.609492838382721,opossum,0.9997420907020569,0.20001535626535627
58ac0dc6-23d2-11e8-a6a3-ec086b02610b.jpg,data/cropped/opossum/58ac0dc6-23d2-11e8-a6a3-ec086b02610b_crop1.jpg,1,0.21882329881191254,opossum,0.4665606915950775,0.20002626740215393
58ac0e13-23d2-11e8-a6a3-ec086b02610b.jpg,data/cropped/coyote/58ac0e13-23d2-11e8-a6a3-ec086b02610b_crop0.jpg,0,0.9711867570877075,coyote,0.9999895095825195,0.2000005186533684
58ac0efa-23d2-11e8-a6a3-ec086b02610b.jpg,data/cropped/raccoon/58ac0efa-23d2-11e8-a6a3-ec086b02610b_crop0.jpg,0,0.8746048212051392,opossum,0.9431363940238953,0.20000419868161398
58ac0efa-23d2-11e8-a6a3-ec086b02610b.jpg,data/cropped/raccoon/58ac0efa-23d2-11e8-a6a3-ec086b02610b_crop1.jpg,1,0.8547627925872803,raccoon,0.9943405389785767,0.20000223653605295
58ac0efa-23d2-11e8-a6a3-ec086b02610b.jpg,data/cropped/raccoon/58ac0efa-23d2-11e8-a6a3-ec086b02610b_crop2.jpg,2,0.21067985892295837,bobcat,0.6819652915000916,0.2000412881915772
58ac0f39-23d2-11e8-a6a3-ec086b02610b.jpg,data/cropped/coyote/58ac0f39-23d2-11e8-a6a3-ec086b02610b_crop0.jpg,0,0.749500572681427,coyote,0.9816960096359253,0.2
58ac0f39-23d2-11e8-a6a3-ec086b02610b.jpg,data/cropped/coyote/58ac0f39-23d2-11e8-a6a3-ec086b02610b_crop1.jpg,1,0.2668876349925995,coyote,0.7839629054069519,0.2000174155346569
58adc155-23d2-11e8-a6a3-ec086b02610b.jpg,data/cropped/raccoon/58adc155-23d2-11e8-a6a3-ec086b02610b_crop0.jpg,0,0.7684351801872253,raccoon,0.9618028402328491,0.2
58adc155-23d2-11e8-a6a3-ec086b02610b.jpg,data/cropped/raccoon/58adc155-23d2-11e8-a6a3-ec086b02610b_crop1.jpg,1,0.27035608887672424,raccoon,0.3753741979598999,0.2
58adc198-23d2-11e8-a6a3-ec086b02610b.jpg,data/cropped/coyote/58adc198-23d2-11e8-a6a3-ec086b02610b_crop0.jpg,0,0.9262682795524597,coyote,0.9999363422393799,0.20000160437673975
58adc1db-23d2-11e8-a6a3-ec086b02610b.jpg,data/cropped/opossum/58adc1db-23d2-11e8-a6a3-ec086b02610b_crop0.jpg,0,0.6492582559585571,opossum,0.9984971284866333,0.20000426766814614
58adc1db-23d2-11e8-a6a3-ec086b02610b.jpg,data/cropped/opossum/58adc1db-23d2-11e8-a6a3-ec086b02610b_crop1.jpg,1,0.2600618302822113,opossum,0.37174099683761597,0.20000614930512853
58adc256-23d2-11e8-a6a3-ec086b02610b.jpg,data/cropped/raccoon/58adc256-23d2-11e8-a6a3-ec086b02610b_crop0.jpg,0,0.8809212446212769,raccoon,0.9973715543746948,0.20000886662381132
58adc2a5-23d2-11e8-a6a3-ec086b02610b.jpg,data/cropped/bobcat/58adc2a5-23d2-11e8-a6a3-ec086b02610b_crop0.jpg,0,0.8987569212913513,bobcat,0.9996609687805176,0.20000443026758816
58adc2c1-23d2-11e8-a6a3-ec086b02610b.jpg,data/cropped/opossum/58adc2c1-23d2-11e8-a6a3-ec086b02610b_crop0.jpg,0,0.4208903908729553,raccoon,0.7091441750526428,0.20000727166957533
58adc2c1-23d2-11e8-a6a3-ec086b02610b.jpg,data/cropped/opossum/58adc2c1-23d2-11e8-a6a3-ec086b02610b_crop1.jpg,1,0.38458287715911865,opossum,0.8071211576461792,0.20000665136851908
58adc2e1-23d2-11e8-a6a3-ec086b02610b.jpg,data/cropped/raccoon/58adc2e1-23d2-11e8-a6a3-ec086b02610b_crop0.jpg,0,0.6870852708816528,raccoon,0.45269593596458435,0.2
58adc2e1-23d2-11e8-a6a3-ec086b02610b.jpg,data/cropped/raccoon/58adc2e1-23d2-11e8-a6a3-ec086b02610b_crop1.jpg,1,0.42430832982063293,raccoon,0.9984979629516602,0.20000881338753568
58adc300-23d2-11e8-a6a3-ec086b02610b.jpg,data/cropped/opossum/58adc300-23d2-11e8-a6a3-ec086b02610b_crop0.jpg,0,0.8616960048675537,opossum,0.9998624324798584,0.2
58adc308-23d2-11e8-a6a3-ec086b02610b.jpg,data/cropped/coyote/58adc308-23d2-11e8-a6a3-ec086b02610b_crop0.jpg,0,0.9741413593292236,coyote,0.9999113082885742,0.2
58adc355-23d2-11e8-a6a3-ec086b02610b.jpg,data/cropped/raccoon/58adc355-23d2-11e8-a6a3-ec086b02610b_crop0.jpg,0,0.9057915210723877,raccoon,0.9949862957000732,0.20000391857207234
58adc3d7-23d2-11e8-a6a3-ec086b02610b.jpg,data/cropped/opossum/58adc3d7-23d2-11e8-a6a3-ec086b02610b_crop0.jpg,0,0.5060206055641174,opossum,0.9998558759689331,0.2
58adc3d7-23d2-11e8-a6a3-ec086b02610b.jpg,data/cropped/opossum/58adc3d7-23d2-11e8-a6a3-ec086b02610b_crop1.jpg,1,0.3096458613872528,opossum,0.9999490976333618,0.20000379477838495
58adc41d-23d2-11e8-a6a3-ec086b02610b.jpg,data/cropped/bobcat/58adc41d-23d2-11e8-a6a3-ec086b02610b_crop0.jpg,0,0.7152162194252014,bobcat,0.8442654609680176,0.2000432994154579
58adc41d-23d2-11e8-a6a3-ec086b02610b.jpg,data/cropped/bobcat/58adc41d-23d2-11e8-a6a3-ec086b02610b_crop1.jpg,1,0.6982036828994751,bobcat,0.6628557443618774,0.2
58adc41d-23d2-11e8-a6a3-ec086b02610b.jpg,data/cropped/bobcat/58adc41d-23d2-11e8-a6a3-ec086b02610b_crop2.jpg,2,0.21077200770378113,raccoon,0.8243878483772278,0.2
58adc44b-23d2-11e8-a6a3-ec086b02610b.jpg,data/cropped/opossum/58adc44b-23d2-11e8-a6a3-ec086b02610b_crop0.jpg,0,0.7703005075454712,opossum,0.9999995231628418,0.200007177720356
58adc494-23d2-11e8-a6a3-ec086b02610b.jpg,data/cropped/raccoon/58adc494-23d2-11e8-a6a3-ec086b02610b_crop0.jpg,0,0.5454773306846619,raccoon,0.8572388887405396,0.2000232765643791
58adc494-23d2-11e8-a6a3-ec086b02610b.jpg,data/cropped/raccoon/58adc494-23d2-11e8-a6a3-ec086b02610b_crop1.jpg,1,0.5431604981422424,raccoon,0.928926944732666,0.20001162858305715
58adc494-23d2-11e8-a6a3-ec086b02610b.jpg,data/cropped/raccoon/58adc494-23d2-11e8-a6a3-ec086b02610b_crop2.jpg,2,0.41223686933517456,raccoon,0.9170070290565491,0.2
58adc4b7-23d2-11e8-a6a3-ec086b02610b.jpg,data/cropped/mountain_lion/58adc4b7-23d2-11e8-a6a3-ec086b02610b_crop0.jpg,0,0.9418930411338806,mountain_lion,0.9988368153572083,0.2000032330286204
58adc516-23d2-11e8-a6a3-ec086b02610b.jpg,data/cropped/bobcat/58adc516-23d2-11e8-a6a3-ec086b02610b_crop0.jpg,0,0.8022320866584778,bobcat,0.9999382495880127,0.20002985520226899
58adc51d-23d2-11e8-a6a3-ec086b02610b.jpg,data/cropped/coyote/58adc51d-23d2-11e8-a6a3-ec086b02610b_crop0.jpg,0,0.9254178404808044,coyote,0.9999877214431763,0.20000302828417418
58adc51d-23d2-11e8-a6a3-ec086b02610b.jpg,data/cropped/coyote/58adc51d-23d2-11e8-a6a3-ec086b02610b_crop1.jpg,1,0.2232031375169754,coyote,0.8122211694717407,0.20007382798080472
58af7497-23d2-11e8-a6a3-ec086b02610b.jpg,data/cropped/raccoon/58af7497-23d2-11e8-a6a3-ec086b02610b_crop0.jpg,0,0.817870557308197,raccoon,0.9996567964553833,0.20002040764266218
58af7497-23d2-11e8-a6a3-ec086b02610b.jpg,data/cropped/raccoon/58af7497-23d2-11e8-a6a3-ec086b02610b_crop1.jpg,1,0.20793144404888153,raccoon,0.9724724888801575,0.2000101347927435
58af74c4-23d2-11e8-a6a3-ec086b02610b.jpg,data/cropped/opossum/58af74c4-23d2-11e8-a6a3-ec086b02610b_crop0.jpg,0,0.609771728515625,opossum,0.9836456775665283,0.20001537594177643
58af74e3-23d2-11e8-a6a3-ec086b02610b.jpg,data/cropped/opossum/58af74e3-23d2-11e8-a6a3-ec086b02610b_crop0.jpg,0,0.774566650390625,opossum,0.9999786615371704,0.20001557551528995
58af74e5-23d2-11e8-a6a3-ec086b02610b.jpg,data/cropped/raccoon/58af74e5-23d2-11e8-a6a3-ec086b02610b_crop0.jpg,0,0.7275531888008118,opossum,0.3720059096813202,0.20004734848484848
58af74e5-23d2-11e8-a6a3-ec086b02610b.jpg,data/cropped/raccoon/58af74e5-23d2-11e8-a6a3-ec086b02610b_crop1.jpg,1,0.7046323418617249,raccoon,0.4806012809276581,0.20001117536948565
58af74e5-23d2-11e8-a6a3-ec086b02610b.jpg,data/cropped/raccoon/58af74e5-23d2-11e8-a6a3-ec086b02610b_crop2.jpg,2,0.6271631121635437,opossum,0.6992352604866028,0.2
58af7514-23d2-11e8-a6a3-ec086b02610b.jpg,data/cropped/raccoon/58af7514-23d2-11e8-a6a3-ec086b02610b_crop0.jpg,0,0.8643868565559387,raccoon,0.9898368716239929,0.20000368704372834
58af7554-23d2-11e8-a6a3-ec086b02610b.jpg,data/cropped/raccoon/58af7554-23d2-11e8-a6a3-ec086b02610b_crop0.jpg,0,0.6604166626930237,raccoon,0.8071064949035645,0.20003339455668726
58af7584-23d2-11e8-a6a3-ec086b02610b.jpg,data/cropped/opossum/58af7584-23d2-11e8-a6a3-ec086b02610b_crop0.jpg,0,0.791176438331604,opossum,0.9999381303787231,0.20001240483168195
58af75c0-23d2-11e8-a6a3-ec086b02610b.jpg,data/cropped/deer/58af75c0-23d2-11e8-a6a3-ec086b02610b_crop0.jpg,0,0.7950118184089661,coyote,0.8387211561203003,0.20000258668632548
58af75d9-23d2-11e8-a6a3-ec086b02610b.jpg,data/cropped/bobcat/58af75d9-23d2-11e8-a6a3-ec086b02610b_crop0.jpg,0,0.7236992120742798,bobcat,0.9998409748077393,0.20000160428021962
58af760b-23d2-11e8-a6a3-ec086b02610b.jpg,data/cropped/raccoon/58af760b-23d2-11e8-a6a3-ec086b02610b_crop0.jpg,0,0.9144086837768555,raccoon,0.9974767565727234,0.2
58af763f-23d2-11e8-a6a3-ec086b02610b.jpg,data/cropped/coyote/58af763f-23d2-11e8-a6a3-ec086b02610b_crop0.jpg,0,0.9269843697547913,coyote,0.9999858140945435,0.2
58af765d-23d2-11e8-a6a3-ec086b02610b.jpg,data/cropped/deer/58af765d-23d2-11e8-a6a3-ec086b02610b_crop0.jpg,0,0.954542875289917,deer,0.9983505010604858,0.20000306043205648
58af770e-23d2-11e8-a6a3-ec086b02610b.jpg,data/cropped/opossum/58af770e-23d2-11e8-a6a3-ec086b02610b_crop0.jpg,0,0.8427460193634033,opossum,0.999944806098938,0.2000160462130937
58af7726-23d2-11e8-a6a3-ec086b02610b.jpg,data/cropped/coyote/58af7726-23d2-11e8-a6a3-ec086b02610b_crop0.jpg,0,0.8847301602363586,coyote,0.984570324420929,0.2000008869022279
58af7736-23d2-11e8-a6a3-ec086b02610b.jpg,data/cropped/coyote/58af7736-23d2-11e8-a6a3-ec086b02610b_crop0.jpg,0,0.9312952160835266,coyote,0.9989481568336487,0.20001018316976618
58af777b-23d2-11e8-a6a3-ec086b02610b.jpg,data/cropped/opossum/58af777b-23d2-11e8-a6a3-ec086b02610b_crop0.jpg,0,0.7473108172416687,opossum,0.9825456142425537,0.2
58af777b-23d2-11e8-a6a3-ec086b02610b.jpg,data/cropped/opossum/58af777b-23d2-11e8-a6a3-ec086b02610b_crop1.jpg,1,0.4715557098388672,opossum,0.8271536231040955,0.20005683432793409
58af785b-23d2-11e8-a6a3-ec086b02610b.jpg,data/cropped/opossum/58af785b-23d2-11e8-a6a3-ec086b02610b_crop0.jpg,0,0.6463477611541748,opossum,0.9991946816444397,0.20001593752490238
58b12f63-23d2-11e8-a6a3-ec086b02610b.jpg,data/cropped/coyote/58b12f63-23d2-11e8-a6a3-ec086b02610b_crop0.jpg,0,0.8739951252937317,coyote,0.9999880790710449,0.2
58b12f63-23d2-11e8-a6a3-ec086b02610b.jpg,data/cropped/coyote/58b12f63-23d2-11e8-a6a3-ec086b02610b_crop1.jpg,1,0.4189123213291168,coyote,0.9998829364776611,0.20000614615557968
58b12f74-23d2-11e8-a6a3-ec086b02610b.jpg,data/cropped/deer/58b12f74-23d2-11e8-a6a3-ec086b02610b_crop0.jpg,0,0.9105894565582275,deer,0.9996044039726257,0.20001688618709895
58b12f74-23d2-11e8-a6a3-ec086b02610b.jpg,data/cropped/deer/58b12f74-23d2-11e8-a6a3-ec086b02610b_crop1.jpg,1,0.7492823600769043,deer,0.9547260403633118,0.20011337868480725
58b12f74-23d2-11e8-a6a3-ec086b02610b.jpg,data/cropped/deer/58b12f74-23d2-11e8-a6a3-ec086b02610b_crop2.jpg,2,0.5258033871650696,deer,0.8968275189399719,0.2
58b12f74-23d2-11e8-a6a3-ec086b02610b.jpg,data/cropped/deer/58b12f74-23d2-11e8-a6a3-ec086b02610b_crop3.jpg,3,0.447317510843277,deer,0.9965674877166748,0.20005070993914809
58b12fc1-23d2-11e8-a6a3-ec086b02610b.jpg,data/cropped/opossum/58b12fc1-23d2-11e8-a6a3-ec086b02610b_crop0.jpg,0,0.7199428081512451,opossum,0.9910479187965393,0.20000639304436774
58b12fc1-23d2-11e8-a6a3-ec086b02610b.jpg,data/cropped/opossum/58b12fc1-23d2-11e8-a6a3-ec086b02610b_crop1.jpg,1,0.3317766487598419,opossum,0.8499259948730469,0.2
58b13017-23d2-11e8-a6a3-ec086b02610b.jpg,data/cropped/coyote/58b13017-23d2-11e8-a6a3-ec086b02610b_crop0.jpg,0,0.8872030973434448,coyote,0.999613344669342,0.2
58b130b9-23d2-11e8-a6a3-ec086b02610b.jpg,data/cropped/mountain_lion/58b130b9-23d2-11e8-a6a3-ec086b02610b_crop0.jpg,0,0.5995926260948181,mountain_lion,0.9737334847450256,0.20005283728934264
58b130b9-23d2-11e8-a6a3-ec086b02610b.jpg,data/cropped/mountain_lion/58b130b9-23d2-11e8-a6a3-ec086b02610b_crop1.jpg,1,0.40952426195144653,mountain_lion,0.9999904632568359,0.20000083131047783
58b130cf-23d2-11e8-a6a3-ec086b02610b.jpg,data/cropped/deer/58b130cf-23d2-11e8-a6a3-ec086b02610b_crop0.jpg,0,0.9516592621803284,deer,0.9998537302017212,0.20000199872081867
58b130d0-23d2-11e8-a6a3-ec086b02610b.jpg,data/cropped/opossum/58b130d0-23d2-11e8-a6a3-ec086b02610b_crop0.jpg,0,0.7005532383918762,opossum,0.9991167187690735,0.2000160462130937
58b130d0-23d2-11e8-a6a3-ec086b02610b.jpg,data/cropped/opossum/58b130d0-23d2-11e8-a6a3-ec086b02610b_crop1.jpg,1,0.292227178812027,opossum,0.9739315509796143,0.2
58b13131-23d2-11e8-a6a3-ec086b02610b.jpg,data/cropped/opossum/58b13131-23d2-11e8-a6a3-ec086b02610b_crop0.jpg,0,0.8059483170509338,opossum,0.9998359680175781,0.2000131934824197
58b1314f-23d2-11e8-a6a3-ec086b02610b.jpg,data/cropped/mountain_lion/58b1314f-23d2-11e8-a6a3-ec086b02610b_crop0.jpg,0,0.6172485947608948,mountain_lion,0.9994922876358032,0.20000030468112073
58b1314f-23d2-11e8-a6a3-ec086b02610b.jpg,data/cropped/mountain_lion/58b1314f-23d2-11e8-a6a3-ec086b02610b_crop1.jpg,1,0.5476033687591553,mountain_lion,0.9999233484268188,0.2
58b13161-23d2-11e8-a6a3-ec086b02610b.jpg,data/cropped/bobcat/58b13161-23d2-11e8-a6a3-ec086b02610b_crop0.jpg,0,0.8830636143684387,bobcat,0.9990909099578857,0.20001478305861484
58b1318b-23d2-11e8-a6a3-ec086b02610b.jpg,data/cropped/raccoon/58b1318b-23d2-11e8-a6a3-ec086b02610b_crop0.jpg,0,0.8753140568733215,raccoon,0.9900537729263306,0.20000897370703838
58b1318b-23d2-11e8-a6a3-ec086b02610b.jpg,data/cropped/raccoon/58b1318b-23d2-11e8-a6a3-ec086b02610b_crop1.jpg,1,0.21801897883415222,raccoon,0.8045479655265808,0.20009192584648383
58b13203-23d2-11e8-a6a3-ec086b02610b.jpg,data/cropped/coyote/58b13203-23d2-11e8-a6a3-ec086b02610b_crop0.jpg,0,0.3175502419471741,coyote,0.9517622590065002,0.2
58b13221-23d2-11e8-a6a3-ec086b02610b.jpg,data/cropped/coyote/58b13221-23d2-11e8-a6a3-ec086b02610b_crop0.jpg,0,0.9493935704231262,coyote,0.9996426105499268,0.20000068678016852
58b13283-23d2-11e8-a6a3-ec086b02610b.jpg,data/cropped/opossum/58b13283-23d2-11e8-a6a3-ec086b02610b_crop0.jpg,0,0.8668744564056396,opossum,0.9999799728393555,0.2000107029138683
58b132af-23d2-11e8-a6a3-ec086b02610b.jpg,data/cropped/deer/58b132af-23d2-11e8-a6a3-ec086b02610b_crop0.jpg,0,0.9637283682823181,deer,0.9980193376541138,0.2
58b132fa-23d2-11e8-a6a3-ec086b02610b.jpg,data/cropped/deer/58b132fa-23d2-11e8-a6a3-ec086b02610b_crop0.jpg,0,0.5115815997123718,deer,0.9983750581741333,0.2
58b132fa-23d2-11e8-a6a3-ec086b02610b.jpg,data/cropped/deer/58b132fa-23d2-11e8-a6a3-ec086b02610b_crop1.jpg,1,0.2577240765094757,deer,0.9939494132995605,0.20002809383340356
58b2ed96-23d2-11e8-a6a3-ec086b02610b.jpg,data/cropped/coyote/58b2ed96-23d2-11e8-a6a3-ec086b02610b_crop0.jpg,0,0.9094865918159485,coyote,0.49035540223121643,0.2
58b2eda6-23d2-11e8-a6a3-ec086b02610b.jpg,data/cropped/opossum/58b2eda6-23d2-11e8-a6a3-ec086b02610b_crop0.jpg,0,0.8037917017936707,opossum,0.9762887954711914,0.2
58b2eda8-23d2-11e8-a6a3-ec086b02610b.jpg,data/cropped/coyote/58b2eda8-23d2-11e8-a6a3-ec086b02610b_crop0.jpg,0,0.3475816547870636,bobcat,0.4707927107810974,0.2
58b2ee9f-23d2-11e8-a6a3-ec086b02610b.jpg,data/cropped/opossum/58b2ee9f-23d2-11e8-a6a3-ec086b02610b_crop0.jpg,0,0.7886289358139038,opossum,0.999984622001648,0.2000170881749829
58b2eeba-23d2-11e8-a6a3-ec086b02610b.jpg,data/cropped/coyote/58b2eeba-23d2-11e8-a6a3-ec086b02610b_crop0.jpg,0,0.9176393151283264,coyote,0.9996728897094727,0.20000489488240045
58b2eeeb-23d2-11e8-a6a3-ec086b02610b.jpg,data/cropped/coyote/58b2eeeb-23d2-11e8-a6a3-ec086b02610b_crop0.jpg,0,0.9408999681472778,coyote,0.9999774694442749,0.2
58b2ef50-23d2-11e8-a6a3-ec086b02610b.jpg,data/cropped/raccoon/58b2ef50-23d2-11e8-a6a3-ec086b02610b_crop0.jpg,0,0.9065664410591125,raccoon,0.9980252981185913,0.20000558557803752
58b2ef50-23d2-11e8-a6a3-ec086b02610b.jpg,data/cropped/raccoon/58b2ef50-23d2-11e8-a6a3-ec086b02610b_crop1.jpg,1,0.6862918138504028,raccoon,0.9793092012405396,0.20002573781743307
58b2ef85-23d2-11e8-a6a3-ec086b02610b.jpg,data/cropped/mountain_lion/58b2ef85-23d2-11e8-a6a3-ec086b02610b_crop0.jpg,0,0.8009543418884277,mountain_lion,0.9995328187942505,0.20000110124275244
58b2f028-23d2-11e8-a6a3-ec086b02610b.jpg,data/cropped/raccoon/58b2f028-23d2-11e8-a6a3-ec086b02610b_crop0.jpg,0,0.884611189365387,raccoon,0.997389018535614,0.20000389592680853
58b2f03e-23d2-11e8-a6a3-ec086b02610b.jpg,data/cropped/coyote/58b2f03e-23d2-11e8-a6a3-ec086b02610b_crop0.jpg,0,0.9289767742156982,coyote,0.9999765157699585,0.20000589335965702
58b2f09c-23d2-11e8-a6a3-ec086b02610b.jpg,data/cropped/opossum/58b2f09c-23d2-11e8-a6a3-ec086b02610b_crop0.jpg,0,0.6984167098999023,opossum,0.9953828454017639,0.2
58b4a8aa-23d2-11e8-a6a3-ec086b02610b.jpg,data/cropped/bobcat/58b4a8aa-23d2-11e8-a6a3-ec086b02610b_crop0.jpg,0,0.8977504372596741,bobcat,0.9999576807022095,0.20001893222264294
58b4a906-23d2-11e8-a6a3-ec086b02610b.jpg,data/cropped/bobcat/58b4a906-23d2-11e8-a6a3-ec086b02610b_crop0.jpg,0,0.8605008721351624,bobcat,0.9987586736679077,0.20000073951551872
58b4a90e-23d2-11e8-a6a3-ec086b02610b.jpg,data/cropped/bobcat/58b4a90e-23d2-11e8-a6a3-ec086b02610b_crop0.jpg,0,0.8490108847618103,bobcat,0.716749370098114,0.2000004888075296
58b4a915-23d2-11e8-a6a3-ec086b02610b.jpg,data/cropped/raccoon/58b4a915-23d2-11e8-a6a3-ec086b02610b_crop0.jpg,0,0.7007783055305481,raccoon,0.9739199280738831,0.20000822909809085
58b4a915-23d2-11e8-a6a3-ec086b02610b.jpg,data/cropped/raccoon/58b4a915-23d2-11e8-a6a3-ec086b02610b_crop1.jpg,1,0.42250195145606995,raccoon,0.8998936414718628,0.2
58b4a915-23d2-11e8-a6a3-ec086b02610b.jpg,data/cropped/raccoon/58b4a915-23d2-11e8-a6a3-ec086b02610b_crop2.jpg,2,0.27561888098716736,raccoon,0.5733409523963928,0.2
58b4a915-23d2-11e8-a6a3-ec086b02610b.jpg,data/cropped/raccoon/58b4a915-23d2-11e8-a6a3-ec086b02610b_crop3.jpg,3,0.22759564220905304,raccoon,0.6279588937759399,0.20004189359028068
58b4a922-23d2-11e8-a6a3-ec086b02610b.jpg,data/cropped/bobcat/58b4a922-23d2-11e8-a6a3-ec086b02610b_crop0.jpg,0,0.7433592677116394,bobcat,0.9955543875694275,0.2
58b4a922-23d2-11e8-a6a3-ec086b02610b.jpg,data/cropped/bobcat/58b4a922-23d2-11e8-a6a3-ec086b02610b_crop1.jpg,1,0.5115594267845154,bobcat,0.9982929825782776,0.20000201621710625
58b4a922-23d2-11e8-a6a3-ec086b02610b.jpg,data/cropped/bobcat/58b4a922-23d2-11e8-a6a3-ec086b02610b_crop2.jpg,2,0.23993191123008728,bobcat,0.9852398633956909,0.2001159147869674
58b4a942-23d2-11e8-a6a3-ec086b02610b.jpg,data/cropped/bobcat/58b4a942-23d2-11e8-a6a3-ec086b02610b_crop0.jpg,0,0.8935205936431885,bobcat,0.9938244819641113,0.2
58b4a972-23d2-11e8-a6a3-ec086b02610b.jpg,data/cropped/coyote/58b4a972-23d2-11e8-a6a3-ec086b02610b_crop0.jpg,0,0.8287109732627869,coyote,0.9960177540779114,0.2
58b4a979-23d2-11e8-a6a3-ec086b02610b.jpg,data/cropped/raccoon/58b4a979-23d2-11e8-a6a3-ec086b02610b_crop0.jpg,0,0.8585382103919983,raccoon,0.9600834250450134,0.2000018290898449
58b4a979-23d2-11e8-a6a3-ec086b02610b.jpg,data/cropped/raccoon/58b4a979-23d2-11e8-a6a3-ec086b02610b_crop1.jpg,1,0.7022509574890137,raccoon,0.9571457505226135,0.2
58b4a9bc-23d2-11e8-a6a3-ec086b02610b.jpg,data/cropped/raccoon/58b4a9bc-23d2-11e8-a6a3-ec086b02610b_crop0.jpg,0,0.8694849014282227,raccoon,0.9884809255599976,0.20000504235578861
58b4a9bc-23d2-11e8-a6a3-ec086b02610b.jpg,data/cropped/raccoon/58b4a9bc-23d2-11e8-a6a3-ec086b02610b_crop1.jpg,1,0.506758987903595,raccoon,0.9749864339828491,0.20000900738605656
58b4a9e3-23d2-11e8-a6a3-ec086b02610b.jpg,data/cropped/opossum/58b4a9e3-23d2-11e8-a6a3-ec086b02610b_crop0.jpg,0,0.7472875118255615,opossum,0.7534669041633606,0.2
58b4a9e3-23d2-11e8-a6a3-ec086b02610b.jpg,data/cropped/opossum/58b4a9e3-23d2-11e8-a6a3-ec086b02610b_crop1.jpg,1,0.2228337824344635,opossum,0.9357282519340515,0.20000266430431685
58b4aa9c-23d2-11e8-a6a3-ec086b02610b.jpg,data/cropped/bobcat/58b4aa9c-23d2-11e8-a6a3-ec086b02610b_crop0.jpg,0,0.7983518838882446,bobcat,0.5017949342727661,0.20000203285087007
58b4aae0-23d2-11e8-a6a3-ec086b02610b.jpg,data/cropped/coyote/58b4aae0-23d2-11e8-a6a3-ec086b02610b_crop0.jpg,0,0.9576016664505005,coyote,0.9925289154052734,0.2
58b4aae9-23d2-11e8-a6a3-ec086b02610b.jpg,data/cropped/mountain_lion/58b4aae9-23d2-11e8-a6a3-ec086b02610b_crop0.jpg,0,0.6330678462982178,mountain_lion,0.9903185367584229,0.2000008469498161
58b4aae9-23d2-11e8-a6a3-ec086b02610b.jpg,data/cropped/mountain_lion/58b4aae9-23d2-11e8-a6a3-ec086b02610b_crop1.jpg,1,0.22689931094646454,mountain_lion,0.9927223324775696,0.20000064425586836
58b4ab02-23d2-11e8-a6a3-ec086b02610b.jpg,data/cropped/coyote/58b4ab02-23d2-11e8-a6a3-ec086b02610b_crop0.jpg,0,0.9284160137176514,coyote,0.999981164932251,0.2000052818296258
58b4ab19-23d2-11e8-a6a3-ec086b02610b.jpg,data/cropped/opossum/58b4ab19-23d2-11e8-a6a3-ec086b02610b_crop0.jpg,0,0.7242589592933655,opossum,0.9970012307167053,0.2
58b4ab40-23d2-11e8-a6a3-ec086b02610b.jpg,data/cropped/raccoon/58b4ab40-23d2-11e8-a6a3-ec086b02610b_crop0.jpg,0,0.8609286546707153,raccoon,0.9500468969345093,0.20000715631783592
58b4ab40-23d2-11e8-a6a3-ec086b02610b.jpg,data/cropped/raccoon/58b4ab40-23d2-11e8-a6a3-ec086b02610b_crop1.jpg,1,0.6887449622154236,raccoon,0.9885480403900146,0.20001506421120024
58b4abc0-23d2-11e8-a6a3-ec086b02610b.jpg,data/cropped/bobcat/58b4abc0-23d2-11e8-a6a3-ec086b02610b_crop0.jpg,0,0.8269534111022949,bobcat,0.552268385887146,0.20000822909809085
58b4abc0-23d2-11e8-a6a3-ec086b02610b.jpg,data/cropped/bobcat/58b4abc0-23d2-11e8-a6a3-ec086b02610b_crop1.jpg,1,0.5976613163948059,bobcat,0.7357582449913025,0.2
58b4abc0-23d2-11e8-a6a3-ec086b02610b.jpg,data/cropped/bobcat/58b4abc0-23d2-11e8-a6a3-ec086b02610b_crop2.jpg,2,0.5578902363777161,bobcat,0.9913582801818848,0.20004295071405562
58b4abc0-23d2-11e8-a6a3-ec086b02610b.jpg,data/cropped/bobcat/58b4abc0-23d2-11e8-a6a3-ec086b02610b_crop3.jpg,3,0.2253430336713791,bobcat,0.9883407354354858,0.20002396931927133
58b4abcd-23d2-11e8-a6a3-ec086b02610b.jpg,data/cropped/opossum/58b4abcd-23d2-11e8-a6a3-ec086b02610b_crop0.jpg,0,0.7308549880981445,opossum,0.5593859553337097,0.20001516990291263
58b663a2-23d2-11e8-a6a3-ec086b02610b.jpg,data/cropped/coyote/58b663a2-23d2-11e8-a6a3-ec086b02610b_crop0.jpg,0,0.9623039960861206,coyote,0.9998904466629028,0.2
58b6647d-23d2-11e8-a6a3-ec086b02610b.jpg,data/cropped/coyote/58b6647d-23d2-11e8-a6a3-ec086b02610b_crop0.jpg,0,0.8709737658500671,coyote,0.9999949932098389,0.2
58b66571-23d2-11e8-a6a3-ec086b02610b.jpg,data/cropped/opossum/58b66571-23d2-11e8-a6a3-ec086b02610b_crop0.jpg,0,0.8241743445396423,opossum,0.9996242523193359,0.2
58b66573-23d2-11e8-a6a3-ec086b02610b.jpg,data/cropped/opossum/58b66573-23d2-11e8-a6a3-ec086b02610b_crop0.jpg,0,0.631275475025177,opossum,0.9998123049736023,0.2
58b66573-23d2-11e8-a6a3-ec086b02610b.jpg,data/cropped/opossum/58b66573-23d2-11e8-a6a3-ec086b02610b_crop1.jpg,1,0.37667953968048096,opossum,0.9999442100524902,0.2
58b665f5-23d2-11e8-a6a3-ec086b02610b.jpg,data/cropped/opossum/58b665f5-23d2-11e8-a6a3-ec086b02610b_crop0.jpg,0,0.4823300540447235,opossum,0.9872036576271057,0.20000909752547308
58b665f5-23d2-11e8-a6a3-ec086b02610b.jpg,data/cropped/opossum/58b665f5-23d2-11e8-a6a3-ec086b02610b_crop1.jpg,1,0.29036492109298706,opossum,0.9315978288650513,0.2
58b666a9-23d2-11e8-a6a3-ec086b02610b.jpg,data/cropped/coyote/58b666a9-23d2-11e8-a6a3-ec086b02610b_crop0.jpg,0,0.7608453035354614,coyote,0.9999059438705444,0.2000016557250834
58b666aa-23d2-11e8-a6a3-ec086b02610b.jpg,data/cropped/coyote/58b666aa-23d2-11e8-a6a3-ec086b02610b_crop0.jpg,0,0.8797885775566101,coyote,0.9997159838676453,0.20000687072726647
58b666b4-23d2-11e8-a6a3-ec086b02610b.jpg,data/cropped/coyote/58b666b4-23d2-11e8-a6a3-ec086b02610b_crop0.jpg,0,0.23842540383338928,coyote,0.9995114803314209,0.20000030754137585
58b666be-23d2-11e8-a6a3-ec086b02610b.jpg,data/cropped/raccoon/58b666be-23d2-11e8-a6a3-ec086b02610b_crop0.jpg,0,0.8467316031455994,raccoon,0.9997441172599792,0.2000110229276896
58b666be-23d2-11e8-a6a3-ec086b02610b.jpg,data/cropped/raccoon/58b666be-23d2-11e8-a6a3-ec086b02610b_crop1.jpg,1,0.22280479967594147,raccoon,0.36906924843788147,0.2
58b666d1-23d2-11e8-a6a3-ec086b02610b.jpg,data/cropped/opossum/58b666d1-23d2-11e8-a6a3-ec086b02610b_crop0.jpg,0,0.8657971620559692,opossum,0.999945878982544,0.20002236135957066
58b66700-23d2-11e8-a6a3-ec086b02610b.jpg,data/cropped/coyote/58b66700-23d2-11e8-a6a3-ec086b02610b_crop0.jpg,0,0.961088240146637,coyote,0.9998612403869629,0.20000363949028938
58b66712-23d2-11e8-a6a3-ec086b02610b.jpg,data/cropped/coyote/58b66712-23d2-11e8-a6a3-ec086b02610b_crop0.jpg,0,0.34374648332595825,coyote,0.5094560384750366,0.2000050342644625
58b66712-23d2-11e8-a6a3-ec086b02610b.jpg,data/cropped/coyote/58b66712-23d2-11e8-a6a3-ec086b02610b_crop1.jpg,1,0.27321383357048035,deer,0.8627394437789917,0.20000181679444787
58b66712-23d2-11e8-a6a3-ec086b02610b.jpg,data/cropped/coyote/58b66712-23d2-11e8-a6a3-ec086b02610b_crop2.jpg,2,0.2290688157081604,deer,0.732711672782898,0.20000291549439497
58b81fe5-23d2-11e8-a6a3-ec086b02610b.jpg,data/cropped/raccoon/58b81fe5-23d2-11e8-a6a3-ec086b02610b_crop0.jpg,0,0.2028646171092987,raccoon,0.41279691457748413,0.2000294920002949
58b82011-23d2-11e8-a6a3-ec086b02610b.jpg,data/cropped/coyote/58b82011-23d2-11e8-a6a3-ec086b02610b_crop0.jpg,0,0.9578188061714172,coyote,0.9999157190322876,0.20005722843125173
58b8203a-23d2-11e8-a6a3-ec086b02610b.jpg,data/cropped/coyote/58b8203a-23d2-11e8-a6a3-ec086b02610b_crop0.jpg,0,0.9633837342262268,coyote,0.9973987340927124,0.2
58b82046-23d2-11e8-a6a3-ec086b02610b.jpg,data/cropped/opossum/58b82046-23d2-11e8-a6a3-ec086b02610b_crop0.jpg,0,0.805847704410553,opossum,0.9974402189254761,0.200004483902789
58b82046-23d2-11e8-a6a3-ec086b02610b.jpg,data/cropped/opossum/58b82046-23d2-11e8-a6a3-ec086b02610b_crop1.jpg,1,0.7943128943443298,opossum,0.9563764333724976,0.20000267222489446
58b82054-23d2-11e8-a6a3-ec086b02610b.jpg,data/cropped/raccoon/58b82054-23d2-11e8-a6a3-ec086b02610b_crop0.jpg,0,0.8677492141723633,raccoon,0.9890228509902954,0.20000095678215027
58b82054-23d2-11e8-a6a3-ec086b02610b.jpg,data/cropped/raccoon/58b82054-23d2-11e8-a6a3-ec086b02610b_crop1.jpg,1,0.24866682291030884,raccoon,0.8900425434112549,0.20001044168319934
58b82061-23d2-11e8-a6a3-ec086b02610b.jpg,data/cropped/coyote/58b82061-23d2-11e8-a6a3-ec086b02610b_crop0.jpg,0,0.91346275806427,coyote,0.9954178333282471,0.20000352211890673
58b82118-23d2-11e8-a6a3-ec086b02610b.jpg,data/cropped/coyote/58b82118-23d2-11e8-a6a3-ec086b02610b_crop0.jpg,0,0.9554611444473267,coyote,0.9999352693557739,0.20000150802268066
58b821bb-23d2-11e8-a6a3-ec086b02610b.jpg,data/cropped/coyote/58b821bb-23d2-11e8-a6a3-ec086b02610b_crop0.jpg,0,0.9532557725906372,coyote,0.9999701976776123,0.20000193753390685
58b821d2-23d2-11e8-a6a3-ec086b02610b.jpg,data/cropped/bobcat/58b821d2-23d2-11e8-a6a3-ec086b02610b_crop0.jpg,0,0.5601035356521606,bobcat,0.9983377456665039,0.2
58b821f5-23d2-11e8-a6a3-ec086b02610b.jpg,data/cropped/opossum/58b821f5-23d2-11e8-a6a3-ec086b02610b_crop0.jpg,0,0.8076108694076538,opossum,0.9999816417694092,0.20000806565442703
58b8220a-23d2-11e8-a6a3-ec086b02610b.jpg,data/cropped/coyote/58b8220a-23d2-11e8-a6a3-ec086b02610b_crop0.jpg,0,0.9308163523674011,coyote,0.9999545812606812,0.20000532141336738
58b8220a-23d2-11e8-a6a3-ec086b02610b.jpg,data/cropped/coyote/58b8220a-23d2-11e8-a6a3-ec086b02610b_crop1.jpg,1,0.2240774929523468,coyote,0.8346211910247803,0.2012012012012012
58b8227d-23d2-11e8-a6a3-ec086b02610b.jpg,data/cropped/coyote/58b8227d-23d2-11e8-a6a3-ec086b02610b_crop0.jpg,0,0.923164427280426,coyote,0.9993236064910889,0.2
58b82298-23d2-11e8-a6a3-ec086b02610b.jpg,data/cropped/mountain_lion/58b82298-23d2-11e8-a6a3-ec086b02610b_crop0.jpg,0,0.5755384564399719,mountain_lion,0.9998874664306641,0.20000061668629784
58b8239c-23d2-11e8-a6a3-ec086b02610b.jpg,data/cropped/opossum/58b8239c-23d2-11e8-a6a3-ec086b02610b_crop0.jpg,0,0.788851797580719,opossum,0.9989303946495056,0.2
58b9d5ff-23d2-11e8-a6a3-ec086b02610b.jpg,data/cropped/coyote/58b9d5ff-23d2-11e8-a6a3-ec086b02610b_crop0.jpg,0,0.6304565668106079,bobcat,0.511060893535614,0.20004625346901017
58b9d610-23d2-11e8-a6a3-ec086b02610b.jpg,data/cropped/opossum/58b9d610-23d2-11e8-a6a3-ec086b02610b_crop0.jpg,0,0.6042274236679077,opossum,0.999472439289093,0.20001402622904832
58b9d610-23d2-11e8-a6a3-ec086b02610b.jpg,data/cropped/opossum/58b9d610-23d2-11e8-a6a3-ec086b02610b_crop1.jpg,1,0.3125647008419037,opossum,0.8810661435127258,0.20003067955207854
58b9d610-23d2-11e8-a6a3-ec086b02610b.jpg,data/cropped/opossum/58b9d610-23d2-11e8-a6a3-ec086b02610b_crop2.jpg,2,0.23545870184898376,opossum,0.9712030291557312,0.20002292964420834
58b9d662-23d2-11e8-a6a3-ec086b02610b.jpg,data/cropped/raccoon/58b9d662-23d2-11e8-a6a3-ec086b02610b_crop0.jpg,0,0.3975047171115875,raccoon,0.41849491000175476,0.2001231527093596
58b9d662-23d2-11e8-a6a3-ec086b02610b.jpg,data/cropped/raccoon/58b9d662-23d2-11e8-a6a3-ec086b02610b_crop1.jpg,1,0.23865199089050293,opossum,0.2816465497016907,0.2
58b9d662-23d2-11e8-a6a3-ec086b02610b.jpg,data/cropped/raccoon/58b9d662-23d2-11e8-a6a3-ec086b02610b_crop2.jpg,2,0.21583878993988037,raccoon,0.8249717354774475,0.20002388344877
58b9d66e-23d2-11e8-a6a3-ec086b02610b.jpg,data/cropped/coyote/58b9d66e-23d2-11e8-a6a3-ec086b02610b_crop0.jpg,0,0.9620713591575623,coyote,0.9999366998672485,0.2
58b9d6a9-23d2-11e8-a6a3-ec086b02610b.jpg,data/cropped/bobcat/58b9d6a9-23d2-11e8-a6a3-ec086b02610b_crop0.jpg,0,0.8708535432815552,bobcat,0.9989307522773743,0.20000264029888185
58b9d6cc-23d2-11e8-a6a3-ec086b02610b.jpg,data/cropped/coyote/58b9d6cc-23d2-11e8-a6a3-ec086b02610b_crop0.jpg,0,0.9391523003578186,coyote,0.9931123852729797,0.20000179148863748
58b9d6f7-23d2-11e8-a6a3-ec086b02610b.jpg,data/cropped/bobcat/58b9d6f7-23d2-11e8-a6a3-ec086b02610b_crop0.jpg,0,0.9541288018226624,bobcat,0.9964128136634827,0.2000059895482383
58b9d710-23d2-11e8-a6a3-ec086b02610b.jpg,data/cropped/opossum/58b9d710-23d2-11e8-a6a3-ec086b02610b_crop0.jpg,0,0.20423567295074463,opossum,0.41994693875312805,0.20004251700680273
58b9d7ef-23d2-11e8-a6a3-ec086b02610b.jpg,data/cropped/coyote/58b9d7ef-23d2-11e8-a6a3-ec086b02610b_crop0.jpg,0,0.9669023752212524,coyote,0.9998877048492432,0.2000016309854618
58b9d814-23d2-11e8-a6a3-ec086b02610b.jpg,data/cropped/coyote/58b9d814-23d2-11e8-a6a3-ec086b02610b_crop0.jpg,0,0.8537519574165344,coyote,0.999946117401123,0.20000345503701208
58b9d840-23d2-11e8-a6a3-ec086b02610b.jpg,data/cropped/opossum/58b9d840-23d2-11e8-a6a3-ec086b02610b_crop0.jpg,0,0.7772762775421143,opossum,0.9999978542327881,0.20000752756972412
58b9d87f-23d2-11e8-a6a3-ec086b02610b.jpg,data/cropped/coyote/58b9d87f-23d2-11e8-a6a3-ec086b02610b_crop0.jpg,0,0.6296646595001221,opossum,0.35888588428497314,0.2
58b9d8b3-23d2-11e8-a6a3-ec086b02610b.jpg,data/cropped/coyote/58b9d8b3-23d2-11e8-a6a3-ec086b02610b_crop0.jpg,0,0.9600139856338501,coyote,0.999982476234436,0.20000088078953973
58b9d8b3-23d2-11e8-a6a3-ec086b02610b.jpg,data/cropped/coyote/58b9d8b3-23d2-11e8-a6a3-ec086b02610b_crop1.jpg,1,0.40432319045066833,coyote,0.9818226099014282,0.2
58b9d8f9-23d2-11e8-a6a3-ec086b02610b.jpg,data/cropped/opossum/58b9d8f9-23d2-11e8-a6a3-ec086b02610b_crop0.jpg,0,0.6783571839332581,opossum,0.7409929633140564,0.20004490345756623
58b9d942-23d2-11e8-a6a3-ec086b02610b.jpg,data/cropped/coyote/58b9d942-23d2-11e8-a6a3-ec086b02610b_crop0.jpg,0,0.8800542950630188,coyote,0.9999219179153442,0.2
58bb89d3-23d2-11e8-a6a3-ec086b02610b.jpg,data/cropped/opossum/58bb89d3-23d2-11e8-a6a3-ec086b02610b_crop0.jpg,0,0.7935073971748352,opossum,0.9995046854019165,0.20003413551800647
58bb8a5a-23d2-11e8-a6a3-ec086b02610b.jpg,data/cropped/coyote/58bb8a5a-23d2-11e8-a6a3-ec086b02610b_crop0.jpg,0,0.9636265635490417,coyote,0.9999816417694092,0.2
58bb8a5a-23d2-11e8-a6a3-ec086b02610b.jpg,data/cropped/coyote/58bb8a5a-23d2-11e8-a6a3-ec086b02610b_crop1.jpg,1,0.8668637871742249,coyote,0.9981714487075806,0.2
58bb8b2e-23d2-11e8-a6a3-ec086b02610b.jpg,data/cropped/opossum/58bb8b2e-23d2-11e8-a6a3-ec086b02610b_crop0.jpg,0,0.7726213335990906,opossum,0.9999978542327881,0.20000720876585928
58bb8b5e-23d2-11e8-a6a3-ec086b02610b.jpg,data/cropped/bobcat/58bb8b5e-23d2-11e8-a6a3-ec086b02610b_crop0.jpg,0,0.8082693219184875,bobcat,0.993757963180542,0.20001603334936668
58bb8b78-23d2-11e8-a6a3-ec086b02610b.jpg,data/cropped/bobcat/58bb8b78-23d2-11e8-a6a3-ec086b02610b_crop0.jpg,0,0.8371075391769409,bobcat,0.9989514350891113,0.2
58bb8b84-23d2-11e8-a6a3-ec086b02610b.jpg,data/cropped/opossum/58bb8b84-23d2-11e8-a6a3-ec086b02610b_crop0.jpg,0,0.6956472992897034,opossum,0.9969694018363953,0.20000831117021275
58bb8b84-23d2-11e8-a6a3-ec086b02610b.jpg,data/cropped/opossum/58bb8b84-23d2-11e8-a6a3-ec086b02610b_crop1.jpg,1,0.3965742290019989,opossum,0.5593068599700928,0.2
58bb8c49-23d2-11e8-a6a3-ec086b02610b.jpg,data/cropped/coyote/58bb8c49-23d2-11e8-a6a3-ec086b02610b_crop0.jpg,0,0.9628254175186157,coyote,0.7446245551109314,0.2000010492133523
58bb8c55-23d2-11e8-a6a3-ec086b02610b.jpg,data/cropped/coyote/58bb8c55-23d2-11e8-a6a3-ec086b02610b_crop0.jpg,0,0.9613638520240784,coyote,0.9995138645172119,0.2
58bb8cbc-23d2-11e8-a6a3-ec086b02610b.jpg,data/cropped/bobcat/58bb8cbc-23d2-11e8-a6a3-ec086b02610b_crop0.jpg,0,0.508320152759552,bobcat,0.9977502226829529,0.20000040576675715
58bb8cd9-23d2-11e8-a6a3-ec086b02610b.jpg,data/cropped/coyote/58bb8cd9-23d2-11e8-a6a3-ec086b02610b_crop0.jpg,0,0.965355396270752,coyote,0.9999911785125732,0.20000338794990916
58bd19e2-23d2-11e8-a6a3-ec086b02610b.jpg,data/cropped/opossum/58bd19e2-23d2-11e8-a6a3-ec086b02610b_crop0.jpg,0,0.777047336101532,opossum,0.9999715089797974,0.20001347799716962
58bd19e2-23d2-11e8-a6a3-ec086b02610b.jpg,data/cropped/opossum/58bd19e2-23d2-11e8-a6a3-ec086b02610b_crop1.jpg,1,0.369844913482666,coyote,0.9754344820976257,0.2
58bd19f2-23d2-11e8-a6a3-ec086b02610b.jpg,data/cropped/coyote/58bd19f2-23d2-11e8-a6a3-ec086b02610b_crop0.jpg,0,0.8618754744529724,coyote,0.7476999759674072,0.2
58bd1a17-23d2-11e8-a6a3-ec086b02610b.jpg,data/cropped/coyote/58bd1a17-23d2-11e8-a6a3-ec086b02610b_crop0.jpg,0,0.6210876703262329,coyote,0.7386561036109924,0.20000151855676365
58bd1a17-23d2-11e8-a6a3-ec086b02610b.jpg,data/cropped/coyote/58bd1a17-23d2-11e8-a6a3-ec086b02610b_crop1.jpg,1,0.24741244316101074,bobcat,0.41473817825317383,0.20001715412985677
58bd1a17-23d2-11e8-a6a3-ec086b02610b.jpg,data/cropped/coyote/58bd1a17-23d2-11e8-a6a3-ec086b02610b_crop2.jpg,2,0.20366808772087097,coyote,0.8132513761520386,0.20000873305242015
58bd1a35-23d2-11e8-a6a3-ec086b02610b.jpg,data/cropped/mountain_lion/58bd1a35-23d2-11e8-a6a3-ec086b02610b_crop0.jpg,0,0.9542218446731567,mountain_lion,0.9997748732566833,0.2
58bd1a35-23d2-11e8-a6a3-ec086b02610b.jpg,data/cropped/mountain_lion/58bd1a35-23d2-11e8-a6a3-ec086b02610b_crop1.jpg,1,0.7923966646194458,mountain_lion,0.9998749494552612,0.20000085627801634
58bd1a35-23d2-11e8-a6a3-ec086b02610b.jpg,data/cropped/mountain_lion/58bd1a35-23d2-11e8-a6a3-ec086b02610b_crop2.jpg,2,0.23165158927440643,mountain_lion,0.9998328685760498,0.2000008355475343
58bd1a43-23d2-11e8-a6a3-ec086b02610b.jpg,data/cropped/bobcat/58bd1a43-23d2-11e8-a6a3-ec086b02610b_crop0.jpg,0,0.20605610311031342,coyote,0.5149956345558167,0.20000559612747978
58bd1a8b-23d2-11e8-a6a3-ec086b02610b.jpg,data/cropped/raccoon/58bd1a8b-23d2-11e8-a6a3-ec086b02610b_crop0.jpg,0,0.8657418489456177,raccoon,0.9744400978088379,0.2
58bd1a8b-23d2-11e8-a6a3-ec086b02610b.jpg,data/cropped/raccoon/58bd1a8b-23d2-11e8-a6a3-ec086b02610b_crop1.jpg,1,0.678598165512085,raccoon,0.9787818789482117,0.2
58bd1acc-23d2-11e8-a6a3-ec086b02610b.jpg,data/cropped/coyote/58bd1acc-23d2-11e8-a6a3-ec086b02610b_crop0.jpg,0,0.8927811980247498,coyote,0.9999790191650391,0.20000212429234512
58bd1c1a-23d2-11e8-a6a3-ec086b02610b.jpg,data/cropped/mountain_lion/58bd1c1a-23d2-11e8-a6a3-ec086b02610b_crop0.jpg,0,0.21228623390197754,opossum,0.4818067252635956,0.2
58bd1c33-23d2-11e8-a6a3-ec086b02610b.jpg,data/cropped/coyote/58bd1c33-23d2-11e8-a6a3-ec086b02610b_crop0.jpg,0,0.9046739339828491,coyote,0.998127281665802,0.20000503220611915
58bd1cc2-23d2-11e8-a6a3-ec086b02610b.jpg,data/cropped/opossum/58bd1cc2-23d2-11e8-a6a3-ec086b02610b_crop0.jpg,0,0.6015686988830566,opossum,0.9999788999557495,0.2
58bd1d13-23d2-11e8-a6a3-ec086b02610b.jpg,data/cropped/bobcat/58bd1d13-23d2-11e8-a6a3-ec086b02610b_crop0.jpg,0,0.7708913087844849,bobcat,0.9681755304336548,0.2000053546567665
58bea4bf-23d2-11e8-a6a3-ec086b02610b.jpg,data/cropped/bobcat/58bea4bf-23d2-11e8-a6a3-ec086b02610b_crop0.jpg,0,0.9777647852897644,bobcat,0.7970995306968689,0.2000008563421772
58bea4ef-23d2-11e8-a6a3-ec086b02610b.jpg,data/cropped/bobcat/58bea4ef-23d2-11e8-a6a3-ec086b02610b_crop0.jpg,0,0.8590653538703918,bobcat,0.7122755646705627,0.2000014894916365
58bea541-23d2-11e8-a6a3-ec086b02610b.jpg,data/cropped/coyote/58bea541-23d2-11e8-a6a3-ec086b02610b_crop0.jpg,0,0.933464527130127,coyote,0.9999815225601196,0.20000518349574953
58bea66e-23d2-11e8-a6a3-ec086b02610b.jpg,data/cropped/raccoon/58bea66e-23d2-11e8-a6a3-ec086b02610b_crop0.jpg,0,0.4889916181564331,raccoon,0.9998396635055542,0.2
58bea66e-23d2-11e8-a6a3-ec086b02610b.jpg,data/cropped/raccoon/58bea66e-23d2-11e8-a6a3-ec086b02610b_crop1.jpg,1,0.4617161154747009,raccoon,0.9695967435836792,0.20004095004095004
58bea6f3-23d2-11e8-a6a3-ec086b02610b.jpg,data/cropped/mountain_lion/58bea6f3-23d2-11e8-a6a3-ec086b02610b_crop0.jpg,0,0.4208777844905853,mountain_lion,0.9992138147354126,0.20000758430428228
58bea6f3-23d2-11e8-a6a3-ec086b02610b.jpg,data/cropped/mountain_lion/58bea6f3-23d2-11e8-a6a3-ec086b02610b_crop1.jpg,1,0.23077231645584106,mountain_lion,0.997804582118988,0.2
58bea726-23d2-11e8-a6a3-ec086b02610b.jpg,data/cropped/coyote/58bea726-23d2-11e8-a6a3-ec086b02610b_crop0.jpg,0,0.9636428952217102,coyote,0.9904070496559143,0.20000203958841106
58bea799-23d2-11e8-a6a3-ec086b02610b.jpg,data/cropped/raccoon/58bea799-23d2-11e8-a6a3-ec086b02610b_crop0.jpg,0,0.8355966210365295,raccoon,0.9557496309280396,0.2
58bea7ec-23d2-11e8-a6a3-ec086b02610b.jpg,data/cropped/coyote/58bea7ec-23d2-11e8-a6a3-ec086b02610b_crop0.jpg,0,0.9691731929779053,coyote,0.9998748302459717,0.20000083017176254
58bea803-23d2-11e8-a6a3-ec086b02610b.jpg,data/cropped/coyote/58bea803-23d2-11e8-a6a3-ec086b02610b_crop0.jpg,0,0.8731096386909485,coyote,0.9999088048934937,0.2000010838111134
58bea823-23d2-11e8-a6a3-ec086b02610b.jpg,data/cropped/deer/58bea823-23d2-11e8-a6a3-ec086b02610b_crop0.jpg,0,0.3787330389022827,deer,0.9904587268829346,0.20006242197253432
58bea887-23d2-11e8-a6a3-ec086b02610b.jpg,data/cropped/opossum/58bea887-23d2-11e8-a6a3-ec086b02610b_crop0.jpg,0,0.709031343460083,opossum,0.9999470710754395,0.20001446366907125
58bea887-23d2-11e8-a6a3-ec086b02610b.jpg,data/cropped/opossum/58bea887-23d2-11e8-a6a3-ec086b02610b_crop1.jpg,1,0.4333362877368927,raccoon,0.70009446144104,0.2001721911321567
58c03375-23d2-11e8-a6a3-ec086b02610b.jpg,data/cropped/deer/58c03375-23d2-11e8-a6a3-ec086b02610b_crop0.jpg,0,0.6631293892860413,deer,0.9876898527145386,0.2
58c03375-23d2-11e8-a6a3-ec086b02610b.jpg,data/cropped/deer/58c03375-23d2-11e8-a6a3-ec086b02610b_crop1.jpg,1,0.5714476108551025,deer,0.9790082573890686,0.20007119971520113
58c033a4-23d2-11e8-a6a3-ec086b02610b.jpg,data/cropped/coyote/58c033a4-23d2-11e8-a6a3-ec086b02610b_crop0.jpg,0,0.9221928119659424,coyote,0.999612033367157,0.2
58c033cd-23d2-11e8-a6a3-ec086b02610b.jpg,data/cropped/bobcat/58c033cd-23d2-11e8-a6a3-ec086b02610b_crop0.jpg,0,0.65774005651474,bobcat,0.6616854071617126,0.20001623508401656
58c033cd-23d2-11e8-a6a3-ec086b02610b.jpg,data/cropped/bobcat/58c033cd-23d2-11e8-a6a3-ec086b02610b_crop1.jpg,1,0.2937823235988617,bobcat,0.9468600153923035,0.20004948657676605
58c033cd-23d2-11e8-a6a3-ec086b02610b.jpg,data/cropped/bobcat/58c033cd-23d2-11e8-a6a3-ec086b02610b_crop2.jpg,2,0.27120447158813477,bobcat,0.33055588603019714,0.20001589319771138
58c033ce-23d2-11e8-a6a3-ec086b02610b.jpg,data/cropped/raccoon/58c033ce-23d2-11e8-a6a3-ec086b02610b_crop0.jpg,0,0.2286108434200287,raccoon,0.8890354633331299,0.20000872828838265
58c033ce-23d2-11e8-a6a3-ec086b02610b.jpg,data/cropped/raccoon/58c033ce-23d2-11e8-a6a3-ec086b02610b_crop1.jpg,1,0.22515754401683807,raccoon,0.8634433746337891,0.200028047868362
58c033fc-23d2-11e8-a6a3-ec086b02610b.jpg,data/cropped/raccoon/58c033fc-23d2-11e8-a6a3-ec086b02610b_crop0.jpg,0,0.3832877576351166,raccoon,0.976348876953125,0.2
58c03424-23d2-11e8-a6a3-ec086b02610b.jpg,data/cropped/mountain_lion/58c03424-23d2-11e8-a6a3-ec086b02610b_crop0.jpg,0,0.3982897400856018,deer,0.28017014265060425,0.20001197318007663
58c03457-23d2-11e8-a6a3-ec086b02610b.jpg,data/cropped/bobcat/58c03457-23d2-11e8-a6a3-ec086b02610b_crop0.jpg,0,0.8694932460784912,raccoon,0.8699062466621399,0.20001365280906547
58c03465-23d2-11e8-a6a3-ec086b02610b.jpg,data/cropped/opossum/58c03465-23d2-11e8-a6a3-ec086b02610b_crop0.jpg,0,0.7926511168479919,opossum,0.9999932050704956,0.20000424682549794
58c03465-23d2-11e8-a6a3-ec086b02610b.jpg,data/cropped/opossum/58c03465-23d2-11e8-a6a3-ec086b02610b_crop1.jpg,1,0.7448440790176392,opossum,0.949800431728363,0.2000478154324308
58c034ec-23d2-11e8-a6a3-ec086b02610b.jpg,data/cropped/deer/58c034ec-23d2-11e8-a6a3-ec086b02610b_crop0.jpg,0,0.6150130033493042,deer,0.9798575043678284,0.20000532141336738
58c034ec-23d2-11e8-a6a3-ec086b02610b.jpg,data/cropped/deer/58c034ec-23d2-11e8-a6a3-ec086b02610b_crop1.jpg,1,0.20085564255714417,deer,0.980701208114624,0.20000201178908403
58c03518-23d2-11e8-a6a3-ec086b02610b.jpg,data/cropped/raccoon/58c03518-23d2-11e8-a6a3-ec086b02610b_crop0.jpg,0,0.846625566482544,raccoon,0.9987131357192993,0.2
58c0357e-23d2-11e8-a6a3-ec086b02610b.jpg,data/cropped/mountain_lion/58c0357e-23d2-11e8-a6a3-ec086b02610b_crop0.jpg,0,0.9188213348388672,mountain_lion,0.9999980926513672,0.20000058125623035
58c0357e-23d2-11e8-a6a3-ec086b02610b.jpg,data/cropped/mountain_lion/58c0357e-23d2-11e8-a6a3-ec086b02610b_crop1.jpg,1,0.29735755920410156,mountain_lion,0.9999991655349731,0.2
58c0358d-23d2-11e8-a6a3-ec086b02610b.jpg,data/cropped/raccoon/58c0358d-23d2-11e8-a6a3-ec086b02610b_crop0.jpg,0,0.7806882858276367,bobcat,0.8178588151931763,0.2
58c0358d-23d2-11e8-a6a3-ec086b02610b.jpg,data/cropped/raccoon/58c0358d-23d2-11e8-a6a3-ec086b02610b_crop1.jpg,1,0.247590571641922,bobcat,0.8836016058921814,0.2
58c035ce-23d2-11e8-a6a3-ec086b02610b.jpg,data/cropped/opossum/58c035ce-23d2-11e8-a6a3-ec086b02610b_crop0.jpg,0,0.8301388025283813,opossum,0.9999673366546631,0.2
58c035d1-23d2-11e8-a6a3-ec086b02610b.jpg,data/cropped/bobcat/58c035d1-23d2-11e8-a6a3-ec086b02610b_crop0.jpg,0,0.5752957463264465,bobcat,0.4116850793361664,0.2
58c035d1-23d2-11e8-a6a3-ec086b02610b.jpg,data/cropped/bobcat/58c035d1-23d2-11e8-a6a3-ec086b02610b_crop1.jpg,1,0.4052557647228241,bobcat,0.9655466079711914,0.2000024879541553
58c036e2-23d2-11e8-a6a3-ec086b02610b.jpg,data/cropped/opossum/58c036e2-23d2-11e8-a6a3-ec086b02610b_crop0.jpg,0,0.6330504417419434,opossum,0.9970530271530151,0.2
58c036e2-23d2-11e8-a6a3-ec086b02610b.jpg,data/cropped/opossum/58c036e2-23d2-11e8-a6a3-ec086b02610b_crop1.jpg,1,0.43706026673316956,opossum,0.8808144330978394,0.2000165713812246
58c036e2-23d2-11e8-a6a3-ec086b02610b.jpg,data/cropped/opossum/58c036e2-23d2-11e8-a6a3-ec086b02610b_crop2.jpg,2,0.2660554349422455,opossum,0.8071206212043762,0.2
58c03706-23d2-11e8-a6a3-ec086b02610b.jpg,data/cropped/coyote/58c03706-23d2-11e8-a6a3-ec086b02610b_crop0.jpg,0,0.9376922249794006,coyote,0.999997615814209,0.20000427748013644
58c1c146-23d2-11e8-a6a3-ec086b02610b.jpg,data/cropped/coyote/58c1c146-23d2-11e8-a6a3-ec086b02610b_crop0.jpg,0,0.9417506456375122,coyote,0.9998379945755005,0.20000558909009614
58c1c15b-23d2-11e8-a6a3-ec086b02610b.jpg,data/cropped/bobcat/58c1c15b-23d2-11e8-a6a3-ec086b02610b_crop0.jpg,0,0.9089294672012329,bobcat,0.966693103313446,0.200009055305277
58c1c172-23d2-11e8-a6a3-ec086b02610b.jpg,data/cropped/coyote/58c1c172-23d2-11e8-a6a3-ec086b02610b_crop0.jpg,0,0.9484032988548279,coyote,0.9999700784683228,0.20000467327935695
58c1c184-23d2-11e8-a6a3-ec086b02610b.jpg,data/cropped/coyote/58c1c184-23d2-11e8-a6a3-ec086b02610b_crop0.jpg,0,0.9230660200119019,coyote,0.9999780654907227,0.20000115449111475
58c1c1ec-23d2-11e8-a6a3-ec086b02610b.jpg,data/cropped/deer/58c1c1ec-23d2-11e8-a6a3-ec086b02610b_crop0.jpg,0,0.9296225309371948,deer,0.9986594915390015,0.2000010264446353
58c1c1ec-23d2-11e8-a6a3-ec086b02610b.jpg,data/cropped/deer/58c1c1ec-23d2-11e8-a6a3-ec086b02610b_crop1.jpg,1,0.9084545969963074,deer,0.9985138773918152,0.2
58c1c2bd-23d2-11e8-a6a3-ec086b02610b.jpg,data/cropped/coyote/58c1c2bd-23d2-11e8-a6a3-ec086b02610b_crop0.jpg,0,0.9692713022232056,coyote,0.9999841451644897,0.20000158624409123
58c1c2d8-23d2-11e8-a6a3-ec086b02610b.jpg,data/cropped/coyote/58c1c2d8-23d2-11e8-a6a3-ec086b02610b_crop0.jpg,0,0.9529069066047668,coyote,0.9998513460159302,0.2000037651311207
58c1c349-23d2-11e8-a6a3-ec086b02610b.jpg,data/cropped/opossum/58c1c349-23d2-11e8-a6a3-ec086b02610b_crop0.jpg,0,0.8487159013748169,opossum,0.9644990563392639,0.2000215889464594
58c1c34d-23d2-11e8-a6a3-ec086b02610b.jpg,data/cropped/opossum/58c1c34d-23d2-11e8-a6a3-ec086b02610b_crop0.jpg,0,0.646705687046051,opossum,0.8605190515518188,0.20002688533405028
58c1c385-23d2-11e8-a6a3-ec086b02610b.jpg,data/cropped/opossum/58c1c385-23d2-11e8-a6a3-ec086b02610b_crop0.jpg,0,0.6545460224151611,opossum,0.9981697797775269,0.20002203290246767
58c1c3a4-23d2-11e8-a6a3-ec086b02610b.jpg,data/cropped/bobcat/58c1c3a4-23d2-11e8-a6a3-ec086b02610b_crop0.jpg,0,0.28805971145629883,raccoon,0.44539231061935425,0.2000715179688897
58c34bd7-23d2-11e8-a6a3-ec086b02610b.jpg,data/cropped/coyote/58c34bd7-23d2-11e8-a6a3-ec086b02610b_crop0.jpg,0,0.9340291023254395,coyote,0.999593198299408,0.2
58c34c62-23d2-11e8-a6a3-ec086b02610b.jpg,data/cropped/coyote/58c34c62-23d2-11e8-a6a3-ec086b02610b_crop0.jpg,0,0.8803196549415588,coyote,0.9825648665428162,0.20000254108618729
58c34c62-23d2-11e8-a6a3-ec086b02610b.jpg,data/cropped/coyote/58c34c62-23d2-11e8-a6a3-ec086b02610b_crop1.jpg,1,0.31407082080841064,coyote,0.8999161720275879,0.2
58c34c75-23d2-11e8-a6a3-ec086b02610b.jpg,data/cropped/raccoon/58c34c75-23d2-11e8-a6a3-ec086b02610b_crop0.jpg,0,0.8741166591644287,raccoon,0.90330970287323,0.2
58c34cd6-23d2-11e8-a6a3-ec086b02610b.jpg,data/cropped/coyote/58c34cd6-23d2-11e8-a6a3-ec086b02610b_crop0.jpg,0,0.6998884677886963,coyote,0.9991312623023987,0.20000514482687656
58c34ce0-23d2-11e8-a6a3-ec086b02610b.jpg,data/cropped/raccoon/58c34ce0-23d2-11e8-a6a3-ec086b02610b_crop0.jpg,0,0.8616615533828735,raccoon,0.8259533643722534,0.20000665948921717
58c34ce0-23d2-11e8-a6a3-ec086b02610b.jpg,data/cropped/raccoon/58c34ce0-23d2-11e8-a6a3-ec086b02610b_crop1.jpg,1,0.6404473185539246,raccoon,0.8493502736091614,0.2000364254492472
58c34da7-23d2-11e8-a6a3-ec086b02610b.jpg,data/cropped/coyote/58c34da7-23d2-11e8-a6a3-ec086b02610b_crop0.jpg,0,0.9027289748191833,coyote,0.9981797933578491,0.20000285019381317
58c34da7-23d2-11e8-a6a3-ec086b02610b.jpg,data/cropped/coyote/58c34da7-23d2-11e8-a6a3-ec086b02610b_crop1.jpg,1,0.2874898314476013,mountain_lion,0.7157939672470093,0.2
58c34dc8-23d2-11e8-a6a3-ec086b02610b.jpg,data/cropped/opossum/58c34dc8-23d2-11e8-a6a3-ec086b02610b_crop0.jpg,0,0.8967382311820984,opossum,0.9999388456344604,0.2
58c34dc8-23d2-11e8-a6a3-ec086b02610b.jpg,data/cropped/opossum/58c34dc8-23d2-11e8-a6a3-ec086b02610b_crop1.jpg,1,0.25970202684402466,opossum,0.48490387201309204,0.2
58c34dd4-23d2-11e8-a6a3-ec086b02610b.jpg,data/cropped/mountain_lion/58c34dd4-23d2-11e8-a6a3-ec086b02610b_crop0.jpg,0,0.9518393874168396,mountain_lion,0.9994280934333801,0.2
58c34e92-23d2-11e8-a6a3-ec086b02610b.jpg,data/cropped/deer/58c34e92-23d2-11e8-a6a3-ec086b02610b_crop0.jpg,0,0.39951634407043457,deer,0.999771773815155,0.2
58c34edc-23d2-11e8-a6a3-ec086b02610b.jpg,data/cropped/opossum/58c34edc-23d2-11e8-a6a3-ec086b02610b_crop0.jpg,0,0.8787044286727905,opossum,0.99989914894104,0.2
58c34ef8-23d2-11e8-a6a3-ec086b02610b.jpg,data/cropped/bobcat/58c34ef8-23d2-11e8-a6a3-ec086b02610b_crop0.jpg,0,0.6844832301139832,bobcat,0.999108612537384,0.20000255725044433
58c34f29-23d2-11e8-a6a3-ec086b02610b.jpg,data/cropped/coyote/58c34f29-23d2-11e8-a6a3-ec086b02610b_crop0.jpg,0,0.9261360764503479,coyote,0.9906129837036133,0.20000759522513514
58c4d5e0-23d2-11e8-a6a3-ec086b02610b.jpg,data/cropped/raccoon/58c4d5e0-23d2-11e8-a6a3-ec086b02610b_crop0.jpg,0,0.6857238411903381,raccoon,0.9968735575675964,0.2
58c4d5e0-23d2-11e8-a6a3-ec086b02610b.jpg,data/cropped/raccoon/58c4d5e0-23d2-11e8-a6a3-ec086b02610b_crop1.jpg,1,0.2755427956581116,raccoon,0.6108765602111816,0.2
58c4d64a-23d2-11e8-a6a3-ec086b02610b.jpg,data/cropped/raccoon/58c4d64a-23d2-11e8-a6a3-ec086b02610b_crop0.jpg,0,0.40110668540000916,raccoon,0.9993656277656555,0.2000032214419174
58c4d64a-23d2-11e8-a6a3-ec086b02610b.jpg,data/cropped/raccoon/58c4d64a-23d2-11e8-a6a3-ec086b02610b_crop1.jpg,1,0.20724518597126007,raccoon,0.8452179431915283,0.2000312874797935
58c4d66a-23d2-11e8-a6a3-ec086b02610b.jpg,data/cropped/deer/58c4d66a-23d2-11e8-a6a3-ec086b02610b_crop0.jpg,0,0.9690582156181335,deer,0.9999077320098877,0.20000330994306897
58c4d671-23d2-11e8-a6a3-ec086b02610b.jpg,data/cropped/opossum/58c4d671-23d2-11e8-a6a3-ec086b02610b_crop0.jpg,0,0.871134877204895,opossum,0.9999997615814209,0.2
58c4d6db-23d2-11e8-a6a3-ec086b02610b.jpg,data/cropped/opossum/58c4d6db-23d2-11e8-a6a3-ec086b02610b_crop0.jpg,0,0.9007838368415833,opossum,0.999997615814209,0.2
58c4d6ec-23d2-11e8-a6a3-ec086b02610b.jpg,data/cropped/deer/58c4d6ec-23d2-11e8-a6a3-ec086b02610b_crop0.jpg,0,0.8175306916236877,deer,0.9976664781570435,0.20000127013158564
58c4d717-23d2-11e8-a6a3-ec086b02610b.jpg,data/cropped/bobcat/58c4d717-23d2-11e8-a6a3-ec086b02610b_crop0.jpg,0,0.819963812828064,bobcat,0.9979552030563354,0.2
58c4d71b-23d2-11e8-a6a3-ec086b02610b.jpg,data/cropped/mountain_lion/58c4d71b-23d2-11e8-a6a3-ec086b02610b_crop0.jpg,0,0.8647056221961975,bobcat,0.9321804642677307,0.2
58c4d74a-23d2-11e8-a6a3-ec086b02610b.jpg,data/cropped/bobcat/58c4d74a-23d2-11e8-a6a3-ec086b02610b_crop0.jpg,0,0.8356592059135437,bobcat,0.9997164607048035,0.20002327543568707
58c4d75a-23d2-11e8-a6a3-ec086b02610b.jpg,data/cropped/coyote/58c4d75a-23d2-11e8-a6a3-ec086b02610b_crop0.jpg,0,0.9306784868240356,coyote,0.9999395608901978,0.2000041879115932
58c4d763-23d2-11e8-a6a3-ec086b02610b.jpg,data/cropped/raccoon/58c4d763-23d2-11e8-a6a3-ec086b02610b_crop0.jpg,0,0.5098385810852051,raccoon,0.998581051826477,0.200003305156871
58c4d763-23d2-11e8-a6a3-ec086b02610b.jpg,data/cropped/raccoon/58c4d763-23d2-11e8-a6a3-ec086b02610b_crop1.jpg,1,0.4513489305973053,raccoon,0.6128528714179993,0.20001630789302022
58c4d763-23d2-11e8-a6a3-ec086b02610b.jpg,data/cropped/raccoon/58c4d763-23d2-11e8-a6a3-ec086b02610b_crop2.jpg,2,0.3920000493526459,coyote,0.7964375019073486,0.20000983695251212
58c4d763-23d2-11e8-a6a3-ec086b02610b.jpg,data/cropped/raccoon/58c4d763-23d2-11e8-a6a3-ec086b02610b_crop3.jpg,3,0.2411876618862152,coyote,0.7918816208839417,0.2
58c4d889-23d2-11e8-a6a3-ec086b02610b.jpg,data/cropped/mountain_lion/58c4d889-23d2-11e8-a6a3-ec086b02610b_crop0.jpg,0,0.7544443011283875,mountain_lion,0.9994778037071228,0.20000022169532633
58c4d93c-23d2-11e8-a6a3-ec086b02610b.jpg,data/cropped/deer/58c4d93c-23d2-11e8-a6a3-ec086b02610b_crop0.jpg,0,0.9128419160842896,deer,0.9752399325370789,0.20000433050407068
58c661a1-23d2-11e8-a6a3-ec086b02610b.jpg,data/cropped/coyote/58c661a1-23d2-11e8-a6a3-ec086b02610b_crop0.jpg,0,0.923593282699585,coyote,0.999066174030304,0.20000369260310055
58c661a3-23d2-11e8-a6a3-ec086b02610b.jpg,data/cropped/coyote/58c661a3-23d2-11e8-a6a3-ec086b02610b_crop0.jpg,0,0.9682705402374268,coyote,0.9999920129776001,0.2
58c661ac-23d2-11e8-a6a3-ec086b02610b.jpg,data/cropped/opossum/58c661ac-23d2-11e8-a6a3-ec086b02610b_crop0.jpg,0,0.7847506999969482,opossum,0.8580157160758972,0.20002297794117646
58c661f3-23d2-11e8-a6a3-ec086b02610b.jpg,data/cropped/coyote/58c661f3-23d2-11e8-a6a3-ec086b02610b_crop0.jpg,0,0.9535050988197327,coyote,0.9997521042823792,0.2
58c6620e-23d2-11e8-a6a3-ec086b02610b.jpg,data/cropped/opossum/58c6620e-23d2-11e8-a6a3-ec086b02610b_crop0.jpg,0,0.7516521215438843,opossum,0.9936254024505615,0.20001526251526253
58c6620e-23d2-11e8-a6a3-ec086b02610b.jpg,data/cropped/opossum/58c6620e-23d2-11e8-a6a3-ec086b02610b_crop1.jpg,1,0.3826984763145447,opossum,0.9904772043228149,0.20002466395363178
58c6623a-23d2-11e8-a6a3-ec086b02610b.jpg,data/cropped/coyote/58c6623a-23d2-11e8-a6a3-ec086b02610b_crop0.jpg,0,0.9183052182197571,coyote,0.9885326623916626,0.2
58c66251-23d2-11e8-a6a3-ec086b02610b.jpg,data/cropped/coyote/58c66251-23d2-11e8-a6a3-ec086b02610b_crop0.jpg,0,0.7081409692764282,coyote,0.9231053590774536,0.2000096297366267
58c66251-23d2-11e8-a6a3-ec086b02610b.jpg,data/cropped/coyote/58c66251-23d2-11e8-a6a3-ec086b02610b_crop1.jpg,1,0.43571969866752625,coyote,0.4687705636024475,0.20432394116604644
58c6631e-23d2-11e8-a6a3-ec086b02610b.jpg,data/cropped/opossum/58c6631e-23d2-11e8-a6a3-ec086b02610b_crop0.jpg,0,0.7608838677406311,opossum,0.9846336245536804,0.2
58c663a5-23d2-11e8-a6a3-ec086b02610b.jpg,data/cropped/bobcat/58c663a5-23d2-11e8-a6a3-ec086b02610b_crop0.jpg,0,0.9136258363723755,bobcat,0.9804677963256836,0.20000679659490594
58c663a5-23d2-11e8-a6a3-ec086b02610b.jpg,data/cropped/bobcat/58c663a5-23d2-11e8-a6a3-ec086b02610b_crop1.jpg,1,0.292716920375824,bobcat,0.9992233514785767,0.2000598086124402
58c663c2-23d2-11e8-a6a3-ec086b02610b.jpg,data/cropped/coyote/58c663c2-23d2-11e8-a6a3-ec086b02610b_crop0.jpg,0,0.9689874649047852,coyote,0.9999923706054688,0.20000225354651882
58c66406-23d2-11e8-a6a3-ec086b02610b.jpg,data/cropped/opossum/58c66406-23d2-11e8-a6a3-ec086b02610b_crop0.jpg,0,0.8703786730766296,opossum,0.9979155659675598,0.20000797241544258
58c6641d-23d2-11e8-a6a3-ec086b02610b.jpg,data/cropped/coyote/58c6641d-23d2-11e8-a6a3-ec086b02610b_crop0.jpg,0,0.2971864640712738,coyote,0.8786961436271667,0.20004070004070004
58c66420-23d2-11e8-a6a3-ec086b02610b.jpg,data/cropped/coyote/58c66420-23d2-11e8-a6a3-ec086b02610b_crop0.jpg,0,0.9472838640213013,coyote,0.9998109936714172,0.20021779514444943
58c66425-23d2-11e8-a6a3-ec086b02610b.jpg,data/cropped/opossum/58c66425-23d2-11e8-a6a3-ec086b02610b_crop0.jpg,0,0.8767859935760498,opossum,0.9999810457229614,0.2
58c66440-23d2-11e8-a6a3-ec086b02610b.jpg,data/cropped/coyote/58c66440-23d2-11e8-a6a3-ec086b02610b_crop0.jpg,0,0.9506540298461914,coyote,0.9999818801879883,0.20000195802005014
58c66440-23d2-11e8-a6a3-ec086b02610b.jpg,data/cropped/coyote/58c66440-23d2-11e8-a6a3-ec086b02610b_crop1.jpg,1,0.900139331817627,coyote,0.9997988343238831,0.20000247267692003
58c66460-23d2-11e8-a6a3-ec086b02610b.jpg,data/cropped/coyote/58c66460-23d2-11e8-a6a3-ec086b02610b_crop0.jpg,0,0.7502830028533936,deer,0.5506720542907715,0.2
58c66460-23d2-11e8-a6a3-ec086b02610b.jpg,data/cropped/coyote/58c66460-23d2-11e8-a6a3-ec086b02610b_crop1.jpg,1,0.5396156311035156,deer,0.9315769076347351,0.20004927322000493
58c664a4-23d2-11e8-a6a3-ec086b02610b.jpg,data/cropped/bobcat/58c664a4-23d2-11e8-a6a3-ec086b02610b_crop0.jpg,0,0.935039758682251,bobcat,0.9990224838256836,0.20001352813852813
58c6654d-23d2-11e8-a6a3-ec086b02610b.jpg,data/cropped/deer/58c6654d-23d2-11e8-a6a3-ec086b02610b_crop0.jpg,0,0.5296535491943359,deer,0.9985633492469788,0.2
58c7ef25-23d2-11e8-a6a3-ec086b02610b.jpg,data/cropped/opossum/58c7ef25-23d2-11e8-a6a3-ec086b02610b_crop0.jpg,0,0.86906498670578,opossum,0.9998890161514282,0.2
58c7ef79-23d2-11e8-a6a3-ec086b02610b.jpg,data/cropped/coyote/58c7ef79-23d2-11e8-a6a3-ec086b02610b_crop0.jpg,0,0.9242462515830994,coyote,0.9963359832763672,0.2
58c7ef82-23d2-11e8-a6a3-ec086b02610b.jpg,data/cropped/opossum/58c7ef82-23d2-11e8-a6a3-ec086b02610b_crop0.jpg,0,0.8349764347076416,opossum,0.9999881982803345,0.2
58c7f004-23d2-11e8-a6a3-ec086b02610b.jpg,data/cropped/opossum/58c7f004-23d2-11e8-a6a3-ec086b02610b_crop0.jpg,0,0.8054473996162415,opossum,0.9959860444068909,0.2
58c7f063-23d2-11e8-a6a3-ec086b02610b.jpg,data/cropped/opossum/58c7f063-23d2-11e8-a6a3-ec086b02610b_crop0.jpg,0,0.7534060478210449,raccoon,0.3797544538974762,0.2000659195781147
58c7f09e-23d2-11e8-a6a3-ec086b02610b.jpg,data/cropped/opossum/58c7f09e-23d2-11e8-a6a3-ec086b02610b_crop0.jpg,0,0.7612853646278381,opossum,0.9226877093315125,0.2
58c7f09e-23d2-11e8-a6a3-ec086b02610b.jpg,data/cropped/opossum/58c7f09e-23d2-11e8-a6a3-ec086b02610b_crop1.jpg,1,0.38010910153388977,opossum,0.6657480001449585,0.2
58c7f0f9-23d2-11e8-a6a3-ec086b02610b.jpg,data/cropped/coyote/58c7f0f9-23d2-11e8-a6a3-ec086b02610b_crop0.jpg,0,0.9631589651107788,coyote,0.9999881982803345,0.2000006020940832
58c7f103-23d2-11e8-a6a3-ec086b02610b.jpg,data/cropped/opossum/58c7f103-23d2-11e8-a6a3-ec086b02610b_crop0.jpg,0,0.6405870914459229,opossum,0.3815103769302368,0.2
58c7f103-23d2-11e8-a6a3-ec086b02610b.jpg,data/cropped/opossum/58c7f103-23d2-11e8-a6a3-ec086b02610b_crop1.jpg,1,0.44614532589912415,opossum,0.9889610409736633,0.2
58c7f103-23d2-11e8-a6a3-ec086b02610b.jpg,data/cropped/opossum/58c7f103-23d2-11e8-a6a3-ec086b02610b_crop2.jpg,2,0.34078505635261536,opossum,0.990349292755127,0.2
58c7f18f-23d2-11e8-a6a3-ec086b02610b.jpg,data/cropped/opossum/58c7f18f-23d2-11e8-a6a3-ec086b02610b_crop0.jpg,0,0.5788494944572449,opossum,0.9994383454322815,0.2
58c7f18f-23d2-11e8-a6a3-ec086b02610b.jpg,data/cropped/opossum/58c7f18f-23d2-11e8-a6a3-ec086b02610b_crop1.jpg,1,0.4481872022151947,opossum,0.9998527765274048,0.2
58c7f197-23d2-11e8-a6a3-ec086b02610b.jpg,data/cropped/mountain_lion/58c7f197-23d2-11e8-a6a3-ec086b02610b_crop0.jpg,0,0.44949668645858765,mountain_lion,0.9999866485595703,0.20000088466119134
58c7f1ff-23d2-11e8-a6a3-ec086b02610b.jpg,data/cropped/opossum/58c7f1ff-23d2-11e8-a6a3-ec086b02610b_crop0.jpg,0,0.7466669678688049,opossum,0.9795946478843689,0.2
58c7f1ff-23d2-11e8-a6a3-ec086b02610b.jpg,data/cropped/opossum/58c7f1ff-23d2-11e8-a6a3-ec086b02610b_crop1.jpg,1,0.3480081260204315,opossum,0.788273274898529,0.2
58c7f237-23d2-11e8-a6a3-ec086b02610b.jpg,data/cropped/bobcat/58c7f237-23d2-11e8-a6a3-ec086b02610b_crop0.jpg,0,0.4833754599094391,bobcat,0.999230146408081,0.2
58c7f237-23d2-11e8-a6a3-ec086b02610b.jpg,data/cropped/bobcat/58c7f237-23d2-11e8-a6a3-ec086b02610b_crop1.jpg,1,0.2745165228843689,bobcat,0.9995007514953613,0.20000060185853916
58c7f252-23d2-11e8-a6a3-ec086b02610b.jpg,data/cropped/opossum/58c7f252-23d2-11e8-a6a3-ec086b02610b_crop0.jpg,0,0.8238478899002075,opossum,0.9998236298561096,0.2
58c7f262-23d2-11e8-a6a3-ec086b02610b.jpg,data/cropped/opossum/58c7f262-23d2-11e8-a6a3-ec086b02610b_crop0.jpg,0,0.8317506909370422,opossum,0.9999580383300781,0.20000362621024767
58c7f270-23d2-11e8-a6a3-ec086b02610b.jpg,data/cropped/coyote/58c7f270-23d2-11e8-a6a3-ec086b02610b_crop0.jpg,0,0.9678331613540649,coyote,0.9998527765274048,0.20000238367658277
58c7f271-23d2-11e8-a6a3-ec086b02610b.jpg,data/cropped/opossum/58c7f271-23d2-11e8-a6a3-ec086b02610b_crop0.jpg,0,0.5779076218605042,opossum,0.9401963949203491,0.2000131113150649
58c7f271-23d2-11e8-a6a3-ec086b02610b.jpg,data/cropped/opossum/58c7f271-23d2-11e8-a6a3-ec086b02610b_crop1.jpg,1,0.20435717701911926,opossum,0.3934764266014099,0.20002536783358701
58c7f2d5-23d2-11e8-a6a3-ec086b02610b.jpg,data/cropped/coyote/58c7f2d5-23d2-11e8-a6a3-ec086b02610b_crop0.jpg,0,0.952997624874115,coyote,0.9946940541267395,0.2000005380625444
58c7f2e1-23d2-11e8-a6a3-ec086b02610b.jpg,data/cropped/mountain_lion/58c7f2e1-23d2-11e8-a6a3-ec086b02610b_crop0.jpg,0,0.6826714277267456,mountain_lion,0.9999903440475464,0.2
58c7f2e1-23d2-11e8-a6a3-ec086b02610b.jpg,data/cropped/mountain_lion/58c7f2e1-23d2-11e8-a6a3-ec086b02610b_crop1.jpg,1,0.24477198719978333,mountain_lion,0.5363517999649048,0.20002592688618098
58c7f2e1-23d2-11e8-a6a3-ec086b02610b.jpg,data/cropped/mountain_lion/58c7f2e1-23d2-11e8-a6a3-ec086b02610b_crop2.jpg,2,0.21908262372016907,raccoon,0.6010980606079102,0.2000023024498066
58c97a1a-23d2-11e8-a6a3-ec086b02610b.jpg,data/cropped/deer/58c97a1a-23d2-11e8-a6a3-ec086b02610b_crop0.jpg,0,0.7951627373695374,coyote,0.9878052473068237,0.20000634772857112
58c97a46-23d2-11e8-a6a3-ec086b02610b.jpg,data/cropped/opossum/58c97a46-23d2-11e8-a6a3-ec086b02610b_crop0.jpg,0,0.22234272956848145,opossum,0.8487723469734192,0.2
58c97a7a-23d2-11e8-a6a3-ec086b02610b.jpg,data/cropped/deer/58c97a7a-23d2-11e8-a6a3-ec086b02610b_crop0.jpg,0,0.8666074872016907,deer,0.9652186036109924,0.20019948703334284
58c97b29-23d2-11e8-a6a3-ec086b02610b.jpg,data/cropped/opossum/58c97b29-23d2-11e8-a6a3-ec086b02610b_crop0.jpg,0,0.8445215225219727,opossum,0.9999932050704956,0.20001091564029327
58c97b96-23d2-11e8-a6a3-ec086b02610b.jpg,data/cropped/deer/58c97b96-23d2-11e8-a6a3-ec086b02610b_crop0.jpg,0,0.9745561480522156,deer,0.9999632835388184,0.20000131204324495
58c97c13-23d2-11e8-a6a3-ec086b02610b.jpg,data/cropped/bobcat/58c97c13-23d2-11e8-a6a3-ec086b02610b_crop0.jpg,0,0.7937544584274292,bobcat,0.9281280636787415,0.2000021451401849
58c97c13-23d2-11e8-a6a3-ec086b02610b.jpg,data/cropped/bobcat/58c97c13-23d2-11e8-a6a3-ec086b02610b_crop1.jpg,1,0.2001219093799591,bobcat,0.9580100178718567,0.2
58c97c1e-23d2-11e8-a6a3-ec086b02610b.jpg,data/cropped/deer/58c97c1e-23d2-11e8-a6a3-ec086b02610b_crop0.jpg,0,0.7935634851455688,deer,0.999440610408783,0.20003574654220949
58c97c1e-23d2-11e8-a6a3-ec086b02610b.jpg,data/cropped/deer/58c97c1e-23d2-11e8-a6a3-ec086b02610b_crop1.jpg,1,0.7098010182380676,deer,0.9977060556411743,0.20000020406414143
58c97c9b-23d2-11e8-a6a3-ec086b02610b.jpg,data/cropped/coyote/58c97c9b-23d2-11e8-a6a3-ec086b02610b_crop0.jpg,0,0.9572257995605469,coyote,0.9999529123306274,0.20000156171914044
58c97cc7-23d2-11e8-a6a3-ec086b02610b.jpg,data/cropped/bobcat/58c97cc7-23d2-11e8-a6a3-ec086b02610b_crop0.jpg,0,0.9549110531806946,bobcat,0.9994162321090698,0.200001144826244
58c97cd5-23d2-11e8-a6a3-ec086b02610b.jpg,data/cropped/opossum/58c97cd5-23d2-11e8-a6a3-ec086b02610b_crop0.jpg,0,0.8537287712097168,opossum,0.9999998807907104,0.20001496557916792
58c97d03-23d2-11e8-a6a3-ec086b02610b.jpg,data/cropped/opossum/58c97d03-23d2-11e8-a6a3-ec086b02610b_crop0.jpg,0,0.8061021566390991,opossum,0.9998633861541748,0.20000622200099552
58c97d03-23d2-11e8-a6a3-ec086b02610b.jpg,data/cropped/opossum/58c97d03-23d2-11e8-a6a3-ec086b02610b_crop1.jpg,1,0.6731516122817993,opossum,0.9821649789810181,0.20011484352569625
58c97d03-23d2-11e8-a6a3-ec086b02610b.jpg,data/cropped/opossum/58c97d03-23d2-11e8-a6a3-ec086b02610b_crop2.jpg,2,0.5069824457168579,opossum,0.9861761927604675,0.2
58c97d22-23d2-11e8-a6a3-ec086b02610b.jpg,data/cropped/coyote/58c97d22-23d2-11e8-a6a3-ec086b02610b_crop0.jpg,0,0.9445801973342896,coyote,0.9993951320648193,0.2
58c97d85-23d2-11e8-a6a3-ec086b02610b.jpg,data/cropped/opossum/58c97d85-23d2-11e8-a6a3-ec086b02610b_crop0.jpg,0,0.8879340887069702,opossum,0.9998849630355835,0.20000551283111442
58c97dc4-23d2-11e8-a6a3-ec086b02610b.jpg,data/cropped/deer/58c97dc4-23d2-11e8-a6a3-ec086b02610b_crop0.jpg,0,0.9198982119560242,deer,0.9989053010940552,0.20000026809507723
58c97de4-23d2-11e8-a6a3-ec086b02610b.jpg,data/cropped/raccoon/58c97de4-23d2-11e8-a6a3-ec086b02610b_crop0.jpg,0,0.8925957083702087,raccoon,0.9999579191207886,0.20000270474954018
58cb10f0-23d2-11e8-a6a3-ec086b02610b.jpg,data/cropped/deer/58cb10f0-23d2-11e8-a6a3-ec086b02610b_crop0.jpg,0,0.6648516654968262,deer,0.9973986148834229,0.2
58cb10f0-23d2-11e8-a6a3-ec086b02610b.jpg,data/cropped/deer/58cb10f0-23d2-11e8-a6a3-ec086b02610b_crop1.jpg,1,0.6414710283279419,deer,0.9999151229858398,0.2
58cb11a6-23d2-11e8-a6a3-ec086b02610b.jpg,data/cropped/opossum/58cb11a6-23d2-11e8-a6a3-ec086b02610b_crop0.jpg,0,0.7739213109016418,opossum,0.9999203681945801,0.2
58cb11ff-23d2-11e8-a6a3-ec086b02610b.jpg,data/cropped/raccoon/58cb11ff-23d2-11e8-a6a3-ec086b02610b_crop0.jpg,0,0.7970033884048462,opossum,0.6333496570587158,0.2
58cb120a-23d2-11e8-a6a3-ec086b02610b.jpg,data/cropped/coyote/58cb120a-23d2-11e8-a6a3-ec086b02610b_crop0.jpg,0,0.9494330883026123,coyote,0.9973057508468628,0.20000582569519962
58cb12d3-23d2-11e8-a6a3-ec086b02610b.jpg,data/cropped/coyote/58cb12d3-23d2-11e8-a6a3-ec086b02610b_crop0.jpg,0,0.7082741856575012,coyote,0.49045467376708984,0.20001757237622458
58cb12e1-23d2-11e8-a6a3-ec086b02610b.jpg,data/cropped/coyote/58cb12e1-23d2-11e8-a6a3-ec086b02610b_crop0.jpg,0,0.9161340594291687,coyote,0.9957894682884216,0.2
58cb12ee-23d2-11e8-a6a3-ec086b02610b.jpg,data/cropped/opossum/58cb12ee-23d2-11e8-a6a3-ec086b02610b_crop0.jpg,0,0.4819636344909668,opossum,0.999923586845398,0.20000856842962106
58cb1337-23d2-11e8-a6a3-ec086b02610b.jpg,data/cropped/opossum/58cb1337-23d2-11e8-a6a3-ec086b02610b_crop0.jpg,0,0.21339315176010132,opossum,0.99748694896698,0.20000490448515168
58cb133b-23d2-11e8-a6a3-ec086b02610b.jpg,data/cropped/raccoon/58cb133b-23d2-11e8-a6a3-ec086b02610b_crop0.jpg,0,0.8744971752166748,raccoon,0.9988381266593933,0.20000978920576912
58cb134d-23d2-11e8-a6a3-ec086b02610b.jpg,data/cropped/coyote/58cb134d-23d2-11e8-a6a3-ec086b02610b_crop0.jpg,0,0.8686102628707886,coyote,0.9992169141769409,0.2
58cb134d-23d2-11e8-a6a3-ec086b02610b.jpg,data/cropped/coyote/58cb134d-23d2-11e8-a6a3-ec086b02610b_crop1.jpg,1,0.3738235831260681,coyote,0.973556637763977,0.200010873110797
58cb1380-23d2-11e8-a6a3-ec086b02610b.jpg,data/cropped/deer/58cb1380-23d2-11e8-a6a3-ec086b02610b_crop0.jpg,0,0.9643513560295105,deer,0.9890207648277283,0.2000004695232461
58cb1400-23d2-11e8-a6a3-ec086b02610b.jpg,data/cropped/raccoon/58cb1400-23d2-11e8-a6a3-ec086b02610b_crop0.jpg,0,0.8885286450386047,raccoon,0.9262512922286987,0.2
58cb143b-23d2-11e8-a6a3-ec086b02610b.jpg,data/cropped/mountain_lion/58cb143b-23d2-11e8-a6a3-ec086b02610b_crop0.jpg,0,0.9142418503761292,mountain_lion,0.998497486114502,0.20000126603111903
58cb1498-23d2-11e8-a6a3-ec086b02610b.jpg,data/cropped/coyote/58cb1498-23d2-11e8-a6a3-ec086b02610b_crop0.jpg,0,0.7297417521476746,coyote,0.994257926940918,0.20001198753296573
58cb14a2-23d2-11e8-a6a3-ec086b02610b.jpg,data/cropped/coyote/58cb14a2-23d2-11e8-a6a3-ec086b02610b_crop0.jpg,0,0.9133139848709106,coyote,0.9918538331985474,0.20001536216299254
58cb14ba-23d2-11e8-a6a3-ec086b02610b.jpg,data/cropped/opossum/58cb14ba-23d2-11e8-a6a3-ec086b02610b_crop0.jpg,0,0.856328547000885,opossum,0.9944287538528442,0.2
58cb14c2-23d2-11e8-a6a3-ec086b02610b.jpg,data/cropped/bobcat/58cb14c2-23d2-11e8-a6a3-ec086b02610b_crop0.jpg,0,0.9651786684989929,bobcat,0.9999008178710938,0.2
58cca581-23d2-11e8-a6a3-ec086b02610b.jpg,data/cropped/coyote/58cca581-23d2-11e8-a6a3-ec086b02610b_crop0.jpg,0,0.24450065195560455,coyote,0.9964291453361511,0.20000046510113625
58cca59d-23d2-11e8-a6a3-ec086b02610b.jpg,data/cropped/raccoon/58cca59d-23d2-11e8-a6a3-ec086b02610b_crop0.jpg,0,0.8605776429176331,raccoon,0.9987444877624512,0.2
58cca5a6-23d2-11e8-a6a3-ec086b02610b.jpg,data/cropped/coyote/58cca5a6-23d2-11e8-a6a3-ec086b02610b_crop0.jpg,0,0.3397216200828552,coyote,0.9999957084655762,0.2000002825162023
58cca618-23d2-11e8-a6a3-ec086b02610b.jpg,data/cropped/deer/58cca618-23d2-11e8-a6a3-ec086b02610b_crop0.jpg,0,0.3957749605178833,deer,0.9913188815116882,0.2005530253741054
58cca61e-23d2-11e8-a6a3-ec086b02610b.jpg,data/cropped/opossum/58cca61e-23d2-11e8-a6a3-ec086b02610b_crop0.jpg,0,0.8520729541778564,opossum,0.9996647834777832,0.2
58cca625-23d2-11e8-a6a3-ec086b02610b.jpg,data/cropped/opossum/58cca625-23d2-11e8-a6a3-ec086b02610b_crop0.jpg,0,0.8680732846260071,opossum,0.999975323677063,0.2
58cca625-23d2-11e8-a6a3-ec086b02610b.jpg,data/cropped/opossum/58cca625-23d2-11e8-a6a3-ec086b02610b_crop1.jpg,1,0.6470813751220703,raccoon,0.9691576361656189,0.2
58cca69b-23d2-11e8-a6a3-ec086b02610b.jpg,data/cropped/raccoon/58cca69b-23d2-11e8-a6a3-ec086b02610b_crop0.jpg,0,0.9007192254066467,raccoon,0.9976277947425842,0.20000468340202324
58cca69b-23d2-11e8-a6a3-ec086b02610b.jpg,data/cropped/raccoon/58cca69b-23d2-11e8-a6a3-ec086b02610b_crop1.jpg,1,0.38712990283966064,raccoon,0.9808079600334167,0.2
58cca726-23d2-11e8-a6a3-ec086b02610b.jpg,data/cropped/coyote/58cca726-23d2-11e8-a6a3-ec086b02610b_crop0.jpg,0,0.9259762763977051,coyote,0.9999971389770508,0.2
58ce3d39-23d2-11e8-a6a3-ec086b02610b.jpg,data/cropped/opossum/58ce3d39-23d2-11e8-a6a3-ec086b02610b_crop0.jpg,0,0.2475723773241043,opossum,0.6259219646453857,0.20020066889632107
58ce3d46-23d2-11e8-a6a3-ec086b02610b.jpg,data/cropped/raccoon/58ce3d46-23d2-11e8-a6a3-ec086b02610b_crop0.jpg,0,0.8896045684814453,raccoon,0.9989270567893982,0.200009864851534
58ce3d47-23d2-11e8-a6a3-ec086b02610b.jpg,data/cropped/deer/58ce3d47-23d2-11e8-a6a3-ec086b02610b_crop0.jpg,0,0.9548869132995605,deer,0.9990512728691101,0.2
58ce3d49-23d2-11e8-a6a3-ec086b02610b.jpg,data/cropped/raccoon/58ce3d49-23d2-11e8-a6a3-ec086b02610b_crop0.jpg,0,0.6308761835098267,raccoon,0.9975247979164124,0.20000322611865665
58ce3d49-23d2-11e8-a6a3-ec086b02610b.jpg,data/cropped/raccoon/58ce3d49-23d2-11e8-a6a3-ec086b02610b_crop1.jpg,1,0.3290569484233856,raccoon,0.8925682306289673,0.2003347630505283
58ce3d84-23d2-11e8-a6a3-ec086b02610b.jpg,data/cropped/bobcat/58ce3d84-23d2-11e8-a6a3-ec086b02610b_crop0.jpg,0,0.8461747169494629,bobcat,0.991764485836029,0.20013684570646595
58ce3ef6-23d2-11e8-a6a3-ec086b02610b.jpg,data/cropped/opossum/58ce3ef6-23d2-11e8-a6a3-ec086b02610b_crop0.jpg,0,0.7572348117828369,opossum,0.9997565150260925,0.20000317364604325
58ce3ef6-23d2-11e8-a6a3-ec086b02610b.jpg,data/cropped/opossum/58ce3ef6-23d2-11e8-a6a3-ec086b02610b_crop1.jpg,1,0.24242213368415833,opossum,0.9937149882316589,0.2
58ce3f62-23d2-11e8-a6a3-ec086b02610b.jpg,data/cropped/coyote/58ce3f62-23d2-11e8-a6a3-ec086b02610b_crop0.jpg,0,0.8232883214950562,coyote,0.9997060894966125,0.2
58ce3ffa-23d2-11e8-a6a3-ec086b02610b.jpg,data/cropped/mountain_lion/58ce3ffa-23d2-11e8-a6a3-ec086b02610b_crop0.jpg,0,0.9493650794029236,mountain_lion,0.9477014541625977,0.2
58ce4004-23d2-11e8-a6a3-ec086b02610b.jpg,data/cropped/bobcat/58ce4004-23d2-11e8-a6a3-ec086b02610b_crop0.jpg,0,0.9424133896827698,bobcat,0.9869323372840881,0.20000169744703966
58ce4072-23d2-11e8-a6a3-ec086b02610b.jpg,data/cropped/bobcat/58ce4072-23d2-11e8-a6a3-ec086b02610b_crop0.jpg,0,0.8526191711425781,bobcat,0.9999083280563354,0.20000597895408162
58ce4072-23d2-11e8-a6a3-ec086b02610b.jpg,data/cropped/bobcat/58ce4072-23d2-11e8-a6a3-ec086b02610b_crop1.jpg,1,0.605265200138092,bobcat,0.998900294303894,0.20000348262171763
58ce407b-23d2-11e8-a6a3-ec086b02610b.jpg,data/cropped/coyote/58ce407b-23d2-11e8-a6a3-ec086b02610b_crop0.jpg,0,0.8526158928871155,coyote,0.989028811454773,0.20001146936961478
58cfc9ab-23d2-11e8-a6a3-ec086b02610b.jpg,data/cropped/coyote/58cfc9ab-23d2-11e8-a6a3-ec086b02610b_crop0.jpg,0,0.9053164720535278,coyote,0.9998480081558228,0.2
58cfca26-23d2-11e8-a6a3-ec086b02610b.jpg,data/cropped/mountain_lion/58cfca26-23d2-11e8-a6a3-ec086b02610b_crop0.jpg,0,0.969623327255249,mountain_lion,0.9998884201049805,0.20000045386053775
58cfca5c-23d2-11e8-a6a3-ec086b02610b.jpg,data/cropped/bobcat/58cfca5c-23d2-11e8-a6a3-ec086b02610b_crop0.jpg,0,0.8873692154884338,bobcat,0.9999983310699463,0.20000214998280014
58cfcaa4-23d2-11e8-a6a3-ec086b02610b.jpg,data/cropped/opossum/58cfcaa4-23d2-11e8-a6a3-ec086b02610b_crop0.jpg,0,0.8539662957191467,opossum,0.9997519850730896,0.20000305791694697
58cfcad0-23d2-11e8-a6a3-ec086b02610b.jpg,data/cropped/mountain_lion/58cfcad0-23d2-11e8-a6a3-ec086b02610b_crop0.jpg,0,0.8994625210762024,mountain_lion,0.9929825067520142,0.2000012601481304
58cfcad9-23d2-11e8-a6a3-ec086b02610b.jpg,data/cropped/opossum/58cfcad9-23d2-11e8-a6a3-ec086b02610b_crop0.jpg,0,0.8306349515914917,opossum,0.9990195035934448,0.20001531315399929
58cfcb39-23d2-11e8-a6a3-ec086b02610b.jpg,data/cropped/deer/58cfcb39-23d2-11e8-a6a3-ec086b02610b_crop0.jpg,0,0.9344379901885986,deer,0.9979006052017212,0.2
58cfcb4a-23d2-11e8-a6a3-ec086b02610b.jpg,data/cropped/bobcat/58cfcb4a-23d2-11e8-a6a3-ec086b02610b_crop0.jpg,0,0.9807603359222412,bobcat,0.9999023675918579,0.2
58cfcb7d-23d2-11e8-a6a3-ec086b02610b.jpg,data/cropped/coyote/58cfcb7d-23d2-11e8-a6a3-ec086b02610b_crop0.jpg,0,0.9593107104301453,coyote,0.9994363188743591,0.2
58cfcbe7-23d2-11e8-a6a3-ec086b02610b.jpg,data/cropped/mountain_lion/58cfcbe7-23d2-11e8-a6a3-ec086b02610b_crop0.jpg,0,0.600833535194397,mountain_lion,0.9999996423721313,0.20000073200011712
58cfcbe7-23d2-11e8-a6a3-ec086b02610b.jpg,data/cropped/mountain_lion/58cfcbe7-23d2-11e8-a6a3-ec086b02610b_crop1.jpg,1,0.2828042209148407,mountain_lion,0.9999992847442627,0.2
58cfcbe7-23d2-11e8-a6a3-ec086b02610b.jpg,data/cropped/mountain_lion/58cfcbe7-23d2-11e8-a6a3-ec086b02610b_crop2.jpg,2,0.25130367279052734,mountain_lion,0.9999992847442627,0.2
58cfcc06-23d2-11e8-a6a3-ec086b02610b.jpg,data/cropped/opossum/58cfcc06-23d2-11e8-a6a3-ec086b02610b_crop0.jpg,0,0.8014875054359436,opossum,0.9998077750205994,0.2
58cfcc29-23d2-11e8-a6a3-ec086b02610b.jpg,data/cropped/raccoon/58cfcc29-23d2-11e8-a6a3-ec086b02610b_crop0.jpg,0,0.8721591234207153,raccoon,0.967430591583252,0.2
58cfcc29-23d2-11e8-a6a3-ec086b02610b.jpg,data/cropped/raccoon/58cfcc29-23d2-11e8-a6a3-ec086b02610b_crop1.jpg,1,0.5895872712135315,raccoon,0.9679949879646301,0.2
58cfcc29-23d2-11e8-a6a3-ec086b02610b.jpg,data/cropped/raccoon/58cfcc29-23d2-11e8-a6a3-ec086b02610b_crop2.jpg,2,0.571506142616272,raccoon,0.88201504945755,0.2000387484258452
58cfcc87-23d2-11e8-a6a3-ec086b02610b.jpg,data/cropped/coyote/58cfcc87-23d2-11e8-a6a3-ec086b02610b_crop0.jpg,0,0.9441192150115967,coyote,0.999907374382019,0.20000045368036856
58cfcc87-23d2-11e8-a6a3-ec086b02610b.jpg,data/cropped/coyote/58cfcc87-23d2-11e8-a6a3-ec086b02610b_crop1.jpg,1,0.9418390393257141,coyote,0.9999641180038452,0.2
58cfcc87-23d2-11e8-a6a3-ec086b02610b.jpg,data/cropped/coyote/58cfcc87-23d2-11e8-a6a3-ec086b02610b_crop2.jpg,2,0.9064513444900513,coyote,0.9132790565490723,0.200002987794858
58cfcca1-23d2-11e8-a6a3-ec086b02610b.jpg,data/cropped/bobcat/58cfcca1-23d2-11e8-a6a3-ec086b02610b_crop0.jpg,0,0.8897091746330261,bobcat,0.996588945388794,0.20000965064659332
58cfcca2-23d2-11e8-a6a3-ec086b02610b.jpg,data/cropped/coyote/58cfcca2-23d2-11e8-a6a3-ec086b02610b_crop0.jpg,0,0.9343963861465454,coyote,0.9999516010284424,0.20000192281808218
58cfcced-23d2-11e8-a6a3-ec086b02610b.jpg,data/cropped/bobcat/58cfcced-23d2-11e8-a6a3-ec086b02610b_crop0.jpg,0,0.815864622592926,bobcat,0.9978010058403015,0.2
58cfcced-23d2-11e8-a6a3-ec086b02610b.jpg,data/cropped/bobcat/58cfcced-23d2-11e8-a6a3-ec086b02610b_crop1.jpg,1,0.6824045181274414,bobcat,0.6963567137718201,0.20002948113207547
58d15e33-23d2-11e8-a6a3-ec086b02610b.jpg,data/cropped/coyote/58d15e33-23d2-11e8-a6a3-ec086b02610b_crop0.jpg,0,0.9275737404823303,coyote,0.9999175071716309,0.20000177692485385
58d15e51-23d2-11e8-a6a3-ec086b02610b.jpg,data/cropped/bobcat/58d15e51-23d2-11e8-a6a3-ec086b02610b_crop0.jpg,0,0.836893618106842,bobcat,0.9998224377632141,0.20000989046312093
58d15ebf-23d2-11e8-a6a3-ec086b02610b.jpg,data/cropped/bobcat/58d15ebf-23d2-11e8-a6a3-ec086b02610b_crop0.jpg,0,0.8736954927444458,bobcat,0.999954342842102,0.200024964114086
58d15ede-23d2-11e8-a6a3-ec086b02610b.jpg,data/cropped/opossum/58d15ede-23d2-11e8-a6a3-ec086b02610b_crop0.jpg,0,0.9033145308494568,opossum,0.9999096393585205,0.20000449410429694
58d15fba-23d2-11e8-a6a3-ec086b02610b.jpg,data/cropped/mountain_lion/58d15fba-23d2-11e8-a6a3-ec086b02610b_crop0.jpg,0,0.5375788807868958,mountain_lion,0.9999985694885254,0.2
58d15fba-23d2-11e8-a6a3-ec086b02610b.jpg,data/cropped/mountain_lion/58d15fba-23d2-11e8-a6a3-ec086b02610b_crop1.jpg,1,0.31556400656700134,mountain_lion,0.9999861717224121,0.20000060549364382
58d16041-23d2-11e8-a6a3-ec086b02610b.jpg,data/cropped/opossum/58d16041-23d2-11e8-a6a3-ec086b02610b_crop0.jpg,0,0.7956028580665588,opossum,0.832123339176178,0.20000884016973125
58d16041-23d2-11e8-a6a3-ec086b02610b.jpg,data/cropped/opossum/58d16041-23d2-11e8-a6a3-ec086b02610b_crop1.jpg,1,0.35209786891937256,opossum,0.47023722529411316,0.2
58d1608f-23d2-11e8-a6a3-ec086b02610b.jpg,data/cropped/raccoon/58d1608f-23d2-11e8-a6a3-ec086b02610b_crop0.jpg,0,0.805983304977417,raccoon,0.9991291165351868,0.2000105157999895
58d1608f-23d2-11e8-a6a3-ec086b02610b.jpg,data/cropped/raccoon/58d1608f-23d2-11e8-a6a3-ec086b02610b_crop1.jpg,1,0.3969240188598633,raccoon,0.9897938966751099,0.2000389464972494
58d160ba-23d2-11e8-a6a3-ec086b02610b.jpg,data/cropped/raccoon/58d160ba-23d2-11e8-a6a3-ec086b02610b_crop0.jpg,0,0.9074232578277588,raccoon,0.9993149042129517,0.2
58d16105-23d2-11e8-a6a3-ec086b02610b.jpg,data/cropped/opossum/58d16105-23d2-11e8-a6a3-ec086b02610b_crop0.jpg,0,0.43404728174209595,opossum,0.9877376556396484,0.2
58d16190-23d2-11e8-a6a3-ec086b02610b.jpg,data/cropped/deer/58d16190-23d2-11e8-a6a3-ec086b02610b_crop0.jpg,0,0.936339259147644,deer,0.9983653426170349,0.2000004511169656
58d16190-23d2-11e8-a6a3-ec086b02610b.jpg,data/cropped/deer/58d16190-23d2-11e8-a6a3-ec086b02610b_crop1.jpg,1,0.4659750163555145,deer,0.9933300614356995,0.2
58d161b1-23d2-11e8-a6a3-ec086b02610b.jpg,data/cropped/mountain_lion/58d161b1-23d2-11e8-a6a3-ec086b02610b_crop0.jpg,0,0.7310987114906311,mountain_lion,0.9997712969779968,0.2000019626314963
58d161c2-23d2-11e8-a6a3-ec086b02610b.jpg,data/cropped/raccoon/58d161c2-23d2-11e8-a6a3-ec086b02610b_crop0.jpg,0,0.8961097598075867,raccoon,0.9598080515861511,0.20000662273585218
58d161f4-23d2-11e8-a6a3-ec086b02610b.jpg,data/cropped/opossum/58d161f4-23d2-11e8-a6a3-ec086b02610b_crop0.jpg,0,0.8449202179908752,opossum,0.9999947547912598,0.2
58d2e9f1-23d2-11e8-a6a3-ec086b02610b.jpg,data/cropped/opossum/58d2e9f1-23d2-11e8-a6a3-ec086b02610b_crop0.jpg,0,0.8850811719894409,opossum,0.9999953508377075,0.20000144119215416
58d2ea36-23d2-11e8-a6a3-ec086b02610b.jpg,data/cropped/opossum/58d2ea36-23d2-11e8-a6a3-ec086b02610b_crop0.jpg,0,0.8447731137275696,opossum,0.9983667731285095,0.2
58d2ea36-23d2-11e8-a6a3-ec086b02610b.jpg,data/cropped/opossum/58d2ea36-23d2-11e8-a6a3-ec086b02610b_crop1.jpg,1,0.6340092420578003,opossum,0.9943732023239136,0.2000007557607866
58d2ea52-23d2-11e8-a6a3-ec086b02610b.jpg,data/cropped/coyote/58d2ea52-23d2-11e8-a6a3-ec086b02610b_crop0.jpg,0,0.9447282552719116,coyote,0.9999542236328125,0.2
58d2ea53-23d2-11e8-a6a3-ec086b02610b.jpg,data/cropped/raccoon/58d2ea53-23d2-11e8-a6a3-ec086b02610b_crop0.jpg,0,0.3627954423427582,opossum,0.5217201113700867,0.2
58d2ea65-23d2-11e8-a6a3-ec086b02610b.jpg,data/cropped/raccoon/58d2ea65-23d2-11e8-a6a3-ec086b02610b_crop0.jpg,0,0.9211145043373108,raccoon,0.9954730868339539,0.2000114086877157
58d2ea65-23d2-11e8-a6a3-ec086b02610b.jpg,data/cropped/raccoon/58d2ea65-23d2-11e8-a6a3-ec086b02610b_crop1.jpg,1,0.828934907913208,raccoon,0.9984949827194214,0.2
58d2ea6e-23d2-11e8-a6a3-ec086b02610b.jpg,data/cropped/coyote/58d2ea6e-23d2-11e8-a6a3-ec086b02610b_crop0.jpg,0,0.9566383957862854,coyote,0.9999707937240601,0.20000330738870636
58d2eaa2-23d2-11e8-a6a3-ec086b02610b.jpg,data/cropped/raccoon/58d2eaa2-23d2-11e8-a6a3-ec086b02610b_crop0.jpg,0,0.8384906649589539,raccoon,0.9856186509132385,0.2
58d2eaa2-23d2-11e8-a6a3-ec086b02610b.jpg,data/cropped/raccoon/58d2eaa2-23d2-11e8-a6a3-ec086b02610b_crop1.jpg,1,0.810869574546814,bobcat,0.5402413606643677,0.20000986971969997
58d2eaa2-23d2-11e8-a6a3-ec086b02610b.jpg,data/cropped/raccoon/58d2eaa2-23d2-11e8-a6a3-ec086b02610b_crop2.jpg,2,0.46688762307167053,raccoon,0.9711053371429443,0.2
58d2eaba-23d2-11e8-a6a3-ec086b02610b.jpg,data/cropped/bobcat/58d2eaba-23d2-11e8-a6a3-ec086b02610b_crop0.jpg,0,0.9578990340232849,bobcat,0.999768078327179,0.2
58d2eaca-23d2-11e8-a6a3-ec086b02610b.jpg,data/cropped/raccoon/58d2eaca-23d2-11e8-a6a3-ec086b02610b_crop0.jpg,0,0.8271980285644531,raccoon,0.9944076538085938,0.20001651493569497
58d2eaca-23d2-11e8-a6a3-ec086b02610b.jpg,data/cropped/raccoon/58d2eaca-23d2-11e8-a6a3-ec086b02610b_crop1.jpg,1,0.6108348369598389,raccoon,0.9868125319480896,0.2
58d2eaca-23d2-11e8-a6a3-ec086b02610b.jpg,data/cropped/raccoon/58d2eaca-23d2-11e8-a6a3-ec086b02610b_crop2.jpg,2,0.5951467752456665,raccoon,0.9540058970451355,0.20001414027149322
58d2eadd-23d2-11e8-a6a3-ec086b02610b.jpg,data/cropped/opossum/58d2eadd-23d2-11e8-a6a3-ec086b02610b_crop0.jpg,0,0.683457612991333,opossum,0.9995998740196228,0.20003604253018561
58d2eae0-23d2-11e8-a6a3-ec086b02610b.jpg,data/cropped/bobcat/58d2eae0-23d2-11e8-a6a3-ec086b02610b_crop0.jpg,0,0.9563025832176208,bobcat,0.9748170971870422,0.20000468518485984
58d2eb24-23d2-11e8-a6a3-ec086b02610b.jpg,data/cropped/coyote/58d2eb24-23d2-11e8-a6a3-ec086b02610b_crop0.jpg,0,0.9704918265342712,coyote,0.9999761581420898,0.2000006305488297
58d2eb3a-23d2-11e8-a6a3-ec086b02610b.jpg,data/cropped/coyote/58d2eb3a-23d2-11e8-a6a3-ec086b02610b_crop0.jpg,0,0.8146244883537292,coyote,0.9132394790649414,0.20001190901512444
58d2eb77-23d2-11e8-a6a3-ec086b02610b.jpg,data/cropped/opossum/58d2eb77-23d2-11e8-a6a3-ec086b02610b_crop0.jpg,0,0.8511309623718262,opossum,0.9960804581642151,0.20020225972939043
58d2eb77-23d2-11e8-a6a3-ec086b02610b.jpg,data/cropped/opossum/58d2eb77-23d2-11e8-a6a3-ec086b02610b_crop1.jpg,1,0.46575453877449036,raccoon,0.8178383708000183,0.2000465766185375
58d2eb88-23d2-11e8-a6a3-ec086b02610b.jpg,data/cropped/raccoon/58d2eb88-23d2-11e8-a6a3-ec086b02610b_crop0.jpg,0,0.8377487063407898,raccoon,0.6581741571426392,0.20000561379871726
58d2ecfe-23d2-11e8-a6a3-ec086b02610b.jpg,data/cropped/bobcat/58d2ecfe-23d2-11e8-a6a3-ec086b02610b_crop0.jpg,0,0.9237221479415894,bobcat,0.9987373948097229,0.20000394086728637
58d2ecfe-23d2-11e8-a6a3-ec086b02610b.jpg,data/cropped/bobcat/58d2ecfe-23d2-11e8-a6a3-ec086b02610b_crop1.jpg,1,0.3206489086151123,coyote,0.946168065071106,0.20000704808556377
58d47c2c-23d2-11e8-a6a3-ec086b02610b.jpg,data/cropped/coyote/58d47c2c-23d2-11e8-a6a3-ec086b02610b_crop0.jpg,0,0.8630399107933044,coyote,0.99982750415802,0.20000390708941373
58d47c2c-23d2-11e8-a6a3-ec086b02610b.jpg,data/cropped/coyote/58d47c2c-23d2-11e8-a6a3-ec086b02610b_crop1.jpg,1,0.7734478116035461,coyote,0.947975754737854,0.2
58d47c64-23d2-11e8-a6a3-ec086b02610b.jpg,data/cropped/raccoon/58d47c64-23d2-11e8-a6a3-ec086b02610b_crop0.jpg,0,0.6522269248962402,bobcat,0.6135282516479492,0.20003370407819346
58d47c64-23d2-11e8-a6a3-ec086b02610b.jpg,data/cropped/raccoon/58d47c64-23d2-11e8-a6a3-ec086b02610b_crop1.jpg,1,0.24939225614070892,raccoon,0.5040677189826965,0.2000186671644577
58d47c71-23d2-11e8-a6a3-ec086b02610b.jpg,data/cropped/raccoon/58d47c71-23d2-11e8-a6a3-ec086b02610b_crop0.jpg,0,0.8317451477050781,raccoon,0.9917792677879333,0.2
58d47cc3-23d2-11e8-a6a3-ec086b02610b.jpg,data/cropped/coyote/58d47cc3-23d2-11e8-a6a3-ec086b02610b_crop0.jpg,0,0.6834039092063904,coyote,0.9994325041770935,0.20000236339572697
58d47dca-23d2-11e8-a6a3-ec086b02610b.jpg,data/cropped/deer/58d47dca-23d2-11e8-a6a3-ec086b02610b_crop0.jpg,0,0.6217141151428223,deer,0.9887307286262512,0.2
58d47dca-23d2-11e8-a6a3-ec086b02610b.jpg,data/cropped/deer/58d47dca-23d2-11e8-a6a3-ec086b02610b_crop1.jpg,1,0.3256857991218567,deer,0.7380737066268921,0.20000154626422564
58d47efb-23d2-11e8-a6a3-ec086b02610b.jpg,data/cropped/opossum/58d47efb-23d2-11e8-a6a3-ec086b02610b_crop0.jpg,0,0.6793603301048279,opossum,0.9889843463897705,0.20000621073007133
58d47f97-23d2-11e8-a6a3-ec086b02610b.jpg,data/cropped/coyote/58d47f97-23d2-11e8-a6a3-ec086b02610b_crop0.jpg,0,0.863819420337677,coyote,0.9931768178939819,0.2
58d611f3-23d2-11e8-a6a3-ec086b02610b.jpg,data/cropped/bobcat/58d611f3-23d2-11e8-a6a3-ec086b02610b_crop0.jpg,0,0.9347161054611206,bobcat,0.9999381303787231,0.20000251947871986
58d61265-23d2-11e8-a6a3-ec086b02610b.jpg,data/cropped/raccoon/58d61265-23d2-11e8-a6a3-ec086b02610b_crop0.jpg,0,0.6196538209915161,raccoon,0.9806501865386963,0.2
58d612c7-23d2-11e8-a6a3-ec086b02610b.jpg,data/cropped/opossum/58d612c7-23d2-11e8-a6a3-ec086b02610b_crop0.jpg,0,0.6952012181282043,mountain_lion,0.5169714689254761,0.20006264192310705
58d61357-23d2-11e8-a6a3-ec086b02610b.jpg,data/cropped/raccoon/58d61357-23d2-11e8-a6a3-ec086b02610b_crop0.jpg,0,0.9482865333557129,raccoon,0.9993268251419067,0.20000142608596447
58d6141b-23d2-11e8-a6a3-ec086b02610b.jpg,data/cropped/mountain_lion/58d6141b-23d2-11e8-a6a3-ec086b02610b_crop0.jpg,0,0.6835394501686096,mountain_lion,0.9992637038230896,0.2
58d61447-23d2-11e8-a6a3-ec086b02610b.jpg,data/cropped/opossum/58d61447-23d2-11e8-a6a3-ec086b02610b_crop0.jpg,0,0.630109429359436,opossum,0.9999099969863892,0.2
58d61478-23d2-11e8-a6a3-ec086b02610b.jpg,data/cropped/deer/58d61478-23d2-11e8-a6a3-ec086b02610b_crop0.jpg,0,0.908607006072998,deer,0.9996974468231201,0.20001889644746787
58d61478-23d2-11e8-a6a3-ec086b02610b.jpg,data/cropped/deer/58d61478-23d2-11e8-a6a3-ec086b02610b_crop1.jpg,1,0.8945427536964417,deer,0.9767647385597229,0.2
58d61478-23d2-11e8-a6a3-ec086b02610b.jpg,data/cropped/deer/58d61478-23d2-11e8-a6a3-ec086b02610b_crop2.jpg,2,0.8450310230255127,deer,0.9812760353088379,0.20002246181491465
58d614fb-23d2-11e8-a6a3-ec086b02610b.jpg,data/cropped/opossum/58d614fb-23d2-11e8-a6a3-ec086b02610b_crop0.jpg,0,0.8770241737365723,opossum,0.9998462200164795,0.2
58d614fb-23d2-11e8-a6a3-ec086b02610b.jpg,data/cropped/opossum/58d614fb-23d2-11e8-a6a3-ec086b02610b_crop1.jpg,1,0.2577120363712311,raccoon,0.7863357663154602,0.2
58d61524-23d2-11e8-a6a3-ec086b02610b.jpg,data/cropped/coyote/58d61524-23d2-11e8-a6a3-ec086b02610b_crop0.jpg,0,0.8355265259742737,coyote,0.9642935991287231,0.2000018347950534
58d61524-23d2-11e8-a6a3-ec086b02610b.jpg,data/cropped/coyote/58d61524-23d2-11e8-a6a3-ec086b02610b_crop1.jpg,1,0.6538000702857971,coyote,0.8936542272567749,0.20000232439217144
58d61524-23d2-11e8-a6a3-ec086b02610b.jpg,data/cropped/coyote/58d61524-23d2-11e8-a6a3-ec086b02610b_crop2.jpg,2,0.3789186179637909,coyote,0.9611004590988159,0.20004083507733142
58d61568-23d2-11e8-a6a3-ec086b02610b.jpg,data/cropped/coyote/58d61568-23d2-11e8-a6a3-ec086b02610b_crop0.jpg,0,0.9744712114334106,coyote,0.9997989535331726,0.200002267513709
58d61574-23d2-11e8-a6a3-ec086b02610b.jpg,data/cropped/coyote/58d61574-23d2-11e8-a6a3-ec086b02610b_crop0.jpg,0,0.9643887281417847,coyote,0.9999973773956299,0.2
58d7a0da-23d2-11e8-a6a3-ec086b02610b.jpg,data/cropped/bobcat/58d7a0da-23d2-11e8-a6a3-ec086b02610b_crop0.jpg,0,0.776714026927948,deer,0.9117216467857361,0.20001333866880086
58d7a0da-23d2-11e8-a6a3-ec086b02610b.jpg,data/cropped/bobcat/58d7a0da-23d2-11e8-a6a3-ec086b02610b_crop1.jpg,1,0.30140796303749084,coyote,0.9418928623199463,0.20002827254735653
58d7a0f6-23d2-11e8-a6a3-ec086b02610b.jpg,data/cropped/opossum/58d7a0f6-23d2-11e8-a6a3-ec086b02610b_crop0.jpg,0,0.4123019576072693,opossum,0.9941467046737671,0.20000044994729993
58d7a0f6-23d2-11e8-a6a3-ec086b02610b.jpg,data/cropped/opossum/58d7a0f6-23d2-11e8-a6a3-ec086b02610b_crop1.jpg,1,0.25294291973114014,opossum,0.9968484044075012,0.2
58d7a131-23d2-11e8-a6a3-ec086b02610b.jpg,data/cropped/coyote/58d7a131-23d2-11e8-a6a3-ec086b02610b_crop0.jpg,0,0.8969672322273254,coyote,0.9998242259025574,0.20000520711291625
58d7a13e-23d2-11e8-a6a3-ec086b02610b.jpg,data/cropped/raccoon/58d7a13e-23d2-11e8-a6a3-ec086b02610b_crop0.jpg,0,0.8371543288230896,raccoon,0.9988812804222107,0.2000047825151247
58d7a175-23d2-11e8-a6a3-ec086b02610b.jpg,data/cropped/deer/58d7a175-23d2-11e8-a6a3-ec086b02610b_crop0.jpg,0,0.6758556962013245,deer,0.8425953388214111,0.2
58d7a1bf-23d2-11e8-a6a3-ec086b02610b.jpg,data/cropped/coyote/58d7a1bf-23d2-11e8-a6a3-ec086b02610b_crop0.jpg,0,0.9258318543434143,coyote,0.999858021736145,0.2
58d7a1e6-23d2-11e8-a6a3-ec086b02610b.jpg,data/cropped/opossum/58d7a1e6-23d2-11e8-a6a3-ec086b02610b_crop0.jpg,0,0.5160719752311707,opossum,0.999613344669342,0.20001889644746787
58d7a23e-23d2-11e8-a6a3-ec086b02610b.jpg,data/cropped/coyote/58d7a23e-23d2-11e8-a6a3-ec086b02610b_crop0.jpg,0,0.9380537867546082,coyote,0.9998828172683716,0.200002271591477
58d7a27b-23d2-11e8-a6a3-ec086b02610b.jpg,data/cropped/opossum/58d7a27b-23d2-11e8-a6a3-ec086b02610b_crop0.jpg,0,0.2572215497493744,opossum,0.5682111978530884,0.2
58d7a27b-23d2-11e8-a6a3-ec086b02610b.jpg,data/cropped/opossum/58d7a27b-23d2-11e8-a6a3-ec086b02610b_crop1.jpg,1,0.21674157679080963,opossum,0.3279300332069397,0.20015199012064216
58d7a290-23d2-11e8-a6a3-ec086b02610b.jpg,data/cropped/coyote/58d7a290-23d2-11e8-a6a3-ec086b02610b_crop0.jpg,0,0.5124549269676208,coyote,0.9500268697738647,0.2000012060253024
58d7a29f-23d2-11e8-a6a3-ec086b02610b.jpg,data/cropped/deer/58d7a29f-23d2-11e8-a6a3-ec086b02610b_crop0.jpg,0,0.7712620496749878,deer,0.6603350639343262,0.2
58d7a2f8-23d2-11e8-a6a3-ec086b02610b.jpg,data/cropped/coyote/58d7a2f8-23d2-11e8-a6a3-ec086b02610b_crop0.jpg,0,0.9397857785224915,coyote,0.9999690055847168,0.20000693685725682
58d7a334-23d2-11e8-a6a3-ec086b02610b.jpg,data/cropped/coyote/58d7a334-23d2-11e8-a6a3-ec086b02610b_crop0.jpg,0,0.939495861530304,coyote,0.999984860420227,0.2
58d7a34c-23d2-11e8-a6a3-ec086b02610b.jpg,data/cropped/opossum/58d7a34c-23d2-11e8-a6a3-ec086b02610b_crop0.jpg,0,0.8722213506698608,opossum,0.9999812841415405,0.2
58d7a45c-23d2-11e8-a6a3-ec086b02610b.jpg,data/cropped/raccoon/58d7a45c-23d2-11e8-a6a3-ec086b02610b_crop0.jpg,0,0.60566645860672,raccoon,0.8942742347717285,0.20002009242515573
58d7a45c-23d2-11e8-a6a3-ec086b02610b.jpg,data/cropped/raccoon/58d7a45c-23d2-11e8-a6a3-ec086b02610b_crop1.jpg,1,0.5962536334991455,raccoon,0.9393022656440735,0.20001923724330303
58d7a45c-23d2-11e8-a6a3-ec086b02610b.jpg,data/cropped/raccoon/58d7a45c-23d2-11e8-a6a3-ec086b02610b_crop2.jpg,2,0.23955953121185303,raccoon,0.8293623328208923,0.20002297464173918
58d92eee-23d2-11e8-a6a3-ec086b02610b.jpg,data/cropped/mountain_lion/58d92eee-23d2-11e8-a6a3-ec086b02610b_crop0.jpg,0,0.9054675102233887,mountain_lion,0.9999667406082153,0.20000096502275042
58d92f57-23d2-11e8-a6a3-ec086b02610b.jpg,data/cropped/raccoon/58d92f57-23d2-11e8-a6a3-ec086b02610b_crop0.jpg,0,0.726859986782074,raccoon,0.7749582529067993,0.20001207437816954
58d92f67-23d2-11e8-a6a3-ec086b02610b.jpg,data/cropped/deer/58d92f67-23d2-11e8-a6a3-ec086b02610b_crop0.jpg,0,0.6960874199867249,deer,0.9997140765190125,0.2000005558157082
58d92fac-23d2-11e8-a6a3-ec086b02610b.jpg,data/cropped/coyote/58d92fac-23d2-11e8-a6a3-ec086b02610b_crop0.jpg,0,0.6406638622283936,bobcat,0.8576372861862183,0.20000119009366038
58d92fc3-23d2-11e8-a6a3-ec086b02610b.jpg,data/cropped/opossum/58d92fc3-23d2-11e8-a6a3-ec086b02610b_crop0.jpg,0,0.7924877405166626,opossum,0.9660313725471497,0.20002668208298127
58d92fce-23d2-11e8-a6a3-ec086b02610b.jpg,data/cropped/coyote/58d92fce-23d2-11e8-a6a3-ec086b02610b_crop0.jpg,0,0.9623481631278992,coyote,0.9999967813491821,0.2
58d9304a-23d2-11e8-a6a3-ec086b02610b.jpg,data/cropped/coyote/58d9304a-23d2-11e8-a6a3-ec086b02610b_crop0.jpg,0,0.7407092452049255,coyote,0.9294814467430115,0.20007530741932822
58d9304a-23d2-11e8-a6a3-ec086b02610b.jpg,data/cropped/coyote/58d9304a-23d2-11e8-a6a3-ec086b02610b_crop1.jpg,1,0.5119394063949585,coyote,0.9407300353050232,0.20000377143234285
58d9304a-23d2-11e8-a6a3-ec086b02610b.jpg,data/cropped/coyote/58d9304a-23d2-11e8-a6a3-ec086b02610b_crop2.jpg,2,0.42489850521087646,coyote,0.9441655874252319,0.20000714917650422
58d9304d-23d2-11e8-a6a3-ec086b02610b.jpg,data/cropped/raccoon/58d9304d-23d2-11e8-a6a3-ec086b02610b_crop0.jpg,0,0.8791335821151733,raccoon,0.9939517378807068,0.2
58d9304d-23d2-11e8-a6a3-ec086b02610b.jpg,data/cropped/raccoon/58d9304d-23d2-11e8-a6a3-ec086b02610b_crop1.jpg,1,0.3250466585159302,raccoon,0.9803138375282288,0.20002799552071668
58d9304d-23d2-11e8-a6a3-ec086b02610b.jpg,data/cropped/raccoon/58d9304d-23d2-11e8-a6a3-ec086b02610b_crop2.jpg,2,0.23286479711532593,raccoon,0.9442601799964905,0.2
58d930f1-23d2-11e8-a6a3-ec086b02610b.jpg,data/cropped/opossum/58d930f1-23d2-11e8-a6a3-ec086b02610b_crop0.jpg,0,0.6687811613082886,opossum,0.5900930166244507,0.20042067307692307
58d9310a-23d2-11e8-a6a3-ec086b02610b.jpg,data/cropped/coyote/58d9310a-23d2-11e8-a6a3-ec086b02610b_crop0.jpg,0,0.32746896147727966,coyote,0.9299498796463013,0.2
58d93116-23d2-11e8-a6a3-ec086b02610b.jpg,data/cropped/coyote/58d93116-23d2-11e8-a6a3-ec086b02610b_crop0.jpg,0,0.9302520155906677,coyote,0.999091386795044,0.20000665801125203
58d93116-23d2-11e8-a6a3-ec086b02610b.jpg,data/cropped/coyote/58d93116-23d2-11e8-a6a3-ec086b02610b_crop1.jpg,1,0.21704842150211334,coyote,0.985289990901947,0.20000346716593856
58d93158-23d2-11e8-a6a3-ec086b02610b.jpg,data/cropped/coyote/58d93158-23d2-11e8-a6a3-ec086b02610b_crop0.jpg,0,0.9758407473564148,coyote,0.9998664855957031,0.2
58d93158-23d2-11e8-a6a3-ec086b02610b.jpg,data/cropped/coyote/58d93158-23d2-11e8-a6a3-ec086b02610b_crop1.jpg,1,0.9290376305580139,coyote,0.9999804496765137,0.2
58d93173-23d2-11e8-a6a3-ec086b02610b.jpg,data/cropped/opossum/58d93173-23d2-11e8-a6a3-ec086b02610b_crop0.jpg,0,0.684437096118927,opossum,0.9999966621398926,0.2
58d9318b-23d2-11e8-a6a3-ec086b02610b.jpg,data/cropped/opossum/58d9318b-23d2-11e8-a6a3-ec086b02610b_crop0.jpg,0,0.6831659078598022,opossum,0.9891101717948914,0.20000237814956182
58d9318b-23d2-11e8-a6a3-ec086b02610b.jpg,data/cropped/opossum/58d9318b-23d2-11e8-a6a3-ec086b02610b_crop1.jpg,1,0.25340932607650757,raccoon,0.3517569899559021,0.20001228199459592
58d931b5-23d2-11e8-a6a3-ec086b02610b.jpg,data/cropped/coyote/58d931b5-23d2-11e8-a6a3-ec086b02610b_crop0.jpg,0,0.5824050903320312,coyote,0.9999730587005615,0.2
58d931e0-23d2-11e8-a6a3-ec086b02610b.jpg,data/cropped/coyote/58d931e0-23d2-11e8-a6a3-ec086b02610b_crop0.jpg,0,0.9466861486434937,coyote,0.9999208450317383,0.20000222397669273
58d93233-23d2-11e8-a6a3-ec086b02610b.jpg,data/cropped/opossum/58d93233-23d2-11e8-a6a3-ec086b02610b_crop0.jpg,0,0.8879210352897644,opossum,0.9999833106994629,0.20000960430272763
58d93245-23d2-11e8-a6a3-ec086b02610b.jpg,data/cropped/coyote/58d93245-23d2-11e8-a6a3-ec086b02610b_crop0.jpg,0,0.9606888294219971,coyote,0.9999655485153198,0.20000204198317406
58d93245-23d2-11e8-a6a3-ec086b02610b.jpg,data/cropped/coyote/58d93245-23d2-11e8-a6a3-ec086b02610b_crop1.jpg,1,0.36002933979034424,coyote,0.4582808315753937,0.2
58d93285-23d2-11e8-a6a3-ec086b02610b.jpg,data/cropped/coyote/58d93285-23d2-11e8-a6a3-ec086b02610b_crop0.jpg,0,0.891170859336853,coyote,0.9995666146278381,0.2
58dabdd3-23d2-11e8-a6a3-ec086b02610b.jpg,data/cropped/deer/58dabdd3-23d2-11e8-a6a3-ec086b02610b_crop0.jpg,0,0.5887459516525269,deer,0.9903053045272827,0.2
58dabdd3-23d2-11e8-a6a3-ec086b02610b.jpg,data/cropped/deer/58dabdd3-23d2-11e8-a6a3-ec086b02610b_crop1.jpg,1,0.3978234827518463,deer,0.8779942393302917,0.2000006363772317
58dabe11-23d2-11e8-a6a3-ec086b02610b.jpg,data/cropped/opossum/58dabe11-23d2-11e8-a6a3-ec086b02610b_crop0.jpg,0,0.8557170629501343,opossum,0.9998637437820435,0.2000044180344165
58dabe55-23d2-11e8-a6a3-ec086b02610b.jpg,data/cropped/raccoon/58dabe55-23d2-11e8-a6a3-ec086b02610b_crop0.jpg,0,0.8135389089584351,raccoon,0.9600647687911987,0.20004044284919872
58dabe55-23d2-11e8-a6a3-ec086b02610b.jpg,data/cropped/raccoon/58dabe55-23d2-11e8-a6a3-ec086b02610b_crop1.jpg,1,0.5895753502845764,raccoon,0.6399798393249512,0.20001723172360317
58dabe7b-23d2-11e8-a6a3-ec086b02610b.jpg,data/cropped/opossum/58dabe7b-23d2-11e8-a6a3-ec086b02610b_crop0.jpg,0,0.7126315236091614,opossum,0.9898014664649963,0.20001200072004321
58dabe7b-23d2-11e8-a6a3-ec086b02610b.jpg,data/cropped/opossum/58dabe7b-23d2-11e8-a6a3-ec086b02610b_crop1.jpg,1,0.2672567665576935,opossum,0.8885109424591064,0.2032015467606099
58dabee1-23d2-11e8-a6a3-ec086b02610b.jpg,data/cropped/bobcat/58dabee1-23d2-11e8-a6a3-ec086b02610b_crop0.jpg,0,0.8825729489326477,bobcat,0.9988178610801697,0.20000512242598095
58dabf11-23d2-11e8-a6a3-ec086b02610b.jpg,data/cropped/opossum/58dabf11-23d2-11e8-a6a3-ec086b02610b_crop0.jpg,0,0.8450695872306824,opossum,0.9999964237213135,0.20000252735865748
58dabf78-23d2-11e8-a6a3-ec086b02610b.jpg,data/cropped/raccoon/58dabf78-23d2-11e8-a6a3-ec086b02610b_crop0.jpg,0,0.7558804750442505,raccoon,0.9932422041893005,0.2
58dabfc2-23d2-11e8-a6a3-ec086b02610b.jpg,data/cropped/coyote/58dabfc2-23d2-11e8-a6a3-ec086b02610b_crop0.jpg,0,0.9067292809486389,coyote,0.9999473094940186,0.20000218172297937
58dabfee-23d2-11e8-a6a3-ec086b02610b.jpg,data/cropped/deer/58dabfee-23d2-11e8-a6a3-ec086b02610b_crop0.jpg,0,0.8085868954658508,deer,0.7791831493377686,0.20000024894850377
58dabfee-23d2-11e8-a6a3-ec086b02610b.jpg,data/cropped/deer/58dabfee-23d2-11e8-a6a3-ec086b02610b_crop1.jpg,1,0.5677797198295593,deer,0.999860405921936,0.20000085499681514
58dac002-23d2-11e8-a6a3-ec086b02610b.jpg,data/cropped/coyote/58dac002-23d2-11e8-a6a3-ec086b02610b_crop0.jpg,0,0.9485203623771667,coyote,0.9999346733093262,0.20000168146354588
58dac017-23d2-11e8-a6a3-ec086b02610b.jpg,data/cropped/coyote/58dac017-23d2-11e8-a6a3-ec086b02610b_crop0.jpg,0,0.9157463908195496,coyote,0.9999920129776001,0.20000451019303625
58dac04c-23d2-11e8-a6a3-ec086b02610b.jpg,data/cropped/raccoon/58dac04c-23d2-11e8-a6a3-ec086b02610b_crop0.jpg,0,0.9196836948394775,raccoon,0.9680716395378113,0.20000319843063671
58dac04c-23d2-11e8-a6a3-ec086b02610b.jpg,data/cropped/raccoon/58dac04c-23d2-11e8-a6a3-ec086b02610b_crop1.jpg,1,0.24374333024024963,raccoon,0.9455993175506592,0.20000129212321688
58dac0a3-23d2-11e8-a6a3-ec086b02610b.jpg,data/cropped/bobcat/58dac0a3-23d2-11e8-a6a3-ec086b02610b_crop0.jpg,0,0.861259400844574,bobcat,0.9989771842956543,0.2
58dac0a3-23d2-11e8-a6a3-ec086b02610b.jpg,data/cropped/bobcat/58dac0a3-23d2-11e8-a6a3-ec086b02610b_crop1.jpg,1,0.2244909256696701,bobcat,0.99744713306427,0.20004995004995005
58dac104-23d2-11e8-a6a3-ec086b02610b.jpg,data/cropped/opossum/58dac104-23d2-11e8-a6a3-ec086b02610b_crop0.jpg,0,0.3537638783454895,opossum,0.9688684940338135,0.2000121674237508
58dc4a23-23d2-11e8-a6a3-ec086b02610b.jpg,data/cropped/opossum/58dc4a23-23d2-11e8-a6a3-ec086b02610b_crop0.jpg,0,0.8806875348091125,opossum,0.9999332427978516,0.2000091349228099
58dc4a90-23d2-11e8-a6a3-ec086b02610b.jpg,data/cropped/opossum/58dc4a90-23d2-11e8-a6a3-ec086b02610b_crop0.jpg,0,0.7877271175384521,opossum,0.9998594522476196,0.2000139577081443
58dc4a90-23d2-11e8-a6a3-ec086b02610b.jpg,data/cropped/opossum/58dc4a90-23d2-11e8-a6a3-ec086b02610b_crop1.jpg,1,0.22179000079631805,opossum,0.38780251145362854,0.20006464124111184
58dc4ace-23d2-11e8-a6a3-ec086b02610b.jpg,data/cropped/coyote/58dc4ace-23d2-11e8-a6a3-ec086b02610b_crop0.jpg,0,0.9438962340354919,coyote,0.9999024868011475,0.20000393128120456
58dc4ace-23d2-11e8-a6a3-ec086b02610b.jpg,data/cropped/coyote/58dc4ace-23d2-11e8-a6a3-ec086b02610b_crop1.jpg,1,0.6778446435928345,coyote,0.999833345413208,0.2
58dc4b06-23d2-11e8-a6a3-ec086b02610b.jpg,data/cropped/coyote/58dc4b06-23d2-11e8-a6a3-ec086b02610b_crop0.jpg,0,0.9536470770835876,coyote,0.9999732971191406,0.2000022087082002
58dc4b30-23d2-11e8-a6a3-ec086b02610b.jpg,data/cropped/raccoon/58dc4b30-23d2-11e8-a6a3-ec086b02610b_crop0.jpg,0,0.6156806945800781,opossum,0.864987850189209,0.2000159757169103
58dc4b30-23d2-11e8-a6a3-ec086b02610b.jpg,data/cropped/raccoon/58dc4b30-23d2-11e8-a6a3-ec086b02610b_crop1.jpg,1,0.4830853044986725,raccoon,0.9901090860366821,0.2
58dc4b30-23d2-11e8-a6a3-ec086b02610b.jpg,data/cropped/raccoon/58dc4b30-23d2-11e8-a6a3-ec086b02610b_crop2.jpg,2,0.41012755036354065,raccoon,0.9923709630966187,0.2
58dc4b44-23d2-11e8-a6a3-ec086b02610b.jpg,data/cropped/bobcat/58dc4b44-23d2-11e8-a6a3-ec086b02610b_crop0.jpg,0,0.37504860758781433,bobcat,0.9989660978317261,0.2000004065110881
58dc4b44-23d2-11e8-a6a3-ec086b02610b.jpg,data/cropped/bobcat/58dc4b44-23d2-11e8-a6a3-ec086b02610b_crop1.jpg,1,0.33205991983413696,bobcat,0.9990378618240356,0.20000019185406812
58dc4b44-23d2-11e8-a6a3-ec086b02610b.jpg,data/cropped/bobcat/58dc4b44-23d2-11e8-a6a3-ec086b02610b_crop2.jpg,2,0.2893717586994171,bobcat,0.9999886751174927,0.2000006734067197
58dc4b44-23d2-11e8-a6a3-ec086b02610b.jpg,data/cropped/bobcat/58dc4b44-23d2-11e8-a6a3-ec086b02610b_crop3.jpg,3,0.2026178538799286,bobcat,0.9746271371841431,0.2
58dc4b51-23d2-11e8-a6a3-ec086b02610b.jpg,data/cropped/bobcat/58dc4b51-23d2-11e8-a6a3-ec086b02610b_crop0.jpg,0,0.4984995126724243,bobcat,0.7972922325134277,0.20001392854655617
58dc4c25-23d2-11e8-a6a3-ec086b02610b.jpg,data/cropped/raccoon/58dc4c25-23d2-11e8-a6a3-ec086b02610b_crop0.jpg,0,0.8655725121498108,raccoon,0.9957438111305237,0.20001112563624732
58dc4c25-23d2-11e8-a6a3-ec086b02610b.jpg,data/cropped/raccoon/58dc4c25-23d2-11e8-a6a3-ec086b02610b_crop1.jpg,1,0.8089765310287476,raccoon,0.9979313611984253,0.20001186397947532
58dc4c2a-23d2-11e8-a6a3-ec086b02610b.jpg,data/cropped/raccoon/58dc4c2a-23d2-11e8-a6a3-ec086b02610b_crop0.jpg,0,0.6051117181777954,raccoon,0.9654988050460815,0.20036764705882354
58dc4c2a-23d2-11e8-a6a3-ec086b02610b.jpg,data/cropped/raccoon/58dc4c2a-23d2-11e8-a6a3-ec086b02610b_crop1.jpg,1,0.24210385978221893,raccoon,0.9293695092201233,0.2
58dc4c9f-23d2-11e8-a6a3-ec086b02610b.jpg,data/cropped/opossum/58dc4c9f-23d2-11e8-a6a3-ec086b02610b_crop0.jpg,0,0.6589446067810059,opossum,0.9997817873954773,0.20028905776493078
58dc4c9f-23d2-11e8-a6a3-ec086b02610b.jpg,data/cropped/opossum/58dc4c9f-23d2-11e8-a6a3-ec086b02610b_crop1.jpg,1,0.3496313989162445,opossum,0.9999302625656128,0.2000115713955103
58dc4d2e-23d2-11e8-a6a3-ec086b02610b.jpg,data/cropped/opossum/58dc4d2e-23d2-11e8-a6a3-ec086b02610b_crop0.jpg,0,0.6848651766777039,opossum,0.997020423412323,0.20000979240109676
58dc4d2e-23d2-11e8-a6a3-ec086b02610b.jpg,data/cropped/opossum/58dc4d2e-23d2-11e8-a6a3-ec086b02610b_crop1.jpg,1,0.6790663599967957,opossum,0.8676424026489258,0.2001107889265784
58dc4d4f-23d2-11e8-a6a3-ec086b02610b.jpg,data/cropped/opossum/58dc4d4f-23d2-11e8-a6a3-ec086b02610b_crop0.jpg,0,0.8198758959770203,opossum,0.9999778270721436,0.2
58dc4d4f-23d2-11e8-a6a3-ec086b02610b.jpg,data/cropped/opossum/58dc4d4f-23d2-11e8-a6a3-ec086b02610b_crop1.jpg,1,0.3998495936393738,opossum,0.46992191672325134,0.2
58dc4db9-23d2-11e8-a6a3-ec086b02610b.jpg,data/cropped/coyote/58dc4db9-23d2-11e8-a6a3-ec086b02610b_crop0.jpg,0,0.8966348171234131,coyote,0.9958219528198242,0.20000686895746397
58ddd4db-23d2-11e8-a6a3-ec086b02610b.jpg,data/cropped/opossum/58ddd4db-23d2-11e8-a6a3-ec086b02610b_crop0.jpg,0,0.5115388631820679,opossum,0.9923738837242126,0.2000175330937144
58ddd4db-23d2-11e8-a6a3-ec086b02610b.jpg,data/cropped/opossum/58ddd4db-23d2-11e8-a6a3-ec086b02610b_crop1.jpg,1,0.4257100522518158,opossum,0.8353738784790039,0.2
58ddd4db-23d2-11e8-a6a3-ec086b02610b.jpg,data/cropped/opossum/58ddd4db-23d2-11e8-a6a3-ec086b02610b_crop2.jpg,2,0.2856108844280243,opossum,0.9707315564155579,0.2
58ddd4db-23d2-11e8-a6a3-ec086b02610b.jpg,data/cropped/opossum/58ddd4db-23d2-11e8-a6a3-ec086b02610b_crop3.jpg,3,0.26657891273498535,opossum,0.398810476064682,0.2
58ddd4e8-23d2-11e8-a6a3-ec086b02610b.jpg,data/cropped/raccoon/58ddd4e8-23d2-11e8-a6a3-ec086b02610b_crop0.jpg,0,0.8527315855026245,raccoon,0.9959350824356079,0.20001182976961523
58ddd50a-23d2-11e8-a6a3-ec086b02610b.jpg,data/cropped/deer/58ddd50a-23d2-11e8-a6a3-ec086b02610b_crop0.jpg,0,0.8634708523750305,deer,0.9996053576469421,0.20000062833014978
58ddd50a-23d2-11e8-a6a3-ec086b02610b.jpg,data/cropped/deer/58ddd50a-23d2-11e8-a6a3-ec086b02610b_crop1.jpg,1,0.3824099898338318,deer,0.9991094470024109,0.20010039492703224
58ddd565-23d2-11e8-a6a3-ec086b02610b.jpg,data/cropped/coyote/58ddd565-23d2-11e8-a6a3-ec086b02610b_crop0.jpg,0,0.9162635207176208,coyote,0.9949002861976624,0.2000007456454307
58ddd577-23d2-11e8-a6a3-ec086b02610b.jpg,data/cropped/bobcat/58ddd577-23d2-11e8-a6a3-ec086b02610b_crop0.jpg,0,0.8128253817558289,raccoon,0.9122863411903381,0.2
58ddd581-23d2-11e8-a6a3-ec086b02610b.jpg,data/cropped/mountain_lion/58ddd581-23d2-11e8-a6a3-ec086b02610b_crop0.jpg,0,0.9580962657928467,mountain_lion,0.9848504066467285,0.2000021961168993
58ddd599-23d2-11e8-a6a3-ec086b02610b.jpg,data/cropped/raccoon/58ddd599-23d2-11e8-a6a3-ec086b02610b_crop0.jpg,0,0.8850404620170593,raccoon,0.9931321740150452,0.2
58ddd5bf-23d2-11e8-a6a3-ec086b02610b.jpg,data/cropped/bobcat/58ddd5bf-23d2-11e8-a6a3-ec086b02610b_crop0.jpg,0,0.9016443490982056,bobcat,0.9988409876823425,0.2
58ddd5c3-23d2-11e8-a6a3-ec086b02610b.jpg,data/cropped/coyote/58ddd5c3-23d2-11e8-a6a3-ec086b02610b_crop0.jpg,0,0.9632543921470642,coyote,0.9999901056289673,0.20000052989396822
58ddd5df-23d2-11e8-a6a3-ec086b02610b.jpg,data/cropped/bobcat/58ddd5df-23d2-11e8-a6a3-ec086b02610b_crop0.jpg,0,0.5398622751235962,bobcat,0.9196847081184387,0.2000061549824583
58ddd5df-23d2-11e8-a6a3-ec086b02610b.jpg,data/cropped/bobcat/58ddd5df-23d2-11e8-a6a3-ec086b02610b_crop1.jpg,1,0.38001877069473267,bobcat,0.9532138705253601,0.20001239042220365
58ddd716-23d2-11e8-a6a3-ec086b02610b.jpg,data/cropped/raccoon/58ddd716-23d2-11e8-a6a3-ec086b02610b_crop0.jpg,0,0.8915966749191284,raccoon,0.9986522793769836,0.2
58ddd716-23d2-11e8-a6a3-ec086b02610b.jpg,data/cropped/raccoon/58ddd716-23d2-11e8-a6a3-ec086b02610b_crop1.jpg,1,0.8814655542373657,opossum,0.8447420597076416,0.20000877423883479
58ddd754-23d2-11e8-a6a3-ec086b02610b.jpg,data/cropped/bobcat/58ddd754-23d2-11e8-a6a3-ec086b02610b_crop0.jpg,0,0.878004789352417,bobcat,0.999858021736145,0.20000629247420085
58ddd7bf-23d2-11e8-a6a3-ec086b02610b.jpg,data/cropped/deer/58ddd7bf-23d2-11e8-a6a3-ec086b02610b_crop0.jpg,0,0.9726319313049316,deer,0.9998050332069397,0.20000086089760052
58ddd853-23d2-11e8-a6a3-ec086b02610b.jpg,data/cropped/bobcat/58ddd853-23d2-11e8-a6a3-ec086b02610b_crop0.jpg,0,0.8349542021751404,bobcat,0.8339497447013855,0.20001327081305847
58ddd871-23d2-11e8-a6a3-ec086b02610b.jpg,data/cropped/opossum/58ddd871-23d2-11e8-a6a3-ec086b02610b_crop0.jpg,0,0.760753870010376,opossum,0.9927456974983215,0.2000262559075792
58ddd878-23d2-11e8-a6a3-ec086b02610b.jpg,data/cropped/bobcat/58ddd878-23d2-11e8-a6a3-ec086b02610b_crop0.jpg,0,0.7743234634399414,bobcat,0.9915657043457031,0.2000101347927435
58ddd878-23d2-11e8-a6a3-ec086b02610b.jpg,data/cropped/bobcat/58ddd878-23d2-11e8-a6a3-ec086b02610b_crop1.jpg,1,0.2751167416572571,bobcat,0.9138707518577576,0.2002002002002002
58ddd878-23d2-11e8-a6a3-ec086b02610b.jpg,data/cropped/bobcat/58ddd878-23d2-11e8-a6a3-ec086b02610b_crop2.jpg,2,0.2641410529613495,bobcat,0.6246838569641113,0.2
58ddd88a-23d2-11e8-a6a3-ec086b02610b.jpg,data/cropped/deer/58ddd88a-23d2-11e8-a6a3-ec086b02610b_crop0.jpg,0,0.9676997661590576,deer,0.9971490502357483,0.20000130054655468
58ddd8a9-23d2-11e8-a6a3-ec086b02610b.jpg,data/cropped/coyote/58ddd8a9-23d2-11e8-a6a3-ec086b02610b_crop0.jpg,0,0.9373988509178162,coyote,0.9999823570251465,0.2
58df6746-23d2-11e8-a6a3-ec086b02610b.jpg,data/cropped/mountain_lion/58df6746-23d2-11e8-a6a3-ec086b02610b_crop0.jpg,0,0.920501172542572,deer,0.7866376042366028,0.20000179593938106
58df6746-23d2-11e8-a6a3-ec086b02610b.jpg,data/cropped/mountain_lion/58df6746-23d2-11e8-a6a3-ec086b02610b_crop1.jpg,1,0.6615539789199829,raccoon,0.9333896636962891,0.2
58df6816-23d2-11e8-a6a3-ec086b02610b.jpg,data/cropped/raccoon/58df6816-23d2-11e8-a6a3-ec086b02610b_crop0.jpg,0,0.8900116086006165,raccoon,0.8222265839576721,0.2001164241164241
58df6833-23d2-11e8-a6a3-ec086b02610b.jpg,data/cropped/opossum/58df6833-23d2-11e8-a6a3-ec086b02610b_crop0.jpg,0,0.762665331363678,opossum,0.9985036849975586,0.20001162520344107
58df6848-23d2-11e8-a6a3-ec086b02610b.jpg,data/cropped/opossum/58df6848-23d2-11e8-a6a3-ec086b02610b_crop0.jpg,0,0.3546135723590851,opossum,0.9476871490478516,0.2000110229276896
58df6848-23d2-11e8-a6a3-ec086b02610b.jpg,data/cropped/opossum/58df6848-23d2-11e8-a6a3-ec086b02610b_crop1.jpg,1,0.21363475918769836,opossum,0.9999815225601196,0.20012738853503184
58df6848-23d2-11e8-a6a3-ec086b02610b.jpg,data/cropped/opossum/58df6848-23d2-11e8-a6a3-ec086b02610b_crop2.jpg,2,0.21227076649665833,opossum,0.999977707862854,0.20000680353103262
58df6855-23d2-11e8-a6a3-ec086b02610b.jpg,data/cropped/opossum/58df6855-23d2-11e8-a6a3-ec086b02610b_crop0.jpg,0,0.8587746024131775,opossum,0.9999852180480957,0.2
58df686f-23d2-11e8-a6a3-ec086b02610b.jpg,data/cropped/coyote/58df686f-23d2-11e8-a6a3-ec086b02610b_crop0.jpg,0,0.8185978531837463,coyote,0.9999964237213135,0.20000060637022238
58df6889-23d2-11e8-a6a3-ec086b02610b.jpg,data/cropped/bobcat/58df6889-23d2-11e8-a6a3-ec086b02610b_crop0.jpg,0,0.8965305089950562,bobcat,0.9995064735412598,0.2
58df68ae-23d2-11e8-a6a3-ec086b02610b.jpg,data/cropped/coyote/58df68ae-23d2-11e8-a6a3-ec086b02610b_crop0.jpg,0,0.9250833988189697,coyote,0.7903699278831482,0.20000020954937456
58df68d5-23d2-11e8-a6a3-ec086b02610b.jpg,data/cropped/coyote/58df68d5-23d2-11e8-a6a3-ec086b02610b_crop0.jpg,0,0.9441320896148682,coyote,0.9990432858467102,0.2
58df68d5-23d2-11e8-a6a3-ec086b02610b.jpg,data/cropped/coyote/58df68d5-23d2-11e8-a6a3-ec086b02610b_crop1.jpg,1,0.348458468914032,coyote,0.8210870623588562,0.20030218001295058
58df6963-23d2-11e8-a6a3-ec086b02610b.jpg,data/cropped/bobcat/58df6963-23d2-11e8-a6a3-ec086b02610b_crop0.jpg,0,0.5357803106307983,opossum,0.9874091148376465,0.20002131287297528
58df6a77-23d2-11e8-a6a3-ec086b02610b.jpg,data/cropped/coyote/58df6a77-23d2-11e8-a6a3-ec086b02610b_crop0.jpg,0,0.953658401966095,coyote,0.9999884366989136,0.2000014602377267
58df6b17-23d2-11e8-a6a3-ec086b02610b.jpg,data/cropped/mountain_lion/58df6b17-23d2-11e8-a6a3-ec086b02610b_crop0.jpg,0,0.9742364287376404,mountain_lion,0.9999934434890747,0.20000021479185595
58e0f538-23d2-11e8-a6a3-ec086b02610b.jpg,data/cropped/coyote/58e0f538-23d2-11e8-a6a3-ec086b02610b_crop0.jpg,0,0.9187722206115723,coyote,0.9996110796928406,0.2000019187597137
58e0f53b-23d2-11e8-a6a3-ec086b02610b.jpg,data/cropped/bobcat/58e0f53b-23d2-11e8-a6a3-ec086b02610b_crop0.jpg,0,0.8035869002342224,bobcat,0.9990641474723816,0.20001514501350431
58e0f571-23d2-11e8-a6a3-ec086b02610b.jpg,data/cropped/coyote/58e0f571-23d2-11e8-a6a3-ec086b02610b_crop0.jpg,0,0.8160762190818787,coyote,0.9837399125099182,0.2
58e0f5a1-23d2-11e8-a6a3-ec086b02610b.jpg,data/cropped/opossum/58e0f5a1-23d2-11e8-a6a3-ec086b02610b_crop0.jpg,0,0.4717562794685364,opossum,0.9917674660682678,0.20255837059115747
58e0f5a1-23d2-11e8-a6a3-ec086b02610b.jpg,data/cropped/opossum/58e0f5a1-23d2-11e8-a6a3-ec086b02610b_crop1.jpg,1,0.2611914873123169,opossum,0.9943405389785767,0.200074637309325
58e0f5ae-23d2-11e8-a6a3-ec086b02610b.jpg,data/cropped/mountain_lion/58e0f5ae-23d2-11e8-a6a3-ec086b02610b_crop0.jpg,0,0.8965197801589966,mountain_lion,0.9970972537994385,0.2
58e0f606-23d2-11e8-a6a3-ec086b02610b.jpg,data/cropped/opossum/58e0f606-23d2-11e8-a6a3-ec086b02610b_crop0.jpg,0,0.3120212256908417,opossum,0.47071948647499084,0.2
58e0f616-23d2-11e8-a6a3-ec086b02610b.jpg,data/cropped/mountain_lion/58e0f616-23d2-11e8-a6a3-ec086b02610b_crop0.jpg,0,0.6674286127090454,mountain_lion,0.9982969164848328,0.20000041304051513
58e0f625-23d2-11e8-a6a3-ec086b02610b.jpg,data/cropped/opossum/58e0f625-23d2-11e8-a6a3-ec086b02610b_crop0.jpg,0,0.8623896241188049,opossum,0.9998849630355835,0.2
58e0f65e-23d2-11e8-a6a3-ec086b02610b.jpg,data/cropped/opossum/58e0f65e-23d2-11e8-a6a3-ec086b02610b_crop0.jpg,0,0.9005685448646545,opossum,0.9998869895935059,0.2000042747373708
58e0f66c-23d2-11e8-a6a3-ec086b02610b.jpg,data/cropped/deer/58e0f66c-23d2-11e8-a6a3-ec086b02610b_crop0.jpg,0,0.24719378352165222,deer,0.9993040561676025,0.2000004525716251
58e0f66c-23d2-11e8-a6a3-ec086b02610b.jpg,data/cropped/deer/58e0f66c-23d2-11e8-a6a3-ec086b02610b_crop1.jpg,1,0.2302972823381424,deer,0.9886274933815002,0.2
58e0f6f7-23d2-11e8-a6a3-ec086b02610b.jpg,data/cropped/raccoon/58e0f6f7-23d2-11e8-a6a3-ec086b02610b_crop0.jpg,0,0.8828151226043701,raccoon,0.9267546534538269,0.20000280902821668
58e0f6fa-23d2-11e8-a6a3-ec086b02610b.jpg,data/cropped/raccoon/58e0f6fa-23d2-11e8-a6a3-ec086b02610b_crop0.jpg,0,0.9479077458381653,raccoon,0.9994947910308838,0.20000438221696357
58e0f74f-23d2-11e8-a6a3-ec086b02610b.jpg,data/cropped/opossum/58e0f74f-23d2-11e8-a6a3-ec086b02610b_crop0.jpg,0,0.27020302414894104,raccoon,0.5434452295303345,0.2
58e28029-23d2-11e8-a6a3-ec086b02610b.jpg,data/cropped/opossum/58e28029-23d2-11e8-a6a3-ec086b02610b_crop0.jpg,0,0.650335431098938,opossum,0.9889857769012451,0.20006663334999167
58e2802f-23d2-11e8-a6a3-ec086b02610b.jpg,data/cropped/opossum/58e2802f-23d2-11e8-a6a3-ec086b02610b_crop0.jpg,0,0.723218560218811,opossum,0.9999910593032837,0.2000056027901895
58e28030-23d2-11e8-a6a3-ec086b02610b.jpg,data/cropped/opossum/58e28030-23d2-11e8-a6a3-ec086b02610b_crop0.jpg,0,0.8681561350822449,opossum,0.9999063014984131,0.20000187998195218
58e2807e-23d2-11e8-a6a3-ec086b02610b.jpg,data/cropped/coyote/58e2807e-23d2-11e8-a6a3-ec086b02610b_crop0.jpg,0,0.9141309857368469,coyote,0.9996022582054138,0.20000188885950662
58e28106-23d2-11e8-a6a3-ec086b02610b.jpg,data/cropped/bobcat/58e28106-23d2-11e8-a6a3-ec086b02610b_crop0.jpg,0,0.9107391834259033,bobcat,0.9877816438674927,0.20001006593185364
58e28114-23d2-11e8-a6a3-ec086b02610b.jpg,data/cropped/bobcat/58e28114-23d2-11e8-a6a3-ec086b02610b_crop0.jpg,0,0.8533900380134583,bobcat,0.9981807470321655,0.20003227194492254
58e281bf-23d2-11e8-a6a3-ec086b02610b.jpg,data/cropped/opossum/58e281bf-23d2-11e8-a6a3-ec086b02610b_crop0.jpg,0,0.8700820207595825,opossum,0.999994158744812,0.20000607336626447
58e2821a-23d2-11e8-a6a3-ec086b02610b.jpg,data/cropped/opossum/58e2821a-23d2-11e8-a6a3-ec086b02610b_crop0.jpg,0,0.8170870542526245,opossum,0.9999545812606812,0.2
58e28254-23d2-11e8-a6a3-ec086b02610b.jpg,data/cropped/coyote/58e28254-23d2-11e8-a6a3-ec086b02610b_crop0.jpg,0,0.9440314769744873,coyote,0.9996980428695679,0.20000056518888612
58e282f9-23d2-11e8-a6a3-ec086b02610b.jpg,data/cropped/raccoon/58e282f9-23d2-11e8-a6a3-ec086b02610b_crop0.jpg,0,0.8640814423561096,raccoon,0.9820379018783569,0.2
58e282f9-23d2-11e8-a6a3-ec086b02610b.jpg,data/cropped/raccoon/58e282f9-23d2-11e8-a6a3-ec086b02610b_crop1.jpg,1,0.8524751663208008,raccoon,0.9979128241539001,0.2
58e28302-23d2-11e8-a6a3-ec086b02610b.jpg,data/cropped/opossum/58e28302-23d2-11e8-a6a3-ec086b02610b_crop0.jpg,0,0.64083331823349,opossum,0.9457146525382996,0.2000090645395214
58e28347-23d2-11e8-a6a3-ec086b02610b.jpg,data/cropped/coyote/58e28347-23d2-11e8-a6a3-ec086b02610b_crop0.jpg,0,0.9363749027252197,coyote,0.999998927116394,0.2
58e283e7-23d2-11e8-a6a3-ec086b02610b.jpg,data/cropped/coyote/58e283e7-23d2-11e8-a6a3-ec086b02610b_crop0.jpg,0,0.945166826248169,coyote,0.9999498128890991,0.2
58e40c7a-23d2-11e8-a6a3-ec086b02610b.jpg,data/cropped/bobcat/58e40c7a-23d2-11e8-a6a3-ec086b02610b_crop0.jpg,0,0.9066554307937622,bobcat,0.9987627267837524,0.20000102142959286
58e40cca-23d2-11e8-a6a3-ec086b02610b.jpg,data/cropped/coyote/58e40cca-23d2-11e8-a6a3-ec086b02610b_crop0.jpg,0,0.8441833853721619,opossum,0.7321218252182007,0.2
58e40ceb-23d2-11e8-a6a3-ec086b02610b.jpg,data/cropped/bobcat/58e40ceb-23d2-11e8-a6a3-ec086b02610b_crop0.jpg,0,0.47227904200553894,bobcat,0.9898067116737366,0.20005635390250776
58e40d35-23d2-11e8-a6a3-ec086b02610b.jpg,data/cropped/raccoon/58e40d35-23d2-11e8-a6a3-ec086b02610b_crop0.jpg,0,0.9187442064285278,raccoon,0.9898793697357178,0.20000364570991086
58e40d48-23d2-11e8-a6a3-ec086b02610b.jpg,data/cropped/mountain_lion/58e40d48-23d2-11e8-a6a3-ec086b02610b_crop0.jpg,0,0.9243912100791931,mountain_lion,0.9947499632835388,0.20000437407051003
58e40d48-23d2-11e8-a6a3-ec086b02610b.jpg,data/cropped/mountain_lion/58e40d48-23d2-11e8-a6a3-ec086b02610b_crop1.jpg,1,0.4127371311187744,mountain_lion,0.9981604218482971,0.2
58e40d48-23d2-11e8-a6a3-ec086b02610b.jpg,data/cropped/mountain_lion/58e40d48-23d2-11e8-a6a3-ec086b02610b_crop2.jpg,2,0.3560260832309723,mountain_lion,0.9936967492103577,0.20001383700013836
58e40da8-23d2-11e8-a6a3-ec086b02610b.jpg,data/cropped/coyote/58e40da8-23d2-11e8-a6a3-ec086b02610b_crop0.jpg,0,0.9697149991989136,coyote,0.9999953508377075,0.20015972846161526
58e40db7-23d2-11e8-a6a3-ec086b02610b.jpg,data/cropped/mountain_lion/58e40db7-23d2-11e8-a6a3-ec086b02610b_crop0.jpg,0,0.3076365292072296,deer,0.8651303052902222,0.2
58e40e7f-23d2-11e8-a6a3-ec086b02610b.jpg,data/cropped/raccoon/58e40e7f-23d2-11e8-a6a3-ec086b02610b_crop0.jpg,0,0.8585314750671387,raccoon,0.9487162828445435,0.2000060088931619
58e40e7f-23d2-11e8-a6a3-ec086b02610b.jpg,data/cropped/raccoon/58e40e7f-23d2-11e8-a6a3-ec086b02610b_crop1.jpg,1,0.8523738384246826,raccoon,0.9869705438613892,0.2
58e40eec-23d2-11e8-a6a3-ec086b02610b.jpg,data/cropped/opossum/58e40eec-23d2-11e8-a6a3-ec086b02610b_crop0.jpg,0,0.24002602696418762,opossum,0.9775667786598206,0.20002362948960303
58e40eec-23d2-11e8-a6a3-ec086b02610b.jpg,data/cropped/opossum/58e40eec-23d2-11e8-a6a3-ec086b02610b_crop1.jpg,1,0.20378009974956512,opossum,0.34407997131347656,0.20004095004095004
58e40f1d-23d2-11e8-a6a3-ec086b02610b.jpg,data/cropped/opossum/58e40f1d-23d2-11e8-a6a3-ec086b02610b_crop0.jpg,0,0.6249472498893738,opossum,0.9925151467323303,0.20003262509685577
58e4101e-23d2-11e8-a6a3-ec086b02610b.jpg,data/cropped/coyote/58e4101e-23d2-11e8-a6a3-ec086b02610b_crop0.jpg,0,0.8827827572822571,coyote,0.8384056091308594,0.20000453653612785
58e59781-23d2-11e8-a6a3-ec086b02610b.jpg,data/cropped/deer/58e59781-23d2-11e8-a6a3-ec086b02610b_crop0.jpg,0,0.9582407474517822,deer,0.9998055100440979,0.2
58e59787-23d2-11e8-a6a3-ec086b02610b.jpg,data/cropped/raccoon/58e59787-23d2-11e8-a6a3-ec086b02610b_crop0.jpg,0,0.905018150806427,raccoon,0.9868733286857605,0.20000482855608065
58e59788-23d2-11e8-a6a3-ec086b02610b.jpg,data/cropped/coyote/58e59788-23d2-11e8-a6a3-ec086b02610b_crop0.jpg,0,0.949670135974884,coyote,0.9990110397338867,0.2000058107440658
58e5982f-23d2-11e8-a6a3-ec086b02610b.jpg,data/cropped/bobcat/58e5982f-23d2-11e8-a6a3-ec086b02610b_crop0.jpg,0,0.9779132008552551,bobcat,0.9986997842788696,0.2
58e59838-23d2-11e8-a6a3-ec086b02610b.jpg,data/cropped/bobcat/58e59838-23d2-11e8-a6a3-ec086b02610b_crop0.jpg,0,0.8538488149642944,bobcat,0.9990537762641907,0.2
58e59880-23d2-11e8-a6a3-ec086b02610b.jpg,data/cropped/opossum/58e59880-23d2-11e8-a6a3-ec086b02610b_crop0.jpg,0,0.7161261439323425,opossum,0.9772422313690186,0.2
58e59880-23d2-11e8-a6a3-ec086b02610b.jpg,data/cropped/opossum/58e59880-23d2-11e8-a6a3-ec086b02610b_crop1.jpg,1,0.20314854383468628,opossum,0.723459780216217,0.20003192848020435
58e598a3-23d2-11e8-a6a3-ec086b02610b.jpg,data/cropped/raccoon/58e598a3-23d2-11e8-a6a3-ec086b02610b_crop0.jpg,0,0.8012739419937134,raccoon,0.864687979221344,0.20000326882845187
58e598a8-23d2-11e8-a6a3-ec086b02610b.jpg,data/cropped/raccoon/58e598a8-23d2-11e8-a6a3-ec086b02610b_crop0.jpg,0,0.7808336019515991,raccoon,0.9999319314956665,0.20000112039168894
58e598a8-23d2-11e8-a6a3-ec086b02610b.jpg,data/cropped/raccoon/58e598a8-23d2-11e8-a6a3-ec086b02610b_crop1.jpg,1,0.6241251826286316,raccoon,0.9598807692527771,0.2
58e598a8-23d2-11e8-a6a3-ec086b02610b.jpg,data/cropped/raccoon/58e598a8-23d2-11e8-a6a3-ec086b02610b_crop2.jpg,2,0.22607021033763885,raccoon,0.8878293037414551,0.2
58e598a8-23d2-11e8-a6a3-ec086b02610b.jpg,data/cropped/raccoon/58e598a8-23d2-11e8-a6a3-ec086b02610b_crop3.jpg,3,0.20589400827884674,raccoon,0.9972447156906128,0.2
58e59924-23d2-11e8-a6a3-ec086b02610b.jpg,data/cropped/deer/58e59924-23d2-11e8-a6a3-ec086b02610b_crop0.jpg,0,0.7385033369064331,deer,0.9985062479972839,0.20000042132849086
58e599b7-23d2-11e8-a6a3-ec086b02610b.jpg,data/cropped/coyote/58e599b7-23d2-11e8-a6a3-ec086b02610b_crop0.jpg,0,0.907295286655426,coyote,0.9999189376831055,0.2000004389199059
58e599bd-23d2-11e8-a6a3-ec086b02610b.jpg,data/cropped/raccoon/58e599bd-23d2-11e8-a6a3-ec086b02610b_crop0.jpg,0,0.5846690535545349,raccoon,0.9998263716697693,0.2000032418063345
58e599bd-23d2-11e8-a6a3-ec086b02610b.jpg,data/cropped/raccoon/58e599bd-23d2-11e8-a6a3-ec086b02610b_crop1.jpg,1,0.3160395324230194,raccoon,0.9989784955978394,0.20000903587241348
58e599bd-23d2-11e8-a6a3-ec086b02610b.jpg,data/cropped/raccoon/58e599bd-23d2-11e8-a6a3-ec086b02610b_crop2.jpg,2,0.2736986577510834,raccoon,0.9822074770927429,0.2
58e599d1-23d2-11e8-a6a3-ec086b02610b.jpg,data/cropped/coyote/58e599d1-23d2-11e8-a6a3-ec086b02610b_crop0.jpg,0,0.9538294076919556,coyote,0.9998881816864014,0.20000406912079863
58e599e5-23d2-11e8-a6a3-ec086b02610b.jpg,data/cropped/coyote/58e599e5-23d2-11e8-a6a3-ec086b02610b_crop0.jpg,0,0.9431763887405396,coyote,0.9994530081748962,0.20008448324415656
58e59a67-23d2-11e8-a6a3-ec086b02610b.jpg,data/cropped/mountain_lion/58e59a67-23d2-11e8-a6a3-ec086b02610b_crop0.jpg,0,0.9686110019683838,mountain_lion,0.9997990727424622,0.20000067433384244
58e59a67-23d2-11e8-a6a3-ec086b02610b.jpg,data/cropped/mountain_lion/58e59a67-23d2-11e8-a6a3-ec086b02610b_crop1.jpg,1,0.321523517370224,mountain_lion,0.9999723434448242,0.2000004312677763
58e59aac-23d2-11e8-a6a3-ec086b02610b.jpg,data/cropped/opossum/58e59aac-23d2-11e8-a6a3-ec086b02610b_crop0.jpg,0,0.7565577030181885,opossum,0.999428927898407,0.20000586441473142
58e59ab6-23d2-11e8-a6a3-ec086b02610b.jpg,data/cropped/deer/58e59ab6-23d2-11e8-a6a3-ec086b02610b_crop0.jpg,0,0.9519528746604919,deer,0.993187665939331,0.20000509113124937
58e722e3-23d2-11e8-a6a3-ec086b02610b.jpg,data/cropped/opossum/58e722e3-23d2-11e8-a6a3-ec086b02610b_crop0.jpg,0,0.3551301062107086,opossum,0.6952064633369446,0.20000156925515303
58e7232b-23d2-11e8-a6a3-ec086b02610b.jpg,data/cropped/deer/58e7232b-23d2-11e8-a6a3-ec086b02610b_crop0.jpg,0,0.5485473871231079,deer,0.9790681600570679,0.2
58e7232b-23d2-11e8-a6a3-ec086b02610b.jpg,data/cropped/deer/58e7232b-23d2-11e8-a6a3-ec086b02610b_crop1.jpg,1,0.3364386558532715,deer,0.982646644115448,0.2
58e7234a-23d2-11e8-a6a3-ec086b02610b.jpg,data/cropped/opossum/58e7234a-23d2-11e8-a6a3-ec086b02610b_crop0.jpg,0,0.4783787131309509,opossum,0.9847196340560913,0.20005882086783403
58e7234a-23d2-11e8-a6a3-ec086b02610b.jpg,data/cropped/opossum/58e7234a-23d2-11e8-a6a3-ec086b02610b_crop1.jpg,1,0.26153892278671265,opossum,0.8121353983879089,0.20001776356692424
58e7234a-23d2-11e8-a6a3-ec086b02610b.jpg,data/cropped/opossum/58e7234a-23d2-11e8-a6a3-ec086b02610b_crop2.jpg,2,0.23276713490486145,opossum,0.5842484831809998,0.20001668543778417
58e72358-23d2-11e8-a6a3-ec086b02610b.jpg,data/cropped/bobcat/58e72358-23d2-11e8-a6a3-ec086b02610b_crop0.jpg,0,0.8888279795646667,bobcat,0.9996803998947144,0.2000174041682983
58e72398-23d2-11e8-a6a3-ec086b02610b.jpg,data/cropped/bobcat/58e72398-23d2-11e8-a6a3-ec086b02610b_crop0.jpg,0,0.8332613110542297,bobcat,0.9994927644729614,0.20001558360604643
58e723b4-23d2-11e8-a6a3-ec086b02610b.jpg,data/cropped/bobcat/58e723b4-23d2-11e8-a6a3-ec086b02610b_crop0.jpg,0,0.854081392288208,bobcat,0.997967541217804,0.200009130752374
58e723fa-23d2-11e8-a6a3-ec086b02610b.jpg,data/cropped/deer/58e723fa-23d2-11e8-a6a3-ec086b02610b_crop0.jpg,0,0.9468901753425598,deer,0.9986783862113953,0.20000124452409399
58e72454-23d2-11e8-a6a3-ec086b02610b.jpg,data/cropped/raccoon/58e72454-23d2-11e8-a6a3-ec086b02610b_crop0.jpg,0,0.8614383935928345,raccoon,0.9909003973007202,0.20000290701899737
58e72454-23d2-11e8-a6a3-ec086b02610b.jpg,data/cropped/raccoon/58e72454-23d2-11e8-a6a3-ec086b02610b_crop1.jpg,1,0.41112828254699707,raccoon,0.9712638854980469,0.2
58e7245d-23d2-11e8-a6a3-ec086b02610b.jpg,data/cropped/opossum/58e7245d-23d2-11e8-a6a3-ec086b02610b_crop0.jpg,0,0.8163904547691345,opossum,0.9985700845718384,0.2
58e72492-23d2-11e8-a6a3-ec086b02610b.jpg,data/cropped/coyote/58e72492-23d2-11e8-a6a3-ec086b02610b_crop0.jpg,0,0.8610055446624756,coyote,0.9996600151062012,0.2
58e724a6-23d2-11e8-a6a3-ec086b02610b.jpg,data/cropped/coyote/58e724a6-23d2-11e8-a6a3-ec086b02610b_crop0.jpg,0,0.9180985689163208,coyote,0.999964714050293,0.2
58e724a6-23d2-11e8-a6a3-ec086b02610b.jpg,data/cropped/coyote/58e724a6-23d2-11e8-a6a3-ec086b02610b_crop1.jpg,1,0.6314219236373901,coyote,0.9999423027038574,0.2
58e725b4-23d2-11e8-a6a3-ec086b02610b.jpg,data/cropped/bobcat/58e725b4-23d2-11e8-a6a3-ec086b02610b_crop0.jpg,0,0.8874748349189758,bobcat,0.927624523639679,0.20000979240109676
58e725b4-23d2-11e8-a6a3-ec086b02610b.jpg,data/cropped/bobcat/58e725b4-23d2-11e8-a6a3-ec086b02610b_crop1.jpg,1,0.25582554936408997,coyote,0.9817028641700745,0.20000312431655576
58e725dc-23d2-11e8-a6a3-ec086b02610b.jpg,data/cropped/deer/58e725dc-23d2-11e8-a6a3-ec086b02610b_crop0.jpg,0,0.9366031289100647,deer,0.9999572038650513,0.2
58e72656-23d2-11e8-a6a3-ec086b02610b.jpg,data/cropped/coyote/58e72656-23d2-11e8-a6a3-ec086b02610b_crop0.jpg,0,0.8730686902999878,coyote,0.9994581341743469,0.20000500200080032
58e72656-23d2-11e8-a6a3-ec086b02610b.jpg,data/cropped/coyote/58e72656-23d2-11e8-a6a3-ec086b02610b_crop1.jpg,1,0.24269412457942963,coyote,0.9789468050003052,0.2
58e7267f-23d2-11e8-a6a3-ec086b02610b.jpg,data/cropped/coyote/58e7267f-23d2-11e8-a6a3-ec086b02610b_crop0.jpg,0,0.7387933135032654,coyote,0.9521396160125732,0.2000416970707808
58e7267f-23d2-11e8-a6a3-ec086b02610b.jpg,data/cropped/coyote/58e7267f-23d2-11e8-a6a3-ec086b02610b_crop1.jpg,1,0.5466253161430359,coyote,0.537797749042511,0.2000445533526398
58e7269b-23d2-11e8-a6a3-ec086b02610b.jpg,data/cropped/raccoon/58e7269b-23d2-11e8-a6a3-ec086b02610b_crop0.jpg,0,0.872235119342804,raccoon,0.9958540201187134,0.2000086266390614
58e9385d-23d2-11e8-a6a3-ec086b02610b.jpg,data/cropped/deer/58e9385d-23d2-11e8-a6a3-ec086b02610b_crop0.jpg,0,0.957646369934082,deer,0.9941905736923218,0.2
58e9388a-23d2-11e8-a6a3-ec086b02610b.jpg,data/cropped/raccoon/58e9388a-23d2-11e8-a6a3-ec086b02610b_crop0.jpg,0,0.8111794590950012,raccoon,0.8869163990020752,0.2000101570964247
58e9388a-23d2-11e8-a6a3-ec086b02610b.jpg,data/cropped/raccoon/58e9388a-23d2-11e8-a6a3-ec086b02610b_crop1.jpg,1,0.5561133027076721,raccoon,0.9861959218978882,0.20000092965314642
58e938f8-23d2-11e8-a6a3-ec086b02610b.jpg,data/cropped/bobcat/58e938f8-23d2-11e8-a6a3-ec086b02610b_crop0.jpg,0,0.8664621114730835,bobcat,0.9999299049377441,0.20000967866821526
58e938f8-23d2-11e8-a6a3-ec086b02610b.jpg,data/cropped/bobcat/58e938f8-23d2-11e8-a6a3-ec086b02610b_crop1.jpg,1,0.5290845632553101,bobcat,0.9487113356590271,0.2000201126307321
58e9390c-23d2-11e8-a6a3-ec086b02610b.jpg,data/cropped/opossum/58e9390c-23d2-11e8-a6a3-ec086b02610b_crop0.jpg,0,0.8658015727996826,opossum,0.9997963309288025,0.20000287567039066
58e93923-23d2-11e8-a6a3-ec086b02610b.jpg,data/cropped/opossum/58e93923-23d2-11e8-a6a3-ec086b02610b_crop0.jpg,0,0.826257586479187,opossum,0.9993489384651184,0.20001305994514823
58e93923-23d2-11e8-a6a3-ec086b02610b.jpg,data/cropped/opossum/58e93923-23d2-11e8-a6a3-ec086b02610b_crop1.jpg,1,0.47118857502937317,bobcat,0.9835972189903259,0.20001080409475192
58e939f1-23d2-11e8-a6a3-ec086b02610b.jpg,data/cropped/raccoon/58e939f1-23d2-11e8-a6a3-ec086b02610b_crop0.jpg,0,0.8473088145256042,raccoon,0.9940158128738403,0.20001607200257152
58e93a42-23d2-11e8-a6a3-ec086b02610b.jpg,data/cropped/bobcat/58e93a42-23d2-11e8-a6a3-ec086b02610b_crop0.jpg,0,0.4149634540081024,bobcat,0.4549137055873871,0.2
58e93a42-23d2-11e8-a6a3-ec086b02610b.jpg,data/cropped/bobcat/58e93a42-23d2-11e8-a6a3-ec086b02610b_crop1.jpg,1,0.3227865993976593,bobcat,0.7447495460510254,0.200046685340803
58e93a42-23d2-11e8-a6a3-ec086b02610b.jpg,data/cropped/bobcat/58e93a42-23d2-11e8-a6a3-ec086b02610b_crop2.jpg,2,0.2679458558559418,bobcat,0.6074466109275818,0.2000316255534472
58e93a4e-23d2-11e8-a6a3-ec086b02610b.jpg,data/cropped/opossum/58e93a4e-23d2-11e8-a6a3-ec086b02610b_crop0.jpg,0,0.8332066535949707,opossum,0.9998266100883484,0.20001731376877463
58e93abb-23d2-11e8-a6a3-ec086b02610b.jpg,data/cropped/opossum/58e93abb-23d2-11e8-a6a3-ec086b02610b_crop0.jpg,0,0.8201919198036194,opossum,0.9971917271614075,0.20002424046541695
58e93b14-23d2-11e8-a6a3-ec086b02610b.jpg,data/cropped/opossum/58e93b14-23d2-11e8-a6a3-ec086b02610b_crop0.jpg,0,0.6951165199279785,opossum,0.9982511401176453,0.20000563316809375
58e93b14-23d2-11e8-a6a3-ec086b02610b.jpg,data/cropped/opossum/58e93b14-23d2-11e8-a6a3-ec086b02610b_crop1.jpg,1,0.5089763402938843,opossum,0.9996939897537231,0.20000291209831245
58e93b20-23d2-11e8-a6a3-ec086b02610b.jpg,data/cropped/raccoon/58e93b20-23d2-11e8-a6a3-ec086b02610b_crop0.jpg,0,0.8563413619995117,raccoon,0.9971363544464111,0.20000960199721543
58e93bd2-23d2-11e8-a6a3-ec086b02610b.jpg,data/cropped/coyote/58e93bd2-23d2-11e8-a6a3-ec086b02610b_crop0.jpg,0,0.9668831825256348,coyote,0.9999319314956665,0.20000224004300882
58eac820-23d2-11e8-a6a3-ec086b02610b.jpg,data/cropped/raccoon/58eac820-23d2-11e8-a6a3-ec086b02610b_crop0.jpg,0,0.915404736995697,raccoon,0.9959575533866882,0.2
58eac820-23d2-11e8-a6a3-ec086b02610b.jpg,data/cropped/raccoon/58eac820-23d2-11e8-a6a3-ec086b02610b_crop1.jpg,1,0.5227163434028625,raccoon,0.9457297921180725,0.20003113325031133
58eac848-23d2-11e8-a6a3-ec086b02610b.jpg,data/cropped/bobcat/58eac848-23d2-11e8-a6a3-ec086b02610b_crop0.jpg,0,0.8618441820144653,bobcat,0.9905019998550415,0.20000455396735944
58eac854-23d2-11e8-a6a3-ec086b02610b.jpg,data/cropped/raccoon/58eac854-23d2-11e8-a6a3-ec086b02610b_crop0.jpg,0,0.8463224172592163,raccoon,0.9974276423454285,0.20000674217907227
58eac8a3-23d2-11e8-a6a3-ec086b02610b.jpg,data/cropped/opossum/58eac8a3-23d2-11e8-a6a3-ec086b02610b_crop0.jpg,0,0.694848895072937,opossum,0.9999581575393677,0.20002208358637444
58eac8a3-23d2-11e8-a6a3-ec086b02610b.jpg,data/cropped/opossum/58eac8a3-23d2-11e8-a6a3-ec086b02610b_crop1.jpg,1,0.43510153889656067,opossum,0.6076115369796753,0.2
58eac940-23d2-11e8-a6a3-ec086b02610b.jpg,data/cropped/opossum/58eac940-23d2-11e8-a6a3-ec086b02610b_crop0.jpg,0,0.7870572209358215,opossum,0.9897575378417969,0.2000102228583112
58eac940-23d2-11e8-a6a3-ec086b02610b.jpg,data/cropped/opossum/58eac940-23d2-11e8-a6a3-ec086b02610b_crop1.jpg,1,0.30017510056495667,opossum,0.8821336030960083,0.20405125684497644
58eac949-23d2-11e8-a6a3-ec086b02610b.jpg,data/cropped/raccoon/58eac949-23d2-11e8-a6a3-ec086b02610b_crop0.jpg,0,0.755774736404419,raccoon,0.9986876845359802,0.2
58eac949-23d2-11e8-a6a3-ec086b02610b.jpg,data/cropped/raccoon/58eac949-23d2-11e8-a6a3-ec086b02610b_crop1.jpg,1,0.6584869027137756,raccoon,0.9492670297622681,0.20001614987080105
58eaca53-23d2-11e8-a6a3-ec086b02610b.jpg,data/cropped/opossum/58eaca53-23d2-11e8-a6a3-ec086b02610b_crop0.jpg,0,0.7584938406944275,opossum,0.9973239898681641,0.20034611288604898
58eaca6a-23d2-11e8-a6a3-ec086b02610b.jpg,data/cropped/coyote/58eaca6a-23d2-11e8-a6a3-ec086b02610b_crop0.jpg,0,0.8355574011802673,coyote,0.37523186206817627,0.20014880952380953
58eacb22-23d2-11e8-a6a3-ec086b02610b.jpg,data/cropped/opossum/58eacb22-23d2-11e8-a6a3-ec086b02610b_crop0.jpg,0,0.8278390169143677,opossum,0.9996253252029419,0.20001813195530474
58eacb61-23d2-11e8-a6a3-ec086b02610b.jpg,data/cropped/coyote/58eacb61-23d2-11e8-a6a3-ec086b02610b_crop0.jpg,0,0.2741667926311493,coyote,0.9966678023338318,0.2000444702904252
58eacb61-23d2-11e8-a6a3-ec086b02610b.jpg,data/cropped/coyote/58eacb61-23d2-11e8-a6a3-ec086b02610b_crop1.jpg,1,0.2512149512767792,coyote,0.9992571473121643,0.2
58eacb6e-23d2-11e8-a6a3-ec086b02610b.jpg,data/cropped/raccoon/58eacb6e-23d2-11e8-a6a3-ec086b02610b_crop0.jpg,0,0.7535956501960754,raccoon,0.9971809387207031,0.20000599358686205
58eacb6e-23d2-11e8-a6a3-ec086b02610b.jpg,data/cropped/raccoon/58eacb6e-23d2-11e8-a6a3-ec086b02610b_crop1.jpg,1,0.26243147253990173,opossum,0.5604971051216125,0.2
58ec54e8-23d2-11e8-a6a3-ec086b02610b.jpg,data/cropped/coyote/58ec54e8-23d2-11e8-a6a3-ec086b02610b_crop0.jpg,0,0.8894496560096741,coyote,0.9761324524879456,0.2
58ec552a-23d2-11e8-a6a3-ec086b02610b.jpg,data/cropped/raccoon/58ec552a-23d2-11e8-a6a3-ec086b02610b_crop0.jpg,0,0.9181336760520935,raccoon,0.9933997392654419,0.20000465817713883
58ec5579-23d2-11e8-a6a3-ec086b02610b.jpg,data/cropped/bobcat/58ec5579-23d2-11e8-a6a3-ec086b02610b_crop0.jpg,0,0.8953410387039185,bobcat,0.9977752566337585,0.2
58ec579a-23d2-11e8-a6a3-ec086b02610b.jpg,data/cropped/opossum/58ec579a-23d2-11e8-a6a3-ec086b02610b_crop0.jpg,0,0.8035838603973389,opossum,0.8624937534332275,0.2
58ec57b2-23d2-11e8-a6a3-ec086b02610b.jpg,data/cropped/deer/58ec57b2-23d2-11e8-a6a3-ec086b02610b_crop0.jpg,0,0.7148473858833313,deer,0.9998772144317627,0.2000004182840316
58ec57b2-23d2-11e8-a6a3-ec086b02610b.jpg,data/cropped/deer/58ec57b2-23d2-11e8-a6a3-ec086b02610b_crop1.jpg,1,0.5172576308250427,deer,0.9996416568756104,0.2000009498525354
58ec5809-23d2-11e8-a6a3-ec086b02610b.jpg,data/cropped/coyote/58ec5809-23d2-11e8-a6a3-ec086b02610b_crop0.jpg,0,0.9106526374816895,coyote,0.999895453453064,0.2
58ec5825-23d2-11e8-a6a3-ec086b02610b.jpg,data/cropped/bobcat/58ec5825-23d2-11e8-a6a3-ec086b02610b_crop0.jpg,0,0.9073789715766907,bobcat,0.999957799911499,0.2
58ec58ac-23d2-11e8-a6a3-ec086b02610b.jpg,data/cropped/raccoon/58ec58ac-23d2-11e8-a6a3-ec086b02610b_crop0.jpg,0,0.8596845865249634,raccoon,0.7087770104408264,0.2000093114204572
58ec58ac-23d2-11e8-a6a3-ec086b02610b.jpg,data/cropped/raccoon/58ec58ac-23d2-11e8-a6a3-ec086b02610b_crop1.jpg,1,0.7093084454536438,raccoon,0.7706034183502197,0.20002265903812383
58ede0d2-23d2-11e8-a6a3-ec086b02610b.jpg,data/cropped/deer/58ede0d2-23d2-11e8-a6a3-ec086b02610b_crop0.jpg,0,0.9712182283401489,deer,0.99989914894104,0.20000282283864654
58ede0db-23d2-11e8-a6a3-ec086b02610b.jpg,data/cropped/opossum/58ede0db-23d2-11e8-a6a3-ec086b02610b_crop0.jpg,0,0.8709717988967896,opossum,0.9999984502792358,0.20000516009184963
58ede174-23d2-11e8-a6a3-ec086b02610b.jpg,data/cropped/opossum/58ede174-23d2-11e8-a6a3-ec086b02610b_crop0.jpg,0,0.7903899550437927,opossum,0.9998086094856262,0.20002127885945314
58ede17f-23d2-11e8-a6a3-ec086b02610b.jpg,data/cropped/deer/58ede17f-23d2-11e8-a6a3-ec086b02610b_crop0.jpg,0,0.970710039138794,deer,0.9999911785125732,0.20000091355904331
58ede192-23d2-11e8-a6a3-ec086b02610b.jpg,data/cropped/raccoon/58ede192-23d2-11e8-a6a3-ec086b02610b_crop0.jpg,0,0.866867184638977,raccoon,0.9870284795761108,0.20000534130968914
58ede1cc-23d2-11e8-a6a3-ec086b02610b.jpg,data/cropped/coyote/58ede1cc-23d2-11e8-a6a3-ec086b02610b_crop0.jpg,0,0.753185510635376,raccoon,0.820404589176178,0.2
58ede1cc-23d2-11e8-a6a3-ec086b02610b.jpg,data/cropped/coyote/58ede1cc-23d2-11e8-a6a3-ec086b02610b_crop1.jpg,1,0.21344104409217834,bobcat,0.952520489692688,0.2
58ede1de-23d2-11e8-a6a3-ec086b02610b.jpg,data/cropped/coyote/58ede1de-23d2-11e8-a6a3-ec086b02610b_crop0.jpg,0,0.9595240354537964,coyote,0.9999626874923706,0.2000820008200082
58ede20a-23d2-11e8-a6a3-ec086b02610b.jpg,data/cropped/mountain_lion/58ede20a-23d2-11e8-a6a3-ec086b02610b_crop0.jpg,0,0.7434766888618469,mountain_lion,0.9999995231628418,0.2000002197768386
58ede20a-23d2-11e8-a6a3-ec086b02610b.jpg,data/cropped/mountain_lion/58ede20a-23d2-11e8-a6a3-ec086b02610b_crop1.jpg,1,0.5166235566139221,mountain_lion,0.9999971389770508,0.20000025332521004
58ede20a-23d2-11e8-a6a3-ec086b02610b.jpg,data/cropped/mountain_lion/58ede20a-23d2-11e8-a6a3-ec086b02610b_crop2.jpg,2,0.20277109742164612,mountain_lion,0.9999971389770508,0.20001551409843696
58ede212-23d2-11e8-a6a3-ec086b02610b.jpg,data/cropped/coyote/58ede212-23d2-11e8-a6a3-ec086b02610b_crop0.jpg,0,0.9172449707984924,coyote,0.9998103976249695,0.2001943634596696
58ede242-23d2-11e8-a6a3-ec086b02610b.jpg,data/cropped/mountain_lion/58ede242-23d2-11e8-a6a3-ec086b02610b_crop0.jpg,0,0.6381837129592896,mountain_lion,0.9999891519546509,0.20000066381080506
58ede262-23d2-11e8-a6a3-ec086b02610b.jpg,data/cropped/bobcat/58ede262-23d2-11e8-a6a3-ec086b02610b_crop0.jpg,0,0.8026132583618164,bobcat,0.9955322742462158,0.2
58ede262-23d2-11e8-a6a3-ec086b02610b.jpg,data/cropped/bobcat/58ede262-23d2-11e8-a6a3-ec086b02610b_crop1.jpg,1,0.7184927463531494,raccoon,0.8666523694992065,0.20008415737428992
58ede262-23d2-11e8-a6a3-ec086b02610b.jpg,data/cropped/bobcat/58ede262-23d2-11e8-a6a3-ec086b02610b_crop2.jpg,2,0.317802369594574,bobcat,0.3627626895904541,0.20029714922462624
58ede32e-23d2-11e8-a6a3-ec086b02610b.jpg,data/cropped/opossum/58ede32e-23d2-11e8-a6a3-ec086b02610b_crop0.jpg,0,0.839181125164032,opossum,0.9999996423721313,0.2000030416400523
58ede3a8-23d2-11e8-a6a3-ec086b02610b.jpg,data/cropped/coyote/58ede3a8-23d2-11e8-a6a3-ec086b02610b_crop0.jpg,0,0.9280644059181213,coyote,0.9988821148872375,0.2
58ede3de-23d2-11e8-a6a3-ec086b02610b.jpg,data/cropped/opossum/58ede3de-23d2-11e8-a6a3-ec086b02610b_crop0.jpg,0,0.8128059506416321,opossum,0.9999743700027466,0.2
58ede3de-23d2-11e8-a6a3-ec086b02610b.jpg,data/cropped/opossum/58ede3de-23d2-11e8-a6a3-ec086b02610b_crop1.jpg,1,0.2522789239883423,opossum,0.9727718830108643,0.2
58ede437-23d2-11e8-a6a3-ec086b02610b.jpg,data/cropped/coyote/58ede437-23d2-11e8-a6a3-ec086b02610b_crop0.jpg,0,0.926882803440094,coyote,0.9999161958694458,0.2
58ede492-23d2-11e8-a6a3-ec086b02610b.jpg,data/cropped/coyote/58ede492-23d2-11e8-a6a3-ec086b02610b_crop0.jpg,0,0.943451464176178,coyote,0.9954648613929749,0.2
58ef6da1-23d2-11e8-a6a3-ec086b02610b.jpg,data/cropped/bobcat/58ef6da1-23d2-11e8-a6a3-ec086b02610b_crop0.jpg,0,0.848641037940979,opossum,0.9891330599784851,0.20000901550667147
58ef6da2-23d2-11e8-a6a3-ec086b02610b.jpg,data/cropped/coyote/58ef6da2-23d2-11e8-a6a3-ec086b02610b_crop0.jpg,0,0.9563489556312561,coyote,0.9999433755874634,0.200001549738869
58ef6df3-23d2-11e8-a6a3-ec086b02610b.jpg,data/cropped/opossum/58ef6df3-23d2-11e8-a6a3-ec086b02610b_crop0.jpg,0,0.22939559817314148,bobcat,0.34553149342536926,0.20000731957253695
58ef6df6-23d2-11e8-a6a3-ec086b02610b.jpg,data/cropped/coyote/58ef6df6-23d2-11e8-a6a3-ec086b02610b_crop0.jpg,0,0.9112843871116638,coyote,0.9973875880241394,0.2
58ef6e2b-23d2-11e8-a6a3-ec086b02610b.jpg,data/cropped/bobcat/58ef6e2b-23d2-11e8-a6a3-ec086b02610b_crop0.jpg,0,0.9011603593826294,bobcat,0.9990911483764648,0.20000332148669744
58ef6e2b-23d2-11e8-a6a3-ec086b02610b.jpg,data/cropped/bobcat/58ef6e2b-23d2-11e8-a6a3-ec086b02610b_crop1.jpg,1,0.5840833783149719,bobcat,0.9263035655021667,0.20002516567402065
58ef6e39-23d2-11e8-a6a3-ec086b02610b.jpg,data/cropped/bobcat/58ef6e39-23d2-11e8-a6a3-ec086b02610b_crop0.jpg,0,0.35530582070350647,bobcat,0.8532710075378418,0.20002612443941306
58ef6f45-23d2-11e8-a6a3-ec086b02610b.jpg,data/cropped/mountain_lion/58ef6f45-23d2-11e8-a6a3-ec086b02610b_crop0.jpg,0,0.5667862892150879,mountain_lion,0.9999761581420898,0.20000079603891038
58ef6f45-23d2-11e8-a6a3-ec086b02610b.jpg,data/cropped/mountain_lion/58ef6f45-23d2-11e8-a6a3-ec086b02610b_crop1.jpg,1,0.442990779876709,mountain_lion,0.9513490796089172,0.20000078657628906
58ef6f45-23d2-11e8-a6a3-ec086b02610b.jpg,data/cropped/mountain_lion/58ef6f45-23d2-11e8-a6a3-ec086b02610b_crop2.jpg,2,0.37017759680747986,mountain_lion,0.9998700618743896,0.20000086683656662
58ef6f45-23d2-11e8-a6a3-ec086b02610b.jpg,data/cropped/mountain_lion/58ef6f45-23d2-11e8-a6a3-ec086b02610b_crop3.jpg,3,0.2237248569726944,raccoon,0.37425848841667175,0.20083333333333334
58ef6f48-23d2-11e8-a6a3-ec086b02610b.jpg,data/cropped/coyote/58ef6f48-23d2-11e8-a6a3-ec086b02610b_crop0.jpg,0,0.8578799962997437,coyote,0.9996367692947388,0.20000719515046858
58ef6f5f-23d2-11e8-a6a3-ec086b02610b.jpg,data/cropped/bobcat/58ef6f5f-23d2-11e8-a6a3-ec086b02610b_crop0.jpg,0,0.5258522629737854,bobcat,0.6278557777404785,0.2000115713955103
58ef6f5f-23d2-11e8-a6a3-ec086b02610b.jpg,data/cropped/bobcat/58ef6f5f-23d2-11e8-a6a3-ec086b02610b_crop1.jpg,1,0.4396878778934479,opossum,0.7172576785087585,0.20001375137513752
58ef6feb-23d2-11e8-a6a3-ec086b02610b.jpg,data/cropped/opossum/58ef6feb-23d2-11e8-a6a3-ec086b02610b_crop0.jpg,0,0.8427598476409912,opossum,0.6827588677406311,0.20001444408334237
58ef702b-23d2-11e8-a6a3-ec086b02610b.jpg,data/cropped/raccoon/58ef702b-23d2-11e8-a6a3-ec086b02610b_crop0.jpg,0,0.9056919813156128,raccoon,0.9938395619392395,0.20001395649064044
58ef70b4-23d2-11e8-a6a3-ec086b02610b.jpg,data/cropped/coyote/58ef70b4-23d2-11e8-a6a3-ec086b02610b_crop0.jpg,0,0.9341645240783691,coyote,0.999658465385437,0.2000034329459826
58ef70c2-23d2-11e8-a6a3-ec086b02610b.jpg,data/cropped/raccoon/58ef70c2-23d2-11e8-a6a3-ec086b02610b_crop0.jpg,0,0.8559622168540955,raccoon,0.9495487213134766,0.2
58ef70c3-23d2-11e8-a6a3-ec086b02610b.jpg,data/cropped/opossum/58ef70c3-23d2-11e8-a6a3-ec086b02610b_crop0.jpg,0,0.834679365158081,opossum,0.9999765157699585,0.20001876876876876
58ef7100-23d2-11e8-a6a3-ec086b02610b.jpg,data/cropped/coyote/58ef7100-23d2-11e8-a6a3-ec086b02610b_crop0.jpg,0,0.9441155195236206,coyote,0.9999631643295288,0.20000077356272047
58f105aa-23d2-11e8-a6a3-ec086b02610b.jpg,data/cropped/opossum/58f105aa-23d2-11e8-a6a3-ec086b02610b_crop0.jpg,0,0.815270721912384,opossum,0.9999858140945435,0.20001440507058485
58f105cb-23d2-11e8-a6a3-ec086b02610b.jpg,data/cropped/coyote/58f105cb-23d2-11e8-a6a3-ec086b02610b_crop0.jpg,0,0.9096361398696899,coyote,0.9994792342185974,0.200007201843672
58f105ee-23d2-11e8-a6a3-ec086b02610b.jpg,data/cropped/coyote/58f105ee-23d2-11e8-a6a3-ec086b02610b_crop0.jpg,0,0.7703671455383301,opossum,0.44190457463264465,0.2
58f105ee-23d2-11e8-a6a3-ec086b02610b.jpg,data/cropped/coyote/58f105ee-23d2-11e8-a6a3-ec086b02610b_crop1.jpg,1,0.5921075940132141,coyote,0.6574777960777283,0.2
58f105ee-23d2-11e8-a6a3-ec086b02610b.jpg,data/cropped/coyote/58f105ee-23d2-11e8-a6a3-ec086b02610b_crop2.jpg,2,0.5003793239593506,raccoon,0.38585609197616577,0.2035625
58f105ee-23d2-11e8-a6a3-ec086b02610b.jpg,data/cropped/coyote/58f105ee-23d2-11e8-a6a3-ec086b02610b_crop3.jpg,3,0.3285897970199585,bobcat,0.35635823011398315,0.20001889644746787
58f105ee-23d2-11e8-a6a3-ec086b02610b.jpg,data/cropped/coyote/58f105ee-23d2-11e8-a6a3-ec086b02610b_crop4.jpg,4,0.24749840795993805,coyote,0.5570067763328552,0.2000084803256445
58f10639-23d2-11e8-a6a3-ec086b02610b.jpg,data/cropped/opossum/58f10639-23d2-11e8-a6a3-ec086b02610b_crop0.jpg,0,0.8150116801261902,opossum,0.9999274015426636,0.20017343546755312
58f1076e-23d2-11e8-a6a3-ec086b02610b.jpg,data/cropped/bobcat/58f1076e-23d2-11e8-a6a3-ec086b02610b_crop0.jpg,0,0.687020480632782,raccoon,0.485811322927475,0.2
58f1076e-23d2-11e8-a6a3-ec086b02610b.jpg,data/cropped/bobcat/58f1076e-23d2-11e8-a6a3-ec086b02610b_crop1.jpg,1,0.6584194302558899,bobcat,0.9991658926010132,0.20001284810329875
58f1076e-23d2-11e8-a6a3-ec086b02610b.jpg,data/cropped/bobcat/58f1076e-23d2-11e8-a6a3-ec086b02610b_crop2.jpg,2,0.3479395806789398,bobcat,0.9947488903999329,0.20001531217700877
58f1076e-23d2-11e8-a6a3-ec086b02610b.jpg,data/cropped/bobcat/58f1076e-23d2-11e8-a6a3-ec086b02610b_crop3.jpg,3,0.3257332742214203,bobcat,0.7629748582839966,0.2000060088931619
58f293a3-23d2-11e8-a6a3-ec086b02610b.jpg,data/cropped/deer/58f293a3-23d2-11e8-a6a3-ec086b02610b_crop0.jpg,0,0.9624315500259399,deer,0.9996432065963745,0.20000054619961138
58f293c1-23d2-11e8-a6a3-ec086b02610b.jpg,data/cropped/deer/58f293c1-23d2-11e8-a6a3-ec086b02610b_crop0.jpg,0,0.9484989047050476,deer,0.9923487901687622,0.2
58f2947f-23d2-11e8-a6a3-ec086b02610b.jpg,data/cropped/coyote/58f2947f-23d2-11e8-a6a3-ec086b02610b_crop0.jpg,0,0.95367431640625,coyote,0.9999065399169922,0.20000502251762067
58f29495-23d2-11e8-a6a3-ec086b02610b.jpg,data/cropped/coyote/58f29495-23d2-11e8-a6a3-ec086b02610b_crop0.jpg,0,0.9578976035118103,coyote,0.9761335849761963,0.20000084358286516
58f294c2-23d2-11e8-a6a3-ec086b02610b.jpg,data/cropped/coyote/58f294c2-23d2-11e8-a6a3-ec086b02610b_crop0.jpg,0,0.879473865032196,coyote,0.9995785355567932,0.2
58f294dc-23d2-11e8-a6a3-ec086b02610b.jpg,data/cropped/deer/58f294dc-23d2-11e8-a6a3-ec086b02610b_crop0.jpg,0,0.8385581374168396,deer,0.9994876384735107,0.2
58f294dc-23d2-11e8-a6a3-ec086b02610b.jpg,data/cropped/deer/58f294dc-23d2-11e8-a6a3-ec086b02610b_crop1.jpg,1,0.6725245714187622,deer,0.8662782311439514,0.2
58f294f8-23d2-11e8-a6a3-ec086b02610b.jpg,data/cropped/raccoon/58f294f8-23d2-11e8-a6a3-ec086b02610b_crop0.jpg,0,0.8423982858657837,bobcat,0.4896734654903412,0.20000934077481727
58f294f8-23d2-11e8-a6a3-ec086b02610b.jpg,data/cropped/raccoon/58f294f8-23d2-11e8-a6a3-ec086b02610b_crop1.jpg,1,0.6166648864746094,opossum,0.48969507217407227,0.20001244245365185
58f29548-23d2-11e8-a6a3-ec086b02610b.jpg,data/cropped/raccoon/58f29548-23d2-11e8-a6a3-ec086b02610b_crop0.jpg,0,0.35047194361686707,raccoon,0.5911652445793152,0.20003027703486906
58f295b4-23d2-11e8-a6a3-ec086b02610b.jpg,data/cropped/bobcat/58f295b4-23d2-11e8-a6a3-ec086b02610b_crop0.jpg,0,0.9484459757804871,bobcat,0.9942967295646667,0.20000141669145877
58f29658-23d2-11e8-a6a3-ec086b02610b.jpg,data/cropped/coyote/58f29658-23d2-11e8-a6a3-ec086b02610b_crop0.jpg,0,0.605894923210144,coyote,0.7913998365402222,0.20002046245140168
58f29658-23d2-11e8-a6a3-ec086b02610b.jpg,data/cropped/coyote/58f29658-23d2-11e8-a6a3-ec086b02610b_crop1.jpg,1,0.4302746057510376,bobcat,0.5442118048667908,0.20001156804904852
58f29658-23d2-11e8-a6a3-ec086b02610b.jpg,data/cropped/coyote/58f29658-23d2-11e8-a6a3-ec086b02610b_crop2.jpg,2,0.3725646138191223,coyote,0.6235644221305847,0.2
58f29677-23d2-11e8-a6a3-ec086b02610b.jpg,data/cropped/coyote/58f29677-23d2-11e8-a6a3-ec086b02610b_crop0.jpg,0,0.9612768888473511,coyote,0.9999942779541016,0.20000051326270837
58f296b8-23d2-11e8-a6a3-ec086b02610b.jpg,data/cropped/raccoon/58f296b8-23d2-11e8-a6a3-ec086b02610b_crop0.jpg,0,0.7696347832679749,raccoon,0.9495791792869568,0.2
58f296b8-23d2-11e8-a6a3-ec086b02610b.jpg,data/cropped/raccoon/58f296b8-23d2-11e8-a6a3-ec086b02610b_crop1.jpg,1,0.7253149151802063,raccoon,0.8383557200431824,0.20004401408450703
58f296b8-23d2-11e8-a6a3-ec086b02610b.jpg,data/cropped/raccoon/58f296b8-23d2-11e8-a6a3-ec086b02610b_crop2.jpg,2,0.2209101766347885,raccoon,0.8722070455551147,0.20000889125989152
58f296ef-23d2-11e8-a6a3-ec086b02610b.jpg,data/cropped/opossum/58f296ef-23d2-11e8-a6a3-ec086b02610b_crop0.jpg,0,0.7229405045509338,opossum,0.9991511106491089,0.2
58f421e3-23d2-11e8-a6a3-ec086b02610b.jpg,data/cropped/raccoon/58f421e3-23d2-11e8-a6a3-ec086b02610b_crop0.jpg,0,0.7581179141998291,raccoon,0.8881834149360657,0.20000491835530199
58f4220f-23d2-11e8-a6a3-ec086b02610b.jpg,data/cropped/opossum/58f4220f-23d2-11e8-a6a3-ec086b02610b_crop0.jpg,0,0.8430303335189819,opossum,0.9999887943267822,0.20001161845009877
58f422d5-23d2-11e8-a6a3-ec086b02610b.jpg,data/cropped/opossum/58f422d5-23d2-11e8-a6a3-ec086b02610b_crop0.jpg,0,0.6285399198532104,opossum,0.9994608759880066,0.2
58f42344-23d2-11e8-a6a3-ec086b02610b.jpg,data/cropped/coyote/58f42344-23d2-11e8-a6a3-ec086b02610b_crop0.jpg,0,0.9521927833557129,coyote,0.9999487400054932,0.2
58f42412-23d2-11e8-a6a3-ec086b02610b.jpg,data/cropped/coyote/58f42412-23d2-11e8-a6a3-ec086b02610b_crop0.jpg,0,0.9610143899917603,coyote,0.9999955892562866,0.20000289251417333
58f42425-23d2-11e8-a6a3-ec086b02610b.jpg,data/cropped/opossum/58f42425-23d2-11e8-a6a3-ec086b02610b_crop0.jpg,0,0.7313459515571594,opossum,0.9548091888427734,0.2000056715063521
58f42425-23d2-11e8-a6a3-ec086b02610b.jpg,data/cropped/opossum/58f42425-23d2-11e8-a6a3-ec086b02610b_crop1.jpg,1,0.26175224781036377,opossum,0.635106086730957,0.2000416970707808
58f424a4-23d2-11e8-a6a3-ec086b02610b.jpg,data/cropped/opossum/58f424a4-23d2-11e8-a6a3-ec086b02610b_crop0.jpg,0,0.8885309100151062,opossum,0.9357382655143738,0.20000944387387706
58f42538-23d2-11e8-a6a3-ec086b02610b.jpg,data/cropped/bobcat/58f42538-23d2-11e8-a6a3-ec086b02610b_crop0.jpg,0,0.8682868480682373,opossum,0.8780829906463623,0.2
58f5af29-23d2-11e8-a6a3-ec086b02610b.jpg,data/cropped/bobcat/58f5af29-23d2-11e8-a6a3-ec086b02610b_crop0.jpg,0,0.8684285283088684,bobcat,0.9906871914863586,0.20002618572223496
58f5af29-23d2-11e8-a6a3-ec086b02610b.jpg,data/cropped/bobcat/58f5af29-23d2-11e8-a6a3-ec086b02610b_crop1.jpg,1,0.23774465918540955,opossum,0.4584679901599884,0.20005189413596264
58f5af29-23d2-11e8-a6a3-ec086b02610b.jpg,data/cropped/bobcat/58f5af29-23d2-11e8-a6a3-ec086b02610b_crop2.jpg,2,0.22181545197963715,bobcat,0.9959402084350586,0.20009383063570255
58f5af66-23d2-11e8-a6a3-ec086b02610b.jpg,data/cropped/deer/58f5af66-23d2-11e8-a6a3-ec086b02610b_crop0.jpg,0,0.972415566444397,deer,0.9995656609535217,0.2
58f5afd1-23d2-11e8-a6a3-ec086b02610b.jpg,data/cropped/bobcat/58f5afd1-23d2-11e8-a6a3-ec086b02610b_crop0.jpg,0,0.836587131023407,raccoon,0.5963684320449829,0.20000647794260543
58f5afd1-23d2-11e8-a6a3-ec086b02610b.jpg,data/cropped/bobcat/58f5afd1-23d2-11e8-a6a3-ec086b02610b_crop1.jpg,1,0.20357508957386017,raccoon,0.4797779321670532,0.2000292226767972
58f5b02a-23d2-11e8-a6a3-ec086b02610b.jpg,data/cropped/mountain_lion/58f5b02a-23d2-11e8-a6a3-ec086b02610b_crop0.jpg,0,0.7064756751060486,mountain_lion,0.9998859167098999,0.2
58f5b035-23d2-11e8-a6a3-ec086b02610b.jpg,data/cropped/opossum/58f5b035-23d2-11e8-a6a3-ec086b02610b_crop0.jpg,0,0.6663777232170105,opossum,0.967481255531311,0.20002074904035688
58f5b035-23d2-11e8-a6a3-ec086b02610b.jpg,data/cropped/opossum/58f5b035-23d2-11e8-a6a3-ec086b02610b_crop1.jpg,1,0.2518916726112366,opossum,0.9975658655166626,0.2
58f5b03b-23d2-11e8-a6a3-ec086b02610b.jpg,data/cropped/opossum/58f5b03b-23d2-11e8-a6a3-ec086b02610b_crop0.jpg,0,0.871898889541626,opossum,0.9719300866127014,0.20000814448313073
58f5b03b-23d2-11e8-a6a3-ec086b02610b.jpg,data/cropped/opossum/58f5b03b-23d2-11e8-a6a3-ec086b02610b_crop1.jpg,1,0.6204921007156372,raccoon,0.9053483009338379,0.2
58f5b03b-23d2-11e8-a6a3-ec086b02610b.jpg,data/cropped/opossum/58f5b03b-23d2-11e8-a6a3-ec086b02610b_crop2.jpg,2,0.5428895950317383,raccoon,0.926641583442688,0.20002027575020276
58f5b0c3-23d2-11e8-a6a3-ec086b02610b.jpg,data/cropped/opossum/58f5b0c3-23d2-11e8-a6a3-ec086b02610b_crop0.jpg,0,0.6029502749443054,opossum,0.8819196224212646,0.20000932082271794
58f5b0c3-23d2-11e8-a6a3-ec086b02610b.jpg,data/cropped/opossum/58f5b0c3-23d2-11e8-a6a3-ec086b02610b_crop1.jpg,1,0.2498735785484314,opossum,0.5505611300468445,0.200000313379421
58f5b10f-23d2-11e8-a6a3-ec086b02610b.jpg,data/cropped/opossum/58f5b10f-23d2-11e8-a6a3-ec086b02610b_crop0.jpg,0,0.832374632358551,opossum,0.9999675750732422,0.20000133312003412
58f5b140-23d2-11e8-a6a3-ec086b02610b.jpg,data/cropped/bobcat/58f5b140-23d2-11e8-a6a3-ec086b02610b_crop0.jpg,0,0.6214134693145752,bobcat,0.9996936321258545,0.20000056655378082
58f5b15f-23d2-11e8-a6a3-ec086b02610b.jpg,data/cropped/deer/58f5b15f-23d2-11e8-a6a3-ec086b02610b_crop0.jpg,0,0.9635144472122192,deer,0.9976603984832764,0.2
58f5b15f-23d2-11e8-a6a3-ec086b02610b.jpg,data/cropped/deer/58f5b15f-23d2-11e8-a6a3-ec086b02610b_crop1.jpg,1,0.259500116109848,deer,0.941775918006897,0.20000513393143635
58f5b1ca-23d2-11e8-a6a3-ec086b02610b.jpg,data/cropped/opossum/58f5b1ca-23d2-11e8-a6a3-ec086b02610b_crop0.jpg,0,0.24290858209133148,deer,0.5008822083473206,0.2
58f5b285-23d2-11e8-a6a3-ec086b02610b.jpg,data/cropped/raccoon/58f5b285-23d2-11e8-a6a3-ec086b02610b_crop0.jpg,0,0.8849052786827087,raccoon,0.9931260347366333,0.2000009935715918
58f5b288-23d2-11e8-a6a3-ec086b02610b.jpg,data/cropped/opossum/58f5b288-23d2-11e8-a6a3-ec086b02610b_crop0.jpg,0,0.9404208064079285,opossum,0.9779732823371887,0.2
58f73c68-23d2-11e8-a6a3-ec086b02610b.jpg,data/cropped/opossum/58f73c68-23d2-11e8-a6a3-ec086b02610b_crop0.jpg,0,0.5393315553665161,opossum,0.9983372688293457,0.20001485442661912
58f73c68-23d2-11e8-a6a3-ec086b02610b.jpg,data/cropped/opossum/58f73c68-23d2-11e8-a6a3-ec086b02610b_crop1.jpg,1,0.4970572292804718,opossum,0.8059331774711609,0.20001783484929553
58f73c70-23d2-11e8-a6a3-ec086b02610b.jpg,data/cropped/deer/58f73c70-23d2-11e8-a6a3-ec086b02610b_crop0.jpg,0,0.9692040085792542,deer,0.9996553659439087,0.2
58f73c93-23d2-11e8-a6a3-ec086b02610b.jpg,data/cropped/coyote/58f73c93-23d2-11e8-a6a3-ec086b02610b_crop0.jpg,0,0.8802125453948975,coyote,0.9995256662368774,0.2000031405062496
58f73c93-23d2-11e8-a6a3-ec086b02610b.jpg,data/cropped/coyote/58f73c93-23d2-11e8-a6a3-ec086b02610b_crop1.jpg,1,0.7153177261352539,coyote,0.9870992302894592,0.2000093099756389
58f73c93-23d2-11e8-a6a3-ec086b02610b.jpg,data/cropped/coyote/58f73c93-23d2-11e8-a6a3-ec086b02610b_crop2.jpg,2,0.24995286762714386,raccoon,0.44627994298934937,0.2000570776255708
58f73cc4-23d2-11e8-a6a3-ec086b02610b.jpg,data/cropped/coyote/58f73cc4-23d2-11e8-a6a3-ec086b02610b_crop0.jpg,0,0.8966770768165588,coyote,0.9982853531837463,0.20013762862675435
58f73d27-23d2-11e8-a6a3-ec086b02610b.jpg,data/cropped/raccoon/58f73d27-23d2-11e8-a6a3-ec086b02610b_crop0.jpg,0,0.6096919775009155,raccoon,0.9366066455841064,0.20002485552724786
58f73d27-23d2-11e8-a6a3-ec086b02610b.jpg,data/cropped/raccoon/58f73d27-23d2-11e8-a6a3-ec086b02610b_crop1.jpg,1,0.3830231726169586,raccoon,0.989941418170929,0.2
58f73d27-23d2-11e8-a6a3-ec086b02610b.jpg,data/cropped/raccoon/58f73d27-23d2-11e8-a6a3-ec086b02610b_crop2.jpg,2,0.38178449869155884,raccoon,0.9761480093002319,0.20002054653790835
58f73d27-23d2-11e8-a6a3-ec086b02610b.jpg,data/cropped/raccoon/58f73d27-23d2-11e8-a6a3-ec086b02610b_crop3.jpg,3,0.2795509696006775,raccoon,0.923285961151123,0.2
58f73d27-23d2-11e8-a6a3-ec086b02610b.jpg,data/cropped/raccoon/58f73d27-23d2-11e8-a6a3-ec086b02610b_crop4.jpg,4,0.27609431743621826,raccoon,0.9901224970817566,0.2000249407656815
58f73d27-23d2-11e8-a6a3-ec086b02610b.jpg,data/cropped/raccoon/58f73d27-23d2-11e8-a6a3-ec086b02610b_crop5.jpg,5,0.2540990710258484,raccoon,0.9434042572975159,0.20004995004995005
58f73dc5-23d2-11e8-a6a3-ec086b02610b.jpg,data/cropped/deer/58f73dc5-23d2-11e8-a6a3-ec086b02610b_crop0.jpg,0,0.7203613519668579,deer,0.9995943903923035,0.2
58f73de1-23d2-11e8-a6a3-ec086b02610b.jpg,data/cropped/raccoon/58f73de1-23d2-11e8-a6a3-ec086b02610b_crop0.jpg,0,0.940538763999939,raccoon,0.9997922778129578,0.2000033106736117
58f73dea-23d2-11e8-a6a3-ec086b02610b.jpg,data/cropped/opossum/58f73dea-23d2-11e8-a6a3-ec086b02610b_crop0.jpg,0,0.8021379709243774,opossum,0.9971219897270203,0.2000365363536719
58f73e3b-23d2-11e8-a6a3-ec086b02610b.jpg,data/cropped/coyote/58f73e3b-23d2-11e8-a6a3-ec086b02610b_crop0.jpg,0,0.9548153877258301,coyote,0.9992387294769287,0.20000461424880028
58f73e9e-23d2-11e8-a6a3-ec086b02610b.jpg,data/cropped/coyote/58f73e9e-23d2-11e8-a6a3-ec086b02610b_crop0.jpg,0,0.9153357148170471,coyote,0.9999982118606567,0.2
58f73eb9-23d2-11e8-a6a3-ec086b02610b.jpg,data/cropped/coyote/58f73eb9-23d2-11e8-a6a3-ec086b02610b_crop0.jpg,0,0.9582987427711487,coyote,0.9999721050262451,0.20000130175281017
58f73ef3-23d2-11e8-a6a3-ec086b02610b.jpg,data/cropped/coyote/58f73ef3-23d2-11e8-a6a3-ec086b02610b_crop0.jpg,0,0.3721783459186554,coyote,0.6928043365478516,0.20002862663708582
58f73f11-23d2-11e8-a6a3-ec086b02610b.jpg,data/cropped/opossum/58f73f11-23d2-11e8-a6a3-ec086b02610b_crop0.jpg,0,0.8823337554931641,opossum,0.9999063014984131,0.20021140107887447
58f73f1a-23d2-11e8-a6a3-ec086b02610b.jpg,data/cropped/raccoon/58f73f1a-23d2-11e8-a6a3-ec086b02610b_crop0.jpg,0,0.8666679263114929,raccoon,0.9976661205291748,0.20000252783781391
58f8cd1c-23d2-11e8-a6a3-ec086b02610b.jpg,data/cropped/opossum/58f8cd1c-23d2-11e8-a6a3-ec086b02610b_crop0.jpg,0,0.8619547486305237,opossum,0.9996923208236694,0.2
58f8cd1c-23d2-11e8-a6a3-ec086b02610b.jpg,data/cropped/opossum/58f8cd1c-23d2-11e8-a6a3-ec086b02610b_crop1.jpg,1,0.5234191417694092,opossum,0.9909452199935913,0.20002320454809142
58f8cd5a-23d2-11e8-a6a3-ec086b02610b.jpg,data/cropped/opossum/58f8cd5a-23d2-11e8-a6a3-ec086b02610b_crop0.jpg,0,0.8422574400901794,opossum,0.999775230884552,0.2000113470885262
58f8cd5a-23d2-11e8-a6a3-ec086b02610b.jpg,data/cropped/opossum/58f8cd5a-23d2-11e8-a6a3-ec086b02610b_crop1.jpg,1,0.2475404143333435,opossum,0.9352686405181885,0.20001659200265473
58f8cd74-23d2-11e8-a6a3-ec086b02610b.jpg,data/cropped/opossum/58f8cd74-23d2-11e8-a6a3-ec086b02610b_crop0.jpg,0,0.8463464975357056,opossum,0.9982378482818604,0.2
58f8cda4-23d2-11e8-a6a3-ec086b02610b.jpg,data/cropped/opossum/58f8cda4-23d2-11e8-a6a3-ec086b02610b_crop0.jpg,0,0.7215610146522522,opossum,0.9377159476280212,0.20003007971123477
58f8cdb4-23d2-11e8-a6a3-ec086b02610b.jpg,data/cropped/coyote/58f8cdb4-23d2-11e8-a6a3-ec086b02610b_crop0.jpg,0,0.2044381946325302,coyote,0.9999222755432129,0.2
58f8cdce-23d2-11e8-a6a3-ec086b02610b.jpg,data/cropped/bobcat/58f8cdce-23d2-11e8-a6a3-ec086b02610b_crop0.jpg,0,0.8947514295578003,bobcat,0.9989134073257446,0.20001007945974095
58f8cef6-23d2-11e8-a6a3-ec086b02610b.jpg,data/cropped/bobcat/58f8cef6-23d2-11e8-a6a3-ec086b02610b_crop0.jpg,0,0.8690418601036072,bobcat,0.9851775169372559,0.2000257350575822
58f8cf37-23d2-11e8-a6a3-ec086b02610b.jpg,data/cropped/opossum/58f8cf37-23d2-11e8-a6a3-ec086b02610b_crop0.jpg,0,0.7691987752914429,opossum,0.9999934434890747,0.20000643004115226
58f8cf5a-23d2-11e8-a6a3-ec086b02610b.jpg,data/cropped/raccoon/58f8cf5a-23d2-11e8-a6a3-ec086b02610b_crop0.jpg,0,0.9060553908348083,raccoon,0.9480847120285034,0.2
58f8cf5a-23d2-11e8-a6a3-ec086b02610b.jpg,data/cropped/raccoon/58f8cf5a-23d2-11e8-a6a3-ec086b02610b_crop1.jpg,1,0.29772940278053284,bobcat,0.998469889163971,0.20001535037224652
58f8cf85-23d2-11e8-a6a3-ec086b02610b.jpg,data/cropped/bobcat/58f8cf85-23d2-11e8-a6a3-ec086b02610b_crop0.jpg,0,0.8938206434249878,bobcat,0.9998799562454224,0.200008432947526
58f8cf9e-23d2-11e8-a6a3-ec086b02610b.jpg,data/cropped/coyote/58f8cf9e-23d2-11e8-a6a3-ec086b02610b_crop0.jpg,0,0.9631919264793396,coyote,0.9999943971633911,0.20000082869265448
58f8cf9e-23d2-11e8-a6a3-ec086b02610b.jpg,data/cropped/coyote/58f8cf9e-23d2-11e8-a6a3-ec086b02610b_crop1.jpg,1,0.958580493927002,coyote,0.998547375202179,0.2
58f8cfb6-23d2-11e8-a6a3-ec086b02610b.jpg,data/cropped/raccoon/58f8cfb6-23d2-11e8-a6a3-ec086b02610b_crop0.jpg,0,0.8603760600090027,raccoon,0.9889161586761475,0.20001199232491207
58f8cfb6-23d2-11e8-a6a3-ec086b02610b.jpg,data/cropped/raccoon/58f8cfb6-23d2-11e8-a6a3-ec086b02610b_crop1.jpg,1,0.8169034123420715,raccoon,0.9403722882270813,0.20001927277399462
58f8cfde-23d2-11e8-a6a3-ec086b02610b.jpg,data/cropped/bobcat/58f8cfde-23d2-11e8-a6a3-ec086b02610b_crop0.jpg,0,0.8495145440101624,bobcat,0.9327324032783508,0.2
58f8cfde-23d2-11e8-a6a3-ec086b02610b.jpg,data/cropped/bobcat/58f8cfde-23d2-11e8-a6a3-ec086b02610b_crop1.jpg,1,0.7956386804580688,coyote,0.9309829473495483,0.20001198753296573
58f8cff8-23d2-11e8-a6a3-ec086b02610b.jpg,data/cropped/coyote/58f8cff8-23d2-11e8-a6a3-ec086b02610b_crop0.jpg,0,0.8684138059616089,coyote,0.9995900988578796,0.20001580527896318
58f8d02b-23d2-11e8-a6a3-ec086b02610b.jpg,data/cropped/bobcat/58f8d02b-23d2-11e8-a6a3-ec086b02610b_crop0.jpg,0,0.36271190643310547,deer,0.359361469745636,0.20341880341880342
58fa5c88-23d2-11e8-a6a3-ec086b02610b.jpg,data/cropped/raccoon/58fa5c88-23d2-11e8-a6a3-ec086b02610b_crop0.jpg,0,0.5394187569618225,raccoon,0.8778213262557983,0.2
58fa5c88-23d2-11e8-a6a3-ec086b02610b.jpg,data/cropped/raccoon/58fa5c88-23d2-11e8-a6a3-ec086b02610b_crop1.jpg,1,0.2765539884567261,raccoon,0.9155262112617493,0.2
58fa5c98-23d2-11e8-a6a3-ec086b02610b.jpg,data/cropped/raccoon/58fa5c98-23d2-11e8-a6a3-ec086b02610b_crop0.jpg,0,0.8867204785346985,raccoon,0.9895659685134888,0.2000047758532858
58fa5ce3-23d2-11e8-a6a3-ec086b02610b.jpg,data/cropped/coyote/58fa5ce3-23d2-11e8-a6a3-ec086b02610b_crop0.jpg,0,0.3642808198928833,coyote,0.9644253253936768,0.20003447324875898
58fa5ce3-23d2-11e8-a6a3-ec086b02610b.jpg,data/cropped/coyote/58fa5ce3-23d2-11e8-a6a3-ec086b02610b_crop1.jpg,1,0.20455549657344818,coyote,0.6178354024887085,0.20000085990437863
58fa5cfd-23d2-11e8-a6a3-ec086b02610b.jpg,data/cropped/deer/58fa5cfd-23d2-11e8-a6a3-ec086b02610b_crop0.jpg,0,0.628341019153595,coyote,0.9991679191589355,0.20000020972516566
58fa5cfd-23d2-11e8-a6a3-ec086b02610b.jpg,data/cropped/deer/58fa5cfd-23d2-11e8-a6a3-ec086b02610b_crop1.jpg,1,0.29637813568115234,deer,0.9904480576515198,0.20000159975683696
58fa5cfd-23d2-11e8-a6a3-ec086b02610b.jpg,data/cropped/deer/58fa5cfd-23d2-11e8-a6a3-ec086b02610b_crop2.jpg,2,0.26698270440101624,mountain_lion,0.5042391419410706,0.2
58fa5cfd-23d2-11e8-a6a3-ec086b02610b.jpg,data/cropped/deer/58fa5cfd-23d2-11e8-a6a3-ec086b02610b_crop3.jpg,3,0.21530602872371674,mountain_lion,0.6147363185882568,0.2000002082543702
58fa5cfd-23d2-11e8-a6a3-ec086b02610b.jpg,data/cropped/deer/58fa5cfd-23d2-11e8-a6a3-ec086b02610b_crop4.jpg,4,0.2004033327102661,deer,0.8157343864440918,0.20001923281527495
58fa5dfc-23d2-11e8-a6a3-ec086b02610b.jpg,data/cropped/coyote/58fa5dfc-23d2-11e8-a6a3-ec086b02610b_crop0.jpg,0,0.7244357466697693,coyote,0.9995459914207458,0.20000209229095398
58fa5ef0-23d2-11e8-a6a3-ec086b02610b.jpg,data/cropped/coyote/58fa5ef0-23d2-11e8-a6a3-ec086b02610b_crop0.jpg,0,0.9578102827072144,coyote,0.9997929930686951,0.2
58fa5f3c-23d2-11e8-a6a3-ec086b02610b.jpg,data/cropped/coyote/58fa5f3c-23d2-11e8-a6a3-ec086b02610b_crop0.jpg,0,0.85969078540802,coyote,0.9774510264396667,0.20000196949256024
58fa5f3c-23d2-11e8-a6a3-ec086b02610b.jpg,data/cropped/coyote/58fa5f3c-23d2-11e8-a6a3-ec086b02610b_crop1.jpg,1,0.4677494764328003,coyote,0.8921026587486267,0.2
58fa5f3c-23d2-11e8-a6a3-ec086b02610b.jpg,data/cropped/coyote/58fa5f3c-23d2-11e8-a6a3-ec086b02610b_crop2.jpg,2,0.33530089259147644,coyote,0.5883646011352539,0.20004057618178128
58fa5feb-23d2-11e8-a6a3-ec086b02610b.jpg,data/cropped/coyote/58fa5feb-23d2-11e8-a6a3-ec086b02610b_crop0.jpg,0,0.8913774490356445,coyote,0.9994258880615234,0.2
58fbeb59-23d2-11e8-a6a3-ec086b02610b.jpg,data/cropped/coyote/58fbeb59-23d2-11e8-a6a3-ec086b02610b_crop0.jpg,0,0.9335419535636902,coyote,0.9999735355377197,0.2000056290062693
58fbebb6-23d2-11e8-a6a3-ec086b02610b.jpg,data/cropped/mountain_lion/58fbebb6-23d2-11e8-a6a3-ec086b02610b_crop0.jpg,0,0.8048932552337646,mountain_lion,0.9999289512634277,0.2
58fbebb6-23d2-11e8-a6a3-ec086b02610b.jpg,data/cropped/mountain_lion/58fbebb6-23d2-11e8-a6a3-ec086b02610b_crop1.jpg,1,0.5417428016662598,mountain_lion,0.9999879598617554,0.2
58fbebf0-23d2-11e8-a6a3-ec086b02610b.jpg,data/cropped/bobcat/58fbebf0-23d2-11e8-a6a3-ec086b02610b_crop0.jpg,0,0.5647408366203308,bobcat,0.9989410042762756,0.2
58fbec0c-23d2-11e8-a6a3-ec086b02610b.jpg,data/cropped/coyote/58fbec0c-23d2-11e8-a6a3-ec086b02610b_crop0.jpg,0,0.8740803003311157,coyote,0.9997076392173767,0.2
58fbec17-23d2-11e8-a6a3-ec086b02610b.jpg,data/cropped/opossum/58fbec17-23d2-11e8-a6a3-ec086b02610b_crop0.jpg,0,0.8267277479171753,opossum,0.9997701048851013,0.20000794470485422
58fbed18-23d2-11e8-a6a3-ec086b02610b.jpg,data/cropped/opossum/58fbed18-23d2-11e8-a6a3-ec086b02610b_crop0.jpg,0,0.8341096043586731,opossum,0.9999734163284302,0.20000350729517397
58fbed26-23d2-11e8-a6a3-ec086b02610b.jpg,data/cropped/opossum/58fbed26-23d2-11e8-a6a3-ec086b02610b_crop0.jpg,0,0.8263912200927734,opossum,0.9232921600341797,0.2000014284285857
58fbed26-23d2-11e8-a6a3-ec086b02610b.jpg,data/cropped/opossum/58fbed26-23d2-11e8-a6a3-ec086b02610b_crop1.jpg,1,0.7066137790679932,opossum,0.8315087556838989,0.2000060968174613
58fbed26-23d2-11e8-a6a3-ec086b02610b.jpg,data/cropped/opossum/58fbed26-23d2-11e8-a6a3-ec086b02610b_crop2.jpg,2,0.20863771438598633,opossum,0.903316080570221,0.2000121091030182
58fbed2c-23d2-11e8-a6a3-ec086b02610b.jpg,data/cropped/raccoon/58fbed2c-23d2-11e8-a6a3-ec086b02610b_crop0.jpg,0,0.8158230781555176,raccoon,0.9894248247146606,0.20000473664266769
58fbed5e-23d2-11e8-a6a3-ec086b02610b.jpg,data/cropped/coyote/58fbed5e-23d2-11e8-a6a3-ec086b02610b_crop0.jpg,0,0.8273663520812988,coyote,0.9516375660896301,0.2
58fbef01-23d2-11e8-a6a3-ec086b02610b.jpg,data/cropped/coyote/58fbef01-23d2-11e8-a6a3-ec086b02610b_crop0.jpg,0,0.4445876181125641,coyote,0.5216318368911743,0.20007770007770007
58fbef01-23d2-11e8-a6a3-ec086b02610b.jpg,data/cropped/coyote/58fbef01-23d2-11e8-a6a3-ec086b02610b_crop1.jpg,1,0.34868109226226807,coyote,0.5027961730957031,0.20002052545155993
58fbef01-23d2-11e8-a6a3-ec086b02610b.jpg,data/cropped/coyote/58fbef01-23d2-11e8-a6a3-ec086b02610b_crop2.jpg,2,0.3222135603427887,coyote,0.6462773084640503,0.2000086677645835
58fbef22-23d2-11e8-a6a3-ec086b02610b.jpg,data/cropped/opossum/58fbef22-23d2-11e8-a6a3-ec086b02610b_crop0.jpg,0,0.23371541500091553,opossum,0.9983249306678772,0.2000149992500375
58fbef22-23d2-11e8-a6a3-ec086b02610b.jpg,data/cropped/opossum/58fbef22-23d2-11e8-a6a3-ec086b02610b_crop1.jpg,1,0.21706564724445343,opossum,0.9301730990409851,0.20000810241451952
58fd7b31-23d2-11e8-a6a3-ec086b02610b.jpg,data/cropped/bobcat/58fd7b31-23d2-11e8-a6a3-ec086b02610b_crop0.jpg,0,0.883417010307312,bobcat,0.9999258518218994,0.2
58fd7b70-23d2-11e8-a6a3-ec086b02610b.jpg,data/cropped/raccoon/58fd7b70-23d2-11e8-a6a3-ec086b02610b_crop0.jpg,0,0.5298761129379272,raccoon,0.4963032603263855,0.20003372302158273
58fd7b70-23d2-11e8-a6a3-ec086b02610b.jpg,data/cropped/raccoon/58fd7b70-23d2-11e8-a6a3-ec086b02610b_crop1.jpg,1,0.3576512336730957,raccoon,0.7408726811408997,0.20002374169040835
58fd7c03-23d2-11e8-a6a3-ec086b02610b.jpg,data/cropped/coyote/58fd7c03-23d2-11e8-a6a3-ec086b02610b_crop0.jpg,0,0.5900593996047974,coyote,0.9999918937683105,0.20000028356365793
58fd7c03-23d2-11e8-a6a3-ec086b02610b.jpg,data/cropped/coyote/58fd7c03-23d2-11e8-a6a3-ec086b02610b_crop1.jpg,1,0.5232131481170654,coyote,0.999750554561615,0.2
58fd7c31-23d2-11e8-a6a3-ec086b02610b.jpg,data/cropped/opossum/58fd7c31-23d2-11e8-a6a3-ec086b02610b_crop0.jpg,0,0.4358626902103424,opossum,0.8787354230880737,0.2000067781675224
58fd7c31-23d2-11e8-a6a3-ec086b02610b.jpg,data/cropped/opossum/58fd7c31-23d2-11e8-a6a3-ec086b02610b_crop1.jpg,1,0.36218544840812683,raccoon,0.31560105085372925,0.20005910165484633
58fd7c3e-23d2-11e8-a6a3-ec086b02610b.jpg,data/cropped/opossum/58fd7c3e-23d2-11e8-a6a3-ec086b02610b_crop0.jpg,0,0.753672182559967,opossum,0.6155163049697876,0.200002793725293
58fd7c3e-23d2-11e8-a6a3-ec086b02610b.jpg,data/cropped/opossum/58fd7c3e-23d2-11e8-a6a3-ec086b02610b_crop1.jpg,1,0.4978034794330597,opossum,0.9998606443405151,0.20000192429811225
58fd7c3e-23d2-11e8-a6a3-ec086b02610b.jpg,data/cropped/opossum/58fd7c3e-23d2-11e8-a6a3-ec086b02610b_crop2.jpg,2,0.268321692943573,opossum,0.9835473895072937,0.2
58fd7c3e-23d2-11e8-a6a3-ec086b02610b.jpg,data/cropped/opossum/58fd7c3e-23d2-11e8-a6a3-ec086b02610b_crop3.jpg,3,0.21313689649105072,opossum,0.999839186668396,0.20000402382102045
58fd7c6b-23d2-11e8-a6a3-ec086b02610b.jpg,data/cropped/coyote/58fd7c6b-23d2-11e8-a6a3-ec086b02610b_crop0.jpg,0,0.8912456631660461,coyote,0.999711811542511,0.2
58fd7c6e-23d2-11e8-a6a3-ec086b02610b.jpg,data/cropped/coyote/58fd7c6e-23d2-11e8-a6a3-ec086b02610b_crop0.jpg,0,0.9492164254188538,coyote,0.9999948740005493,0.2
58fd7c8c-23d2-11e8-a6a3-ec086b02610b.jpg,data/cropped/opossum/58fd7c8c-23d2-11e8-a6a3-ec086b02610b_crop0.jpg,0,0.7048339247703552,opossum,0.9999169111251831,0.2
58fd7cee-23d2-11e8-a6a3-ec086b02610b.jpg,data/cropped/bobcat/58fd7cee-23d2-11e8-a6a3-ec086b02610b_crop0.jpg,0,0.9463352560997009,bobcat,0.9985401630401611,0.2
58fd7d48-23d2-11e8-a6a3-ec086b02610b.jpg,data/cropped/raccoon/58fd7d48-23d2-11e8-a6a3-ec086b02610b_crop0.jpg,0,0.8359822034835815,raccoon,0.5353417992591858,0.2
58fd7d80-23d2-11e8-a6a3-ec086b02610b.jpg,data/cropped/mountain_lion/58fd7d80-23d2-11e8-a6a3-ec086b02610b_crop0.jpg,0,0.9419519901275635,mountain_lion,0.9927971959114075,0.2
58fd7dfa-23d2-11e8-a6a3-ec086b02610b.jpg,data/cropped/opossum/58fd7dfa-23d2-11e8-a6a3-ec086b02610b_crop0.jpg,0,0.7688761353492737,opossum,0.9998842477798462,0.20001360868233933
58fd7dfa-23d2-11e8-a6a3-ec086b02610b.jpg,data/cropped/opossum/58fd7dfa-23d2-11e8-a6a3-ec086b02610b_crop1.jpg,1,0.6798613667488098,opossum,0.993133008480072,0.20002131287297528
58fd7e06-23d2-11e8-a6a3-ec086b02610b.jpg,data/cropped/raccoon/58fd7e06-23d2-11e8-a6a3-ec086b02610b_crop0.jpg,0,0.8313956260681152,raccoon,0.9981138706207275,0.20007389162561576
58fd7e24-23d2-11e8-a6a3-ec086b02610b.jpg,data/cropped/raccoon/58fd7e24-23d2-11e8-a6a3-ec086b02610b_crop0.jpg,0,0.8666165471076965,raccoon,0.9955434203147888,0.20000520914726258
58fd7e24-23d2-11e8-a6a3-ec086b02610b.jpg,data/cropped/raccoon/58fd7e24-23d2-11e8-a6a3-ec086b02610b_crop1.jpg,1,0.3708922564983368,raccoon,0.9503472447395325,0.20002030663011472
58fd7e24-23d2-11e8-a6a3-ec086b02610b.jpg,data/cropped/raccoon/58fd7e24-23d2-11e8-a6a3-ec086b02610b_crop2.jpg,2,0.3418795168399811,raccoon,0.9651171565055847,0.20002796942010068
58fd7e66-23d2-11e8-a6a3-ec086b02610b.jpg,data/cropped/opossum/58fd7e66-23d2-11e8-a6a3-ec086b02610b_crop0.jpg,0,0.8237790465354919,opossum,0.7436701059341431,0.200009185266832
58fd7ecc-23d2-11e8-a6a3-ec086b02610b.jpg,data/cropped/opossum/58fd7ecc-23d2-11e8-a6a3-ec086b02610b_crop0.jpg,0,0.8000036478042603,opossum,0.9999444484710693,0.2000173909262842
58ff0c7f-23d2-11e8-a6a3-ec086b02610b.jpg,data/cropped/coyote/58ff0c7f-23d2-11e8-a6a3-ec086b02610b_crop0.jpg,0,0.9397268295288086,coyote,0.9992874264717102,0.2
58ff0ccb-23d2-11e8-a6a3-ec086b02610b.jpg,data/cropped/coyote/58ff0ccb-23d2-11e8-a6a3-ec086b02610b_crop0.jpg,0,0.9620689153671265,coyote,0.9999585151672363,0.20000049276376414
58ff0cdc-23d2-11e8-a6a3-ec086b02610b.jpg,data/cropped/coyote/58ff0cdc-23d2-11e8-a6a3-ec086b02610b_crop0.jpg,0,0.9535097479820251,coyote,0.9999853372573853,0.2
58ff0d14-23d2-11e8-a6a3-ec086b02610b.jpg,data/cropped/bobcat/58ff0d14-23d2-11e8-a6a3-ec086b02610b_crop0.jpg,0,0.9345521926879883,bobcat,0.9879840612411499,0.20000083940502972
58ff0d69-23d2-11e8-a6a3-ec086b02610b.jpg,data/cropped/raccoon/58ff0d69-23d2-11e8-a6a3-ec086b02610b_crop0.jpg,0,0.8593993186950684,raccoon,0.5428743362426758,0.2000041978003526
58ff0d69-23d2-11e8-a6a3-ec086b02610b.jpg,data/cropped/raccoon/58ff0d69-23d2-11e8-a6a3-ec086b02610b_crop1.jpg,1,0.6532880663871765,raccoon,0.9889454245567322,0.2
58ff0d7b-23d2-11e8-a6a3-ec086b02610b.jpg,data/cropped/coyote/58ff0d7b-23d2-11e8-a6a3-ec086b02610b_crop0.jpg,0,0.4110662043094635,mountain_lion,0.25716644525527954,0.2
58ff0d7c-23d2-11e8-a6a3-ec086b02610b.jpg,data/cropped/deer/58ff0d7c-23d2-11e8-a6a3-ec086b02610b_crop0.jpg,0,0.9750978946685791,deer,0.9998581409454346,0.20000070903379963
58ff0db7-23d2-11e8-a6a3-ec086b02610b.jpg,data/cropped/deer/58ff0db7-23d2-11e8-a6a3-ec086b02610b_crop0.jpg,0,0.36809977889060974,deer,0.993926465511322,0.200000684141152
58ff0db7-23d2-11e8-a6a3-ec086b02610b.jpg,data/cropped/deer/58ff0db7-23d2-11e8-a6a3-ec086b02610b_crop1.jpg,1,0.23157170414924622,deer,0.9967153072357178,0.20000046188149737
58ff0e4a-23d2-11e8-a6a3-ec086b02610b.jpg,data/cropped/coyote/58ff0e4a-23d2-11e8-a6a3-ec086b02610b_crop0.jpg,0,0.9240379929542542,coyote,0.9921302199363708,0.2
58ff0e7e-23d2-11e8-a6a3-ec086b02610b.jpg,data/cropped/coyote/58ff0e7e-23d2-11e8-a6a3-ec086b02610b_crop0.jpg,0,0.3250550627708435,coyote,0.3177841901779175,0.2000395726157499
58ff0e98-23d2-11e8-a6a3-ec086b02610b.jpg,data/cropped/opossum/58ff0e98-23d2-11e8-a6a3-ec086b02610b_crop0.jpg,0,0.5328408479690552,opossum,0.9908688068389893,0.2000214845848104
58ff0ea1-23d2-11e8-a6a3-ec086b02610b.jpg,data/cropped/opossum/58ff0ea1-23d2-11e8-a6a3-ec086b02610b_crop0.jpg,0,0.7639204859733582,opossum,0.9998880624771118,0.20000729354703425
58ff0ee8-23d2-11e8-a6a3-ec086b02610b.jpg,data/cropped/bobcat/58ff0ee8-23d2-11e8-a6a3-ec086b02610b_crop0.jpg,0,0.7311932444572449,raccoon,0.6660452485084534,0.20005051780752714
58ff0ee8-23d2-11e8-a6a3-ec086b02610b.jpg,data/cropped/bobcat/58ff0ee8-23d2-11e8-a6a3-ec086b02610b_crop1.jpg,1,0.6984030604362488,bobcat,0.9719371795654297,0.2
58ff0f27-23d2-11e8-a6a3-ec086b02610b.jpg,data/cropped/deer/58ff0f27-23d2-11e8-a6a3-ec086b02610b_crop0.jpg,0,0.3187134265899658,deer,0.9973973035812378,0.20000166356135216
58ff0f27-23d2-11e8-a6a3-ec086b02610b.jpg,data/cropped/deer/58ff0f27-23d2-11e8-a6a3-ec086b02610b_crop1.jpg,1,0.24203556776046753,deer,0.749964714050293,0.2000272609554965
58ff0f5c-23d2-11e8-a6a3-ec086b02610b.jpg,data/cropped/coyote/58ff0f5c-23d2-11e8-a6a3-ec086b02610b_crop0.jpg,0,0.9645991921424866,coyote,0.999993085861206,0.20000207159429897
58ff0f87-23d2-11e8-a6a3-ec086b02610b.jpg,data/cropped/raccoon/58ff0f87-23d2-11e8-a6a3-ec086b02610b_crop0.jpg,0,0.38707971572875977,raccoon,0.9840036034584045,0.20001038565395002
58ff0f8a-23d2-11e8-a6a3-ec086b02610b.jpg,data/cropped/coyote/58ff0f8a-23d2-11e8-a6a3-ec086b02610b_crop0.jpg,0,0.9152498245239258,coyote,0.9998863935470581,0.2000026033531188
58ff1009-23d2-11e8-a6a3-ec086b02610b.jpg,data/cropped/deer/58ff1009-23d2-11e8-a6a3-ec086b02610b_crop0.jpg,0,0.9465422034263611,deer,0.9996787309646606,0.2000008543576512
58ff103b-23d2-11e8-a6a3-ec086b02610b.jpg,data/cropped/bobcat/58ff103b-23d2-11e8-a6a3-ec086b02610b_crop0.jpg,0,0.9650232195854187,bobcat,0.9995123147964478,0.20000238794565037
5900a091-23d2-11e8-a6a3-ec086b02610b.jpg,data/cropped/coyote/5900a091-23d2-11e8-a6a3-ec086b02610b_crop0.jpg,0,0.9536989331245422,coyote,0.9999130964279175,0.2000018937779924
5900a10c-23d2-11e8-a6a3-ec086b02610b.jpg,data/cropped/opossum/5900a10c-23d2-11e8-a6a3-ec086b02610b_crop0.jpg,0,0.4067878723144531,opossum,0.9999446868896484,0.20001141183407192
5900a10c-23d2-11e8-a6a3-ec086b02610b.jpg,data/cropped/opossum/5900a10c-23d2-11e8-a6a3-ec086b02610b_crop1.jpg,1,0.2101537436246872,opossum,0.9999738931655884,0.2000101846822379
5900a19c-23d2-11e8-a6a3-ec086b02610b.jpg,data/cropped/coyote/5900a19c-23d2-11e8-a6a3-ec086b02610b_crop0.jpg,0,0.9053106904029846,coyote,0.9999665021896362,0.20005295908910367
5900a1a8-23d2-11e8-a6a3-ec086b02610b.jpg,data/cropped/coyote/5900a1a8-23d2-11e8-a6a3-ec086b02610b_crop0.jpg,0,0.9350402355194092,coyote,0.9996771812438965,0.20000239280245022
5900a1d6-23d2-11e8-a6a3-ec086b02610b.jpg,data/cropped/opossum/5900a1d6-23d2-11e8-a6a3-ec086b02610b_crop0.jpg,0,0.3187716007232666,opossum,0.35811978578567505,0.2
5900a20c-23d2-11e8-a6a3-ec086b02610b.jpg,data/cropped/opossum/5900a20c-23d2-11e8-a6a3-ec086b02610b_crop0.jpg,0,0.8476799726486206,opossum,0.999945878982544,0.2
5900a24a-23d2-11e8-a6a3-ec086b02610b.jpg,data/cropped/opossum/5900a24a-23d2-11e8-a6a3-ec086b02610b_crop0.jpg,0,0.8227452039718628,opossum,0.999630331993103,0.20000989046312093
5900a258-23d2-11e8-a6a3-ec086b02610b.jpg,data/cropped/opossum/5900a258-23d2-11e8-a6a3-ec086b02610b_crop0.jpg,0,0.8818407654762268,opossum,0.999915361404419,0.2000042279722645
5900a28a-23d2-11e8-a6a3-ec086b02610b.jpg,data/cropped/raccoon/5900a28a-23d2-11e8-a6a3-ec086b02610b_crop0.jpg,0,0.8522635102272034,raccoon,0.9997956156730652,0.20001095950463038
5900a28a-23d2-11e8-a6a3-ec086b02610b.jpg,data/cropped/raccoon/5900a28a-23d2-11e8-a6a3-ec086b02610b_crop1.jpg,1,0.7511036396026611,raccoon,0.9812800884246826,0.2
5900a447-23d2-11e8-a6a3-ec086b02610b.jpg,data/cropped/opossum/5900a447-23d2-11e8-a6a3-ec086b02610b_crop0.jpg,0,0.7712200880050659,opossum,0.9999680519104004,0.2
5900a447-23d2-11e8-a6a3-ec086b02610b.jpg,data/cropped/opossum/5900a447-23d2-11e8-a6a3-ec086b02610b_crop1.jpg,1,0.4233667850494385,opossum,0.9986550807952881,0.2
5900a452-23d2-11e8-a6a3-ec086b02610b.jpg,data/cropped/opossum/5900a452-23d2-11e8-a6a3-ec086b02610b_crop0.jpg,0,0.8320190906524658,opossum,0.9998914003372192,0.2
5902350c-23d2-11e8-a6a3-ec086b02610b.jpg,data/cropped/coyote/5902350c-23d2-11e8-a6a3-ec086b02610b_crop0.jpg,0,0.9434018731117249,coyote,0.9999898672103882,0.20000425631530783
59023528-23d2-11e8-a6a3-ec086b02610b.jpg,data/cropped/opossum/59023528-23d2-11e8-a6a3-ec086b02610b_crop0.jpg,0,0.8397013545036316,opossum,0.9999862909317017,0.20001640150893882
590235ed-23d2-11e8-a6a3-ec086b02610b.jpg,data/cropped/coyote/590235ed-23d2-11e8-a6a3-ec086b02610b_crop0.jpg,0,0.8288119435310364,coyote,0.997062623500824,0.20000388319353837
59023615-23d2-11e8-a6a3-ec086b02610b.jpg,data/cropped/coyote/59023615-23d2-11e8-a6a3-ec086b02610b_crop0.jpg,0,0.7538103461265564,coyote,0.9937481880187988,0.20001151145389662
59023618-23d2-11e8-a6a3-ec086b02610b.jpg,data/cropped/opossum/59023618-23d2-11e8-a6a3-ec086b02610b_crop0.jpg,0,0.37018582224845886,opossum,0.9998970031738281,0.2000551876379691
59023618-23d2-11e8-a6a3-ec086b02610b.jpg,data/cropped/opossum/59023618-23d2-11e8-a6a3-ec086b02610b_crop1.jpg,1,0.326884388923645,opossum,0.999123752117157,0.2
59023618-23d2-11e8-a6a3-ec086b02610b.jpg,data/cropped/opossum/59023618-23d2-11e8-a6a3-ec086b02610b_crop2.jpg,2,0.20607885718345642,opossum,0.6526904106140137,0.20001889644746787
59023672-23d2-11e8-a6a3-ec086b02610b.jpg,data/cropped/opossum/59023672-23d2-11e8-a6a3-ec086b02610b_crop0.jpg,0,0.7815868258476257,opossum,0.9999978542327881,0.2
590236ac-23d2-11e8-a6a3-ec086b02610b.jpg,data/cropped/coyote/590236ac-23d2-11e8-a6a3-ec086b02610b_crop0.jpg,0,0.9648690223693848,coyote,0.9998329877853394,0.20000065723749935
590236f8-23d2-11e8-a6a3-ec086b02610b.jpg,data/cropped/opossum/590236f8-23d2-11e8-a6a3-ec086b02610b_crop0.jpg,0,0.8453699946403503,opossum,0.9999529123306274,0.2
590236f8-23d2-11e8-a6a3-ec086b02610b.jpg,data/cropped/opossum/590236f8-23d2-11e8-a6a3-ec086b02610b_crop1.jpg,1,0.41572442650794983,opossum,0.5319353938102722,0.2000103955507043
59023752-23d2-11e8-a6a3-ec086b02610b.jpg,data/cropped/bobcat/59023752-23d2-11e8-a6a3-ec086b02610b_crop0.jpg,0,0.9053158760070801,bobcat,0.9996663331985474,0.20000775975789556
5902378e-23d2-11e8-a6a3-ec086b02610b.jpg,data/cropped/coyote/5902378e-23d2-11e8-a6a3-ec086b02610b_crop0.jpg,0,0.9069502949714661,coyote,0.9998173117637634,0.20000637402796073
590237ad-23d2-11e8-a6a3-ec086b02610b.jpg,data/cropped/raccoon/590237ad-23d2-11e8-a6a3-ec086b02610b_crop0.jpg,0,0.7972137331962585,raccoon,0.9997991919517517,0.2
590237ad-23d2-11e8-a6a3-ec086b02610b.jpg,data/cropped/raccoon/590237ad-23d2-11e8-a6a3-ec086b02610b_crop1.jpg,1,0.495500773191452,raccoon,0.7115679979324341,0.2000094299589797
590237fb-23d2-11e8-a6a3-ec086b02610b.jpg,data/cropped/opossum/590237fb-23d2-11e8-a6a3-ec086b02610b_crop0.jpg,0,0.8243604898452759,opossum,0.9998927116394043,0.2000174155346569
590237fb-23d2-11e8-a6a3-ec086b02610b.jpg,data/cropped/opossum/590237fb-23d2-11e8-a6a3-ec086b02610b_crop1.jpg,1,0.20059175789356232,raccoon,0.6227007508277893,0.20001033912324234
5902386b-23d2-11e8-a6a3-ec086b02610b.jpg,data/cropped/coyote/5902386b-23d2-11e8-a6a3-ec086b02610b_crop0.jpg,0,0.9448769092559814,coyote,0.9998114705085754,0.2
5902386b-23d2-11e8-a6a3-ec086b02610b.jpg,data/cropped/coyote/5902386b-23d2-11e8-a6a3-ec086b02610b_crop1.jpg,1,0.37988531589508057,mountain_lion,0.37163466215133667,0.20003986181238373
5903ca79-23d2-11e8-a6a3-ec086b02610b.jpg,data/cropped/opossum/5903ca79-23d2-11e8-a6a3-ec086b02610b_crop0.jpg,0,0.879690408706665,opossum,0.9999699592590332,0.2
5903cabb-23d2-11e8-a6a3-ec086b02610b.jpg,data/cropped/coyote/5903cabb-23d2-11e8-a6a3-ec086b02610b_crop0.jpg,0,0.8902291655540466,coyote,0.8358238935470581,0.2
5903cacf-23d2-11e8-a6a3-ec086b02610b.jpg,data/cropped/bobcat/5903cacf-23d2-11e8-a6a3-ec086b02610b_crop0.jpg,0,0.6782622933387756,bobcat,0.9989144802093506,0.20000052700713963
5903cb30-23d2-11e8-a6a3-ec086b02610b.jpg,data/cropped/opossum/5903cb30-23d2-11e8-a6a3-ec086b02610b_crop0.jpg,0,0.8077716827392578,opossum,0.999997615814209,0.2
5903cb30-23d2-11e8-a6a3-ec086b02610b.jpg,data/cropped/opossum/5903cb30-23d2-11e8-a6a3-ec086b02610b_crop1.jpg,1,0.43698030710220337,opossum,0.619798481464386,0.2000321983417854
5903cb53-23d2-11e8-a6a3-ec086b02610b.jpg,data/cropped/opossum/5903cb53-23d2-11e8-a6a3-ec086b02610b_crop0.jpg,0,0.8962361216545105,opossum,0.9999147653579712,0.20000245319006704
5903cb53-23d2-11e8-a6a3-ec086b02610b.jpg,data/cropped/opossum/5903cb53-23d2-11e8-a6a3-ec086b02610b_crop1.jpg,1,0.25125306844711304,opossum,0.404297411441803,0.2000445533526398
5903cbb2-23d2-11e8-a6a3-ec086b02610b.jpg,data/cropped/coyote/5903cbb2-23d2-11e8-a6a3-ec086b02610b_crop0.jpg,0,0.7101393938064575,coyote,0.9873307347297668,0.20000198739988473
5903cbea-23d2-11e8-a6a3-ec086b02610b.jpg,data/cropped/deer/5903cbea-23d2-11e8-a6a3-ec086b02610b_crop0.jpg,0,0.9274400472640991,deer,0.9984707236289978,0.2
5903cbf9-23d2-11e8-a6a3-ec086b02610b.jpg,data/cropped/opossum/5903cbf9-23d2-11e8-a6a3-ec086b02610b_crop0.jpg,0,0.7469898462295532,raccoon,0.6128367781639099,0.20000855285665411
5903cbf9-23d2-11e8-a6a3-ec086b02610b.jpg,data/cropped/opossum/5903cbf9-23d2-11e8-a6a3-ec086b02610b_crop1.jpg,1,0.4196849763393402,opossum,0.9438989162445068,0.20001526251526253
5903cc18-23d2-11e8-a6a3-ec086b02610b.jpg,data/cropped/raccoon/5903cc18-23d2-11e8-a6a3-ec086b02610b_crop0.jpg,0,0.8438847661018372,raccoon,0.9921332001686096,0.2
5903cc28-23d2-11e8-a6a3-ec086b02610b.jpg,data/cropped/coyote/5903cc28-23d2-11e8-a6a3-ec086b02610b_crop0.jpg,0,0.9639889597892761,coyote,0.9995926022529602,0.2000006903081881
5903cc71-23d2-11e8-a6a3-ec086b02610b.jpg,data/cropped/coyote/5903cc71-23d2-11e8-a6a3-ec086b02610b_crop0.jpg,0,0.5532743334770203,coyote,0.9998681545257568,0.20004137097030839
5903cc71-23d2-11e8-a6a3-ec086b02610b.jpg,data/cropped/coyote/5903cc71-23d2-11e8-a6a3-ec086b02610b_crop1.jpg,1,0.5497940182685852,coyote,0.9998564720153809,0.2
5903cd4d-23d2-11e8-a6a3-ec086b02610b.jpg,data/cropped/bobcat/5903cd4d-23d2-11e8-a6a3-ec086b02610b_crop0.jpg,0,0.8320999145507812,bobcat,0.9998726844787598,0.2000500125031258
5903cd4d-23d2-11e8-a6a3-ec086b02610b.jpg,data/cropped/bobcat/5903cd4d-23d2-11e8-a6a3-ec086b02610b_crop1.jpg,1,0.23252996802330017,opossum,0.856507420539856,0.2000557258289217
5903cd6d-23d2-11e8-a6a3-ec086b02610b.jpg,data/cropped/coyote/5903cd6d-23d2-11e8-a6a3-ec086b02610b_crop0.jpg,0,0.9475811719894409,coyote,0.9980589747428894,0.200003562744382
59055d09-23d2-11e8-a6a3-ec086b02610b.jpg,data/cropped/opossum/59055d09-23d2-11e8-a6a3-ec086b02610b_crop0.jpg,0,0.7724791765213013,opossum,0.9999589920043945,0.2000047344001515
59055d6c-23d2-11e8-a6a3-ec086b02610b.jpg,data/cropped/raccoon/59055d6c-23d2-11e8-a6a3-ec086b02610b_crop0.jpg,0,0.7841450572013855,raccoon,0.934002161026001,0.2
59055d6d-23d2-11e8-a6a3-ec086b02610b.jpg,data/cropped/deer/59055d6d-23d2-11e8-a6a3-ec086b02610b_crop0.jpg,0,0.8982272148132324,deer,0.7189996242523193,0.20000379261956233
59055d6d-23d2-11e8-a6a3-ec086b02610b.jpg,data/cropped/deer/59055d6d-23d2-11e8-a6a3-ec086b02610b_crop1.jpg,1,0.7599369287490845,deer,0.9886206984519958,0.20006627359568535
59055d8e-23d2-11e8-a6a3-ec086b02610b.jpg,data/cropped/coyote/59055d8e-23d2-11e8-a6a3-ec086b02610b_crop0.jpg,0,0.9611302018165588,coyote,0.9997573494911194,0.2
59055ddb-23d2-11e8-a6a3-ec086b02610b.jpg,data/cropped/coyote/59055ddb-23d2-11e8-a6a3-ec086b02610b_crop0.jpg,0,0.9787782430648804,coyote,0.9999604225158691,0.2000002261550587
59055df0-23d2-11e8-a6a3-ec086b02610b.jpg,data/cropped/coyote/59055df0-23d2-11e8-a6a3-ec086b02610b_crop0.jpg,0,0.8404662609100342,coyote,0.997852087020874,0.2
59055df9-23d2-11e8-a6a3-ec086b02610b.jpg,data/cropped/coyote/59055df9-23d2-11e8-a6a3-ec086b02610b_crop0.jpg,0,0.8276727199554443,coyote,0.9998294115066528,0.20000179813263924
59055e10-23d2-11e8-a6a3-ec086b02610b.jpg,data/cropped/deer/59055e10-23d2-11e8-a6a3-ec086b02610b_crop0.jpg,0,0.9581847786903381,deer,0.9999527931213379,0.2
59055e10-23d2-11e8-a6a3-ec086b02610b.jpg,data/cropped/deer/59055e10-23d2-11e8-a6a3-ec086b02610b_crop1.jpg,1,0.8487583994865417,deer,0.9998534917831421,0.20000154686219004
59055e8f-23d2-11e8-a6a3-ec086b02610b.jpg,data/cropped/raccoon/59055e8f-23d2-11e8-a6a3-ec086b02610b_crop0.jpg,0,0.651587188243866,raccoon,0.9559223651885986,0.20001021241830066
59055e8f-23d2-11e8-a6a3-ec086b02610b.jpg,data/cropped/raccoon/59055e8f-23d2-11e8-a6a3-ec086b02610b_crop1.jpg,1,0.6170403957366943,raccoon,0.9724440574645996,0.200019823570225
59055eaf-23d2-11e8-a6a3-ec086b02610b.jpg,data/cropped/opossum/59055eaf-23d2-11e8-a6a3-ec086b02610b_crop0.jpg,0,0.54304039478302,opossum,0.9981243014335632,0.2
59055ec3-23d2-11e8-a6a3-ec086b02610b.jpg,data/cropped/opossum/59055ec3-23d2-11e8-a6a3-ec086b02610b_crop0.jpg,0,0.6423832774162292,opossum,0.9626269936561584,0.2
59055ec3-23d2-11e8-a6a3-ec086b02610b.jpg,data/cropped/opossum/59055ec3-23d2-11e8-a6a3-ec086b02610b_crop1.jpg,1,0.4707173705101013,opossum,0.9972346425056458,0.2
59055ec3-23d2-11e8-a6a3-ec086b02610b.jpg,data/cropped/opossum/59055ec3-23d2-11e8-a6a3-ec086b02610b_crop2.jpg,2,0.2758094370365143,opossum,0.9996097683906555,0.20001761105974553
590560c0-23d2-11e8-a6a3-ec086b02610b.jpg,data/cropped/opossum/590560c0-23d2-11e8-a6a3-ec086b02610b_crop0.jpg,0,0.7236586213111877,opossum,0.951129674911499,0.20000354333498688
590560c0-23d2-11e8-a6a3-ec086b02610b.jpg,data/cropped/opossum/590560c0-23d2-11e8-a6a3-ec086b02610b_crop1.jpg,1,0.39551809430122375,opossum,0.3015271723270416,0.20004327599264307
590560c0-23d2-11e8-a6a3-ec086b02610b.jpg,data/cropped/opossum/590560c0-23d2-11e8-a6a3-ec086b02610b_crop2.jpg,2,0.2027730643749237,opossum,0.8443257808685303,0.2
5906ef34-23d2-11e8-a6a3-ec086b02610b.jpg,data/cropped/raccoon/5906ef34-23d2-11e8-a6a3-ec086b02610b_crop0.jpg,0,0.8340783715248108,raccoon,0.9987955093383789,0.20000452447742287
5906ef40-23d2-11e8-a6a3-ec086b02610b.jpg,data/cropped/opossum/5906ef40-23d2-11e8-a6a3-ec086b02610b_crop0.jpg,0,0.8262307643890381,opossum,0.9998626708984375,0.2
5906efb3-23d2-11e8-a6a3-ec086b02610b.jpg,data/cropped/raccoon/5906efb3-23d2-11e8-a6a3-ec086b02610b_crop0.jpg,0,0.6614421010017395,raccoon,0.8585087060928345,0.2000219743998242
5906efb3-23d2-11e8-a6a3-ec086b02610b.jpg,data/cropped/raccoon/5906efb3-23d2-11e8-a6a3-ec086b02610b_crop1.jpg,1,0.5791937708854675,raccoon,0.9292932152748108,0.20001797914419273
5906efb3-23d2-11e8-a6a3-ec086b02610b.jpg,data/cropped/raccoon/5906efb3-23d2-11e8-a6a3-ec086b02610b_crop2.jpg,2,0.47048118710517883,bobcat,0.6318459510803223,0.2
5906efbc-23d2-11e8-a6a3-ec086b02610b.jpg,data/cropped/opossum/5906efbc-23d2-11e8-a6a3-ec086b02610b_crop0.jpg,0,0.7763652801513672,opossum,0.9176428318023682,0.2
5906efbc-23d2-11e8-a6a3-ec086b02610b.jpg,data/cropped/opossum/5906efbc-23d2-11e8-a6a3-ec086b02610b_crop1.jpg,1,0.34087592363357544,opossum,0.9997461438179016,0.20001729505361468
5906f03b-23d2-11e8-a6a3-ec086b02610b.jpg,data/cropped/opossum/5906f03b-23d2-11e8-a6a3-ec086b02610b_crop0.jpg,0,0.7449113726615906,opossum,0.997718095779419,0.2
5906f04e-23d2-11e8-a6a3-ec086b02610b.jpg,data/cropped/raccoon/5906f04e-23d2-11e8-a6a3-ec086b02610b_crop0.jpg,0,0.8193886280059814,raccoon,0.9934837222099304,0.2000015159669216
5906f051-23d2-11e8-a6a3-ec086b02610b.jpg,data/cropped/deer/5906f051-23d2-11e8-a6a3-ec086b02610b_crop0.jpg,0,0.3978942036628723,opossum,0.3995296359062195,0.20018589520158012
5906f06f-23d2-11e8-a6a3-ec086b02610b.jpg,data/cropped/bobcat/5906f06f-23d2-11e8-a6a3-ec086b02610b_crop0.jpg,0,0.8701992630958557,bobcat,0.7020419239997864,0.20000226991567263
5906f0b3-23d2-11e8-a6a3-ec086b02610b.jpg,data/cropped/opossum/5906f0b3-23d2-11e8-a6a3-ec086b02610b_crop0.jpg,0,0.7710921168327332,opossum,0.9999700784683228,0.2000782279314888
5906f0b7-23d2-11e8-a6a3-ec086b02610b.jpg,data/cropped/opossum/5906f0b7-23d2-11e8-a6a3-ec086b02610b_crop0.jpg,0,0.8298162817955017,opossum,0.9929973483085632,0.2
5906f0b7-23d2-11e8-a6a3-ec086b02610b.jpg,data/cropped/opossum/5906f0b7-23d2-11e8-a6a3-ec086b02610b_crop1.jpg,1,0.5877208113670349,raccoon,0.5124058127403259,0.2000316255534472
5906f144-23d2-11e8-a6a3-ec086b02610b.jpg,data/cropped/opossum/5906f144-23d2-11e8-a6a3-ec086b02610b_crop0.jpg,0,0.7375755310058594,opossum,0.996547520160675,0.2
5906f144-23d2-11e8-a6a3-ec086b02610b.jpg,data/cropped/opossum/5906f144-23d2-11e8-a6a3-ec086b02610b_crop1.jpg,1,0.4013494551181793,raccoon,0.5067808032035828,0.20001914058761605
5906f198-23d2-11e8-a6a3-ec086b02610b.jpg,data/cropped/opossum/5906f198-23d2-11e8-a6a3-ec086b02610b_crop0.jpg,0,0.8350308537483215,opossum,0.9999747276306152,0.2
5906f1ca-23d2-11e8-a6a3-ec086b02610b.jpg,data/cropped/raccoon/5906f1ca-23d2-11e8-a6a3-ec086b02610b_crop0.jpg,0,0.8629445433616638,raccoon,0.9982826709747314,0.20001577722557487
5906f1cc-23d2-11e8-a6a3-ec086b02610b.jpg,data/cropped/mountain_lion/5906f1cc-23d2-11e8-a6a3-ec086b02610b_crop0.jpg,0,0.28676682710647583,mountain_lion,0.9999645948410034,0.20000032921593933
5906f30a-23d2-11e8-a6a3-ec086b02610b.jpg,data/cropped/coyote/5906f30a-23d2-11e8-a6a3-ec086b02610b_crop0.jpg,0,0.9604059457778931,coyote,0.9998453855514526,0.2
59087e54-23d2-11e8-a6a3-ec086b02610b.jpg,data/cropped/raccoon/59087e54-23d2-11e8-a6a3-ec086b02610b_crop0.jpg,0,0.564723789691925,raccoon,0.7908145189285278,0.20003633720930233
59087e54-23d2-11e8-a6a3-ec086b02610b.jpg,data/cropped/raccoon/59087e54-23d2-11e8-a6a3-ec086b02610b_crop1.jpg,1,0.4983487129211426,raccoon,0.8358538150787354,0.2
59087e54-23d2-11e8-a6a3-ec086b02610b.jpg,data/cropped/raccoon/59087e54-23d2-11e8-a6a3-ec086b02610b_crop2.jpg,2,0.39433929324150085,raccoon,0.7496916055679321,0.2000335345405768
59087e54-23d2-11e8-a6a3-ec086b02610b.jpg,data/cropped/raccoon/59087e54-23d2-11e8-a6a3-ec086b02610b_crop3.jpg,3,0.24115656316280365,coyote,0.373561292886734,0.2000128584287
59087ed9-23d2-11e8-a6a3-ec086b02610b.jpg,data/cropped/deer/59087ed9-23d2-11e8-a6a3-ec086b02610b_crop0.jpg,0,0.9706063270568848,deer,0.9999135732650757,0.2
59087ed9-23d2-11e8-a6a3-ec086b02610b.jpg,data/cropped/deer/59087ed9-23d2-11e8-a6a3-ec086b02610b_crop1.jpg,1,0.9393391013145447,deer,0.999871015548706,0.20000215571831229
59087f30-23d2-11e8-a6a3-ec086b02610b.jpg,data/cropped/opossum/59087f30-23d2-11e8-a6a3-ec086b02610b_crop0.jpg,0,0.8307486176490784,opossum,0.999976396560669,0.20000333895390573
59087f50-23d2-11e8-a6a3-ec086b02610b.jpg,data/cropped/coyote/59087f50-23d2-11e8-a6a3-ec086b02610b_crop0.jpg,0,0.7852475047111511,opossum,0.8793209791183472,0.2
59087f56-23d2-11e8-a6a3-ec086b02610b.jpg,data/cropped/opossum/59087f56-23d2-11e8-a6a3-ec086b02610b_crop0.jpg,0,0.803142249584198,opossum,0.9996674060821533,0.2
59087f9c-23d2-11e8-a6a3-ec086b02610b.jpg,data/cropped/bobcat/59087f9c-23d2-11e8-a6a3-ec086b02610b_crop0.jpg,0,0.8055362701416016,bobcat,0.9589405655860901,0.20001205164128288
59087fda-23d2-11e8-a6a3-ec086b02610b.jpg,data/cropped/coyote/59087fda-23d2-11e8-a6a3-ec086b02610b_crop0.jpg,0,0.9504491090774536,coyote,0.8587089776992798,0.2000154987167974
59087fdf-23d2-11e8-a6a3-ec086b02610b.jpg,data/cropped/coyote/59087fdf-23d2-11e8-a6a3-ec086b02610b_crop0.jpg,0,0.9212544560432434,coyote,0.9941648840904236,0.20000146806230457
59088029-23d2-11e8-a6a3-ec086b02610b.jpg,data/cropped/opossum/59088029-23d2-11e8-a6a3-ec086b02610b_crop0.jpg,0,0.5621654391288757,opossum,0.9998069405555725,0.2000061892678096
59088029-23d2-11e8-a6a3-ec086b02610b.jpg,data/cropped/opossum/59088029-23d2-11e8-a6a3-ec086b02610b_crop1.jpg,1,0.48032593727111816,opossum,0.8744304180145264,0.20001352813852813
59088029-23d2-11e8-a6a3-ec086b02610b.jpg,data/cropped/opossum/59088029-23d2-11e8-a6a3-ec086b02610b_crop2.jpg,2,0.325165718793869,opossum,0.9997226595878601,0.20000727563752774
5908804a-23d2-11e8-a6a3-ec086b02610b.jpg,data/cropped/coyote/5908804a-23d2-11e8-a6a3-ec086b02610b_crop0.jpg,0,0.44431930780410767,coyote,0.9633118510246277,0.2
5908804a-23d2-11e8-a6a3-ec086b02610b.jpg,data/cropped/coyote/5908804a-23d2-11e8-a6a3-ec086b02610b_crop1.jpg,1,0.35211727023124695,coyote,0.7700375914573669,0.20000718803910295
59088083-23d2-11e8-a6a3-ec086b02610b.jpg,data/cropped/opossum/59088083-23d2-11e8-a6a3-ec086b02610b_crop0.jpg,0,0.7358940243721008,opossum,0.9999557733535767,0.2000075091987685
59088083-23d2-11e8-a6a3-ec086b02610b.jpg,data/cropped/opossum/59088083-23d2-11e8-a6a3-ec086b02610b_crop1.jpg,1,0.44855785369873047,opossum,0.9999780654907227,0.20000861270805073
5908811c-23d2-11e8-a6a3-ec086b02610b.jpg,data/cropped/coyote/5908811c-23d2-11e8-a6a3-ec086b02610b_crop0.jpg,0,0.865867018699646,coyote,0.9998536109924316,0.20014367816091955
5908817e-23d2-11e8-a6a3-ec086b02610b.jpg,data/cropped/opossum/5908817e-23d2-11e8-a6a3-ec086b02610b_crop0.jpg,0,0.875226616859436,opossum,0.9998934268951416,0.20000707363655656
5908818e-23d2-11e8-a6a3-ec086b02610b.jpg,data/cropped/coyote/5908818e-23d2-11e8-a6a3-ec086b02610b_crop0.jpg,0,0.9514384269714355,coyote,0.9999737739562988,0.2000021202387389
590a0e7b-23d2-11e8-a6a3-ec086b02610b.jpg,data/cropped/deer/590a0e7b-23d2-11e8-a6a3-ec086b02610b_crop0.jpg,0,0.8010183572769165,deer,0.9974014759063721,0.2
590a0eae-23d2-11e8-a6a3-ec086b02610b.jpg,data/cropped/coyote/590a0eae-23d2-11e8-a6a3-ec086b02610b_crop0.jpg,0,0.8582625389099121,coyote,0.9932483434677124,0.2000049222893568
590a0ef9-23d2-11e8-a6a3-ec086b02610b.jpg,data/cropped/mountain_lion/590a0ef9-23d2-11e8-a6a3-ec086b02610b_crop0.jpg,0,0.9366714954376221,mountain_lion,0.9999672174453735,0.2
590a0ef9-23d2-11e8-a6a3-ec086b02610b.jpg,data/cropped/mountain_lion/590a0ef9-23d2-11e8-a6a3-ec086b02610b_crop1.jpg,1,0.3538842499256134,mountain_lion,0.9999996423721313,0.2
590a0f26-23d2-11e8-a6a3-ec086b02610b.jpg,data/cropped/deer/590a0f26-23d2-11e8-a6a3-ec086b02610b_crop0.jpg,0,0.9723195433616638,deer,0.6351208090782166,0.2
590a0f42-23d2-11e8-a6a3-ec086b02610b.jpg,data/cropped/bobcat/590a0f42-23d2-11e8-a6a3-ec086b02610b_crop0.jpg,0,0.8576160073280334,bobcat,0.9989190101623535,0.20001491674591187
590a0f4f-23d2-11e8-a6a3-ec086b02610b.jpg,data/cropped/raccoon/590a0f4f-23d2-11e8-a6a3-ec086b02610b_crop0.jpg,0,0.721582293510437,raccoon,0.9809288382530212,0.2
590a0f4f-23d2-11e8-a6a3-ec086b02610b.jpg,data/cropped/raccoon/590a0f4f-23d2-11e8-a6a3-ec086b02610b_crop1.jpg,1,0.31423884630203247,coyote,0.3965800404548645,0.2
590a0f4f-23d2-11e8-a6a3-ec086b02610b.jpg,data/cropped/raccoon/590a0f4f-23d2-11e8-a6a3-ec086b02610b_crop2.jpg,2,0.27815765142440796,raccoon,0.5101413726806641,0.2000201126307321
590a0f68-23d2-11e8-a6a3-ec086b02610b.jpg,data/cropped/coyote/590a0f68-23d2-11e8-a6a3-ec086b02610b_crop0.jpg,0,0.9007554054260254,coyote,0.9999157190322876,0.2
590a0fe2-23d2-11e8-a6a3-ec086b02610b.jpg,data/cropped/mountain_lion/590a0fe2-23d2-11e8-a6a3-ec086b02610b_crop0.jpg,0,0.7832605242729187,mountain_lion,0.8766815662384033,0.2
590a0fe2-23d2-11e8-a6a3-ec086b02610b.jpg,data/cropped/mountain_lion/590a0fe2-23d2-11e8-a6a3-ec086b02610b_crop1.jpg,1,0.286975234746933,mountain_lion,0.9997501969337463,0.20000081861866287
590a106a-23d2-11e8-a6a3-ec086b02610b.jpg,data/cropped/bobcat/590a106a-23d2-11e8-a6a3-ec086b02610b_crop0.jpg,0,0.9613229632377625,bobcat,0.995997428894043,0.20000060206689566
590a10b8-23d2-11e8-a6a3-ec086b02610b.jpg,data/cropped/coyote/590a10b8-23d2-11e8-a6a3-ec086b02610b_crop0.jpg,0,0.5234841108322144,coyote,0.5666256546974182,0.20008179444426968
590a10b8-23d2-11e8-a6a3-ec086b02610b.jpg,data/cropped/coyote/590a10b8-23d2-11e8-a6a3-ec086b02610b_crop1.jpg,1,0.33240923285484314,raccoon,0.7674974203109741,0.2
590a10bf-23d2-11e8-a6a3-ec086b02610b.jpg,data/cropped/raccoon/590a10bf-23d2-11e8-a6a3-ec086b02610b_crop0.jpg,0,0.8502979874610901,raccoon,0.9878194332122803,0.2
590a10c3-23d2-11e8-a6a3-ec086b02610b.jpg,data/cropped/mountain_lion/590a10c3-23d2-11e8-a6a3-ec086b02610b_crop0.jpg,0,0.9429730176925659,mountain_lion,0.9978925585746765,0.20000164576544552
590a10fb-23d2-11e8-a6a3-ec086b02610b.jpg,data/cropped/opossum/590a10fb-23d2-11e8-a6a3-ec086b02610b_crop0.jpg,0,0.7142754793167114,opossum,0.999930739402771,0.2000160462130937
590a115d-23d2-11e8-a6a3-ec086b02610b.jpg,data/cropped/deer/590a115d-23d2-11e8-a6a3-ec086b02610b_crop0.jpg,0,0.8736067414283752,deer,0.9992272853851318,0.2
590b9b81-23d2-11e8-a6a3-ec086b02610b.jpg,data/cropped/coyote/590b9b81-23d2-11e8-a6a3-ec086b02610b_crop0.jpg,0,0.9459383487701416,coyote,0.99983811378479,0.20013722126929673
590b9bee-23d2-11e8-a6a3-ec086b02610b.jpg,data/cropped/coyote/590b9bee-23d2-11e8-a6a3-ec086b02610b_crop0.jpg,0,0.5078637003898621,coyote,0.9837749004364014,0.20018115942028986
590b9bee-23d2-11e8-a6a3-ec086b02610b.jpg,data/cropped/coyote/590b9bee-23d2-11e8-a6a3-ec086b02610b_crop1.jpg,1,0.47553253173828125,coyote,0.99934321641922,0.2
590b9cd4-23d2-11e8-a6a3-ec086b02610b.jpg,data/cropped/coyote/590b9cd4-23d2-11e8-a6a3-ec086b02610b_crop0.jpg,0,0.9542074799537659,coyote,0.9999959468841553,0.20000097546383305
590b9da5-23d2-11e8-a6a3-ec086b02610b.jpg,data/cropped/opossum/590b9da5-23d2-11e8-a6a3-ec086b02610b_crop0.jpg,0,0.6808529496192932,opossum,0.9958285689353943,0.20001993471381227
590b9da5-23d2-11e8-a6a3-ec086b02610b.jpg,data/cropped/opossum/590b9da5-23d2-11e8-a6a3-ec086b02610b_crop1.jpg,1,0.3630130887031555,opossum,0.9924207329750061,0.2
590b9dc7-23d2-11e8-a6a3-ec086b02610b.jpg,data/cropped/mountain_lion/590b9dc7-23d2-11e8-a6a3-ec086b02610b_crop0.jpg,0,0.3506300151348114,mountain_lion,0.9995902180671692,0.2000011977643728
590b9dce-23d2-11e8-a6a3-ec086b02610b.jpg,data/cropped/raccoon/590b9dce-23d2-11e8-a6a3-ec086b02610b_crop0.jpg,0,0.8999204039573669,raccoon,0.9986543655395508,0.20000594194717608
590b9e63-23d2-11e8-a6a3-ec086b02610b.jpg,data/cropped/opossum/590b9e63-23d2-11e8-a6a3-ec086b02610b_crop0.jpg,0,0.7242290377616882,opossum,0.6615632772445679,0.2
590b9ee9-23d2-11e8-a6a3-ec086b02610b.jpg,data/cropped/coyote/590b9ee9-23d2-11e8-a6a3-ec086b02610b_crop0.jpg,0,0.9429309368133545,mountain_lion,0.30714330077171326,0.20000466129840466
590b9efe-23d2-11e8-a6a3-ec086b02610b.jpg,data/cropped/bobcat/590b9efe-23d2-11e8-a6a3-ec086b02610b_crop0.jpg,0,0.8565951585769653,bobcat,0.9994683861732483,0.20000970685303823
590d2a6f-23d2-11e8-a6a3-ec086b02610b.jpg,data/cropped/raccoon/590d2a6f-23d2-11e8-a6a3-ec086b02610b_crop0.jpg,0,0.8710587620735168,raccoon,0.9940382242202759,0.200001438548792
590d2a7d-23d2-11e8-a6a3-ec086b02610b.jpg,data/cropped/coyote/590d2a7d-23d2-11e8-a6a3-ec086b02610b_crop0.jpg,0,0.954876720905304,coyote,0.9985764026641846,0.2000040032826918
590d2aab-23d2-11e8-a6a3-ec086b02610b.jpg,data/cropped/bobcat/590d2aab-23d2-11e8-a6a3-ec086b02610b_crop0.jpg,0,0.9712526202201843,bobcat,0.9988933205604553,0.2
590d2ae1-23d2-11e8-a6a3-ec086b02610b.jpg,data/cropped/deer/590d2ae1-23d2-11e8-a6a3-ec086b02610b_crop0.jpg,0,0.9391394853591919,deer,0.9989681243896484,0.2
590d2b34-23d2-11e8-a6a3-ec086b02610b.jpg,data/cropped/raccoon/590d2b34-23d2-11e8-a6a3-ec086b02610b_crop0.jpg,0,0.9401309490203857,raccoon,0.9915422201156616,0.2
590d2ba1-23d2-11e8-a6a3-ec086b02610b.jpg,data/cropped/opossum/590d2ba1-23d2-11e8-a6a3-ec086b02610b_crop0.jpg,0,0.7789480686187744,opossum,0.9999818801879883,0.2
590d2c16-23d2-11e8-a6a3-ec086b02610b.jpg,data/cropped/opossum/590d2c16-23d2-11e8-a6a3-ec086b02610b_crop0.jpg,0,0.5870236754417419,opossum,0.9802011847496033,0.2
590d2c16-23d2-11e8-a6a3-ec086b02610b.jpg,data/cropped/opossum/590d2c16-23d2-11e8-a6a3-ec086b02610b_crop1.jpg,1,0.35961413383483887,raccoon,0.4299252927303314,0.2000293944738389
590d2c2c-23d2-11e8-a6a3-ec086b02610b.jpg,data/cropped/coyote/590d2c2c-23d2-11e8-a6a3-ec086b02610b_crop0.jpg,0,0.956535279750824,coyote,0.9998838901519775,0.2000028254972875
590d2c36-23d2-11e8-a6a3-ec086b02610b.jpg,data/cropped/coyote/590d2c36-23d2-11e8-a6a3-ec086b02610b_crop0.jpg,0,0.945759654045105,coyote,0.99997878074646,0.20000243771634732
590d2c44-23d2-11e8-a6a3-ec086b02610b.jpg,data/cropped/deer/590d2c44-23d2-11e8-a6a3-ec086b02610b_crop0.jpg,0,0.8198456168174744,deer,0.9968474507331848,0.20000046439916036
590d2c44-23d2-11e8-a6a3-ec086b02610b.jpg,data/cropped/deer/590d2c44-23d2-11e8-a6a3-ec086b02610b_crop1.jpg,1,0.26153430342674255,bobcat,0.7705873250961304,0.2
590d2c96-23d2-11e8-a6a3-ec086b02610b.jpg,data/cropped/raccoon/590d2c96-23d2-11e8-a6a3-ec086b02610b_crop0.jpg,0,0.8651393055915833,raccoon,0.485190212726593,0.2000062845651081
590d2c96-23d2-11e8-a6a3-ec086b02610b.jpg,data/cropped/raccoon/590d2c96-23d2-11e8-a6a3-ec086b02610b_crop1.jpg,1,0.22919119894504547,raccoon,0.45372894406318665,0.2
590d2cb5-23d2-11e8-a6a3-ec086b02610b.jpg,data/cropped/bobcat/590d2cb5-23d2-11e8-a6a3-ec086b02610b_crop0.jpg,0,0.7253485321998596,bobcat,0.9995736479759216,0.2
590d2cd1-23d2-11e8-a6a3-ec086b02610b.jpg,data/cropped/coyote/590d2cd1-23d2-11e8-a6a3-ec086b02610b_crop0.jpg,0,0.9481413960456848,coyote,0.9999052286148071,0.2000007355604879
590d2d0e-23d2-11e8-a6a3-ec086b02610b.jpg,data/cropped/opossum/590d2d0e-23d2-11e8-a6a3-ec086b02610b_crop0.jpg,0,0.7019379734992981,opossum,0.999574601650238,0.20001102596615028
590d2d82-23d2-11e8-a6a3-ec086b02610b.jpg,data/cropped/bobcat/590d2d82-23d2-11e8-a6a3-ec086b02610b_crop0.jpg,0,0.823196530342102,bobcat,0.9734326004981995,0.2
590d2def-23d2-11e8-a6a3-ec086b02610b.jpg,data/cropped/opossum/590d2def-23d2-11e8-a6a3-ec086b02610b_crop0.jpg,0,0.8100922107696533,opossum,0.9999723434448242,0.2
590d2e1d-23d2-11e8-a6a3-ec086b02610b.jpg,data/cropped/mountain_lion/590d2e1d-23d2-11e8-a6a3-ec086b02610b_crop0.jpg,0,0.6177569031715393,mountain_lion,0.9909223914146423,0.20000061362430033
590d2e1d-23d2-11e8-a6a3-ec086b02610b.jpg,data/cropped/mountain_lion/590d2e1d-23d2-11e8-a6a3-ec086b02610b_crop1.jpg,1,0.3847626745700836,mountain_lion,0.9998527765274048,0.20000021702236634
590d2e1f-23d2-11e8-a6a3-ec086b02610b.jpg,data/cropped/bobcat/590d2e1f-23d2-11e8-a6a3-ec086b02610b_crop0.jpg,0,0.8978596329689026,bobcat,0.9983859062194824,0.20000735050902274
590ebae2-23d2-11e8-a6a3-ec086b02610b.jpg,data/cropped/opossum/590ebae2-23d2-11e8-a6a3-ec086b02610b_crop0.jpg,0,0.7184810638427734,opossum,0.9976956248283386,0.200017803097739
590ebae2-23d2-11e8-a6a3-ec086b02610b.jpg,data/cropped/opossum/590ebae2-23d2-11e8-a6a3-ec086b02610b_crop1.jpg,1,0.2635817229747772,opossum,0.7872876524925232,0.2002385751305993
590ebb11-23d2-11e8-a6a3-ec086b02610b.jpg,data/cropped/coyote/590ebb11-23d2-11e8-a6a3-ec086b02610b_crop0.jpg,0,0.9719240069389343,coyote,0.9997091889381409,0.2
590ebb87-23d2-11e8-a6a3-ec086b02610b.jpg,data/cropped/opossum/590ebb87-23d2-11e8-a6a3-ec086b02610b_crop0.jpg,0,0.8795686364173889,opossum,0.9971580505371094,0.20001950934009657
590ebbad-23d2-11e8-a6a3-ec086b02610b.jpg,data/cropped/mountain_lion/590ebbad-23d2-11e8-a6a3-ec086b02610b_crop0.jpg,0,0.545372724533081,bobcat,0.34204375743865967,0.2
590ebbbc-23d2-11e8-a6a3-ec086b02610b.jpg,data/cropped/opossum/590ebbbc-23d2-11e8-a6a3-ec086b02610b_crop0.jpg,0,0.39978739619255066,opossum,0.9999407529830933,0.20001905850962454
590ebbef-23d2-11e8-a6a3-ec086b02610b.jpg,data/cropped/bobcat/590ebbef-23d2-11e8-a6a3-ec086b02610b_crop0.jpg,0,0.8772864937782288,bobcat,0.9998828172683716,0.2000152702840273
590ebc01-23d2-11e8-a6a3-ec086b02610b.jpg,data/cropped/opossum/590ebc01-23d2-11e8-a6a3-ec086b02610b_crop0.jpg,0,0.796314001083374,opossum,0.9487075805664062,0.2
590ebc19-23d2-11e8-a6a3-ec086b02610b.jpg,data/cropped/opossum/590ebc19-23d2-11e8-a6a3-ec086b02610b_crop0.jpg,0,0.8035483956336975,opossum,0.9987555742263794,0.20000741729713692
590ebc19-23d2-11e8-a6a3-ec086b02610b.jpg,data/cropped/opossum/590ebc19-23d2-11e8-a6a3-ec086b02610b_crop1.jpg,1,0.3033492863178253,opossum,0.5821700096130371,0.20005285412262155
590ebc2d-23d2-11e8-a6a3-ec086b02610b.jpg,data/cropped/opossum/590ebc2d-23d2-11e8-a6a3-ec086b02610b_crop0.jpg,0,0.8049617409706116,opossum,0.998313307762146,0.2000071622976651
590ebc78-23d2-11e8-a6a3-ec086b02610b.jpg,data/cropped/opossum/590ebc78-23d2-11e8-a6a3-ec086b02610b_crop0.jpg,0,0.3322789669036865,opossum,0.5945903062820435,0.20003858024691357
590ebc78-23d2-11e8-a6a3-ec086b02610b.jpg,data/cropped/opossum/590ebc78-23d2-11e8-a6a3-ec086b02610b_crop1.jpg,1,0.31080400943756104,opossum,0.5819396376609802,0.2
590ebc78-23d2-11e8-a6a3-ec086b02610b.jpg,data/cropped/opossum/590ebc78-23d2-11e8-a6a3-ec086b02610b_crop2.jpg,2,0.2976531386375427,opossum,0.659457266330719,0.20007396449704143
590ebc78-23d2-11e8-a6a3-ec086b02610b.jpg,data/cropped/opossum/590ebc78-23d2-11e8-a6a3-ec086b02610b_crop3.jpg,3,0.22874058783054352,opossum,0.4631787836551666,0.2
590ebcdc-23d2-11e8-a6a3-ec086b02610b.jpg,data/cropped/coyote/590ebcdc-23d2-11e8-a6a3-ec086b02610b_crop0.jpg,0,0.9384434223175049,coyote,0.9998461008071899,0.2
590ebdab-23d2-11e8-a6a3-ec086b02610b.jpg,data/cropped/bobcat/590ebdab-23d2-11e8-a6a3-ec086b02610b_crop0.jpg,0,0.936482846736908,bobcat,0.9999308586120605,0.2
590ebdd3-23d2-11e8-a6a3-ec086b02610b.jpg,data/cropped/bobcat/590ebdd3-23d2-11e8-a6a3-ec086b02610b_crop0.jpg,0,0.8826504349708557,bobcat,0.9999599456787109,0.20000818196694486
590ebe21-23d2-11e8-a6a3-ec086b02610b.jpg,data/cropped/coyote/590ebe21-23d2-11e8-a6a3-ec086b02610b_crop0.jpg,0,0.96000736951828,coyote,0.9999960660934448,0.20000055655426124
590ebe31-23d2-11e8-a6a3-ec086b02610b.jpg,data/cropped/coyote/590ebe31-23d2-11e8-a6a3-ec086b02610b_crop0.jpg,0,0.520846426486969,coyote,0.8657034039497375,0.20003965107057892
590ebe31-23d2-11e8-a6a3-ec086b02610b.jpg,data/cropped/coyote/590ebe31-23d2-11e8-a6a3-ec086b02610b_crop1.jpg,1,0.2828710675239563,raccoon,0.34279611706733704,0.20007997867235403
590ebe31-23d2-11e8-a6a3-ec086b02610b.jpg,data/cropped/coyote/590ebe31-23d2-11e8-a6a3-ec086b02610b_crop2.jpg,2,0.23055633902549744,raccoon,0.5223641395568848,0.2000962000962001
590ebe31-23d2-11e8-a6a3-ec086b02610b.jpg,data/cropped/coyote/590ebe31-23d2-11e8-a6a3-ec086b02610b_crop3.jpg,3,0.22205036878585815,bobcat,0.9682111144065857,0.20002172968274662
590ebeae-23d2-11e8-a6a3-ec086b02610b.jpg,data/cropped/coyote/590ebeae-23d2-11e8-a6a3-ec086b02610b_crop0.jpg,0,0.9587135910987854,coyote,0.9999880790710449,0.2
5910487a-23d2-11e8-a6a3-ec086b02610b.jpg,data/cropped/deer/5910487a-23d2-11e8-a6a3-ec086b02610b_crop0.jpg,0,0.9474894404411316,deer,0.9996962547302246,0.2
5910487a-23d2-11e8-a6a3-ec086b02610b.jpg,data/cropped/deer/5910487a-23d2-11e8-a6a3-ec086b02610b_crop1.jpg,1,0.7077577114105225,deer,0.8811514973640442,0.2
5910487a-23d2-11e8-a6a3-ec086b02610b.jpg,data/cropped/deer/5910487a-23d2-11e8-a6a3-ec086b02610b_crop2.jpg,2,0.6856379508972168,deer,0.9981200098991394,0.2
5910487a-23d2-11e8-a6a3-ec086b02610b.jpg,data/cropped/deer/5910487a-23d2-11e8-a6a3-ec086b02610b_crop3.jpg,3,0.24307501316070557,deer,0.9996709823608398,0.20000020619215667
59104983-23d2-11e8-a6a3-ec086b02610b.jpg,data/cropped/coyote/59104983-23d2-11e8-a6a3-ec086b02610b_crop0.jpg,0,0.9695664048194885,coyote,0.9999938011169434,0.20000146677031844
59104983-23d2-11e8-a6a3-ec086b02610b.jpg,data/cropped/coyote/59104983-23d2-11e8-a6a3-ec086b02610b_crop1.jpg,1,0.9521388411521912,coyote,0.999993085861206,0.2000012855618548
591049fe-23d2-11e8-a6a3-ec086b02610b.jpg,data/cropped/bobcat/591049fe-23d2-11e8-a6a3-ec086b02610b_crop0.jpg,0,0.9481561779975891,bobcat,0.9998682737350464,0.20000250269039216
59104a59-23d2-11e8-a6a3-ec086b02610b.jpg,data/cropped/coyote/59104a59-23d2-11e8-a6a3-ec086b02610b_crop0.jpg,0,0.9202670454978943,coyote,0.9994171857833862,0.20000339816753815
59104ac5-23d2-11e8-a6a3-ec086b02610b.jpg,data/cropped/opossum/59104ac5-23d2-11e8-a6a3-ec086b02610b_crop0.jpg,0,0.7546812891960144,opossum,0.9985702037811279,0.20000878130168162
59104ac5-23d2-11e8-a6a3-ec086b02610b.jpg,data/cropped/opossum/59104ac5-23d2-11e8-a6a3-ec086b02610b_crop1.jpg,1,0.3746902346611023,bobcat,0.7096591591835022,0.2000252836509592
59104ac5-23d2-11e8-a6a3-ec086b02610b.jpg,data/cropped/opossum/59104ac5-23d2-11e8-a6a3-ec086b02610b_crop2.jpg,2,0.3178149461746216,opossum,0.92212975025177,0.2000322762849996
59104ac5-23d2-11e8-a6a3-ec086b02610b.jpg,data/cropped/opossum/59104ac5-23d2-11e8-a6a3-ec086b02610b_crop3.jpg,3,0.2887735366821289,opossum,0.915236234664917,0.20003350644999163
59104b0e-23d2-11e8-a6a3-ec086b02610b.jpg,data/cropped/bobcat/59104b0e-23d2-11e8-a6a3-ec086b02610b_crop0.jpg,0,0.8765848278999329,bobcat,0.9999986886978149,0.2000316255534472
59104b0e-23d2-11e8-a6a3-ec086b02610b.jpg,data/cropped/bobcat/59104b0e-23d2-11e8-a6a3-ec086b02610b_crop1.jpg,1,0.44205233454704285,coyote,0.8321466445922852,0.2000177478037093
5911d6a4-23d2-11e8-a6a3-ec086b02610b.jpg,data/cropped/bobcat/5911d6a4-23d2-11e8-a6a3-ec086b02610b_crop0.jpg,0,0.5690900683403015,bobcat,0.9999033212661743,0.20011783189316576
5911d6b4-23d2-11e8-a6a3-ec086b02610b.jpg,data/cropped/bobcat/5911d6b4-23d2-11e8-a6a3-ec086b02610b_crop0.jpg,0,0.9084126949310303,bobcat,0.9999271631240845,0.2000089296344803
5911d6f8-23d2-11e8-a6a3-ec086b02610b.jpg,data/cropped/opossum/5911d6f8-23d2-11e8-a6a3-ec086b02610b_crop0.jpg,0,0.9034731388092041,opossum,0.9998051524162292,0.2
5911d712-23d2-11e8-a6a3-ec086b02610b.jpg,data/cropped/opossum/5911d712-23d2-11e8-a6a3-ec086b02610b_crop0.jpg,0,0.7239863276481628,opossum,0.9999088048934937,0.20000601160239262
5911d768-23d2-11e8-a6a3-ec086b02610b.jpg,data/cropped/coyote/5911d768-23d2-11e8-a6a3-ec086b02610b_crop0.jpg,0,0.9519190788269043,coyote,0.9998493194580078,0.2000026955449381
5911d7aa-23d2-11e8-a6a3-ec086b02610b.jpg,data/cropped/deer/5911d7aa-23d2-11e8-a6a3-ec086b02610b_crop0.jpg,0,0.8825661540031433,coyote,0.9984958171844482,0.20000251702135693
5911d7aa-23d2-11e8-a6a3-ec086b02610b.jpg,data/cropped/deer/5911d7aa-23d2-11e8-a6a3-ec086b02610b_crop1.jpg,1,0.8107607364654541,deer,0.9941007494926453,0.20000231738969226
5911d7b7-23d2-11e8-a6a3-ec086b02610b.jpg,data/cropped/deer/5911d7b7-23d2-11e8-a6a3-ec086b02610b_crop0.jpg,0,0.6482831835746765,coyote,0.9848508834838867,0.2000073388211407
5911d7b7-23d2-11e8-a6a3-ec086b02610b.jpg,data/cropped/deer/5911d7b7-23d2-11e8-a6a3-ec086b02610b_crop1.jpg,1,0.28994515538215637,bobcat,0.8371471762657166,0.2000208382172905
5911d7d8-23d2-11e8-a6a3-ec086b02610b.jpg,data/cropped/opossum/5911d7d8-23d2-11e8-a6a3-ec086b02610b_crop0.jpg,0,0.5344727635383606,opossum,0.9999598264694214,0.20000347711191085
5911d7d8-23d2-11e8-a6a3-ec086b02610b.jpg,data/cropped/opossum/5911d7d8-23d2-11e8-a6a3-ec086b02610b_crop1.jpg,1,0.2957695722579956,opossum,0.8995539546012878,0.20079307858687814
5911d81e-23d2-11e8-a6a3-ec086b02610b.jpg,data/cropped/opossum/5911d81e-23d2-11e8-a6a3-ec086b02610b_crop0.jpg,0,0.8118200302124023,opossum,0.999976634979248,0.2000139043381535
5911d821-23d2-11e8-a6a3-ec086b02610b.jpg,data/cropped/deer/5911d821-23d2-11e8-a6a3-ec086b02610b_crop0.jpg,0,0.9705640077590942,deer,0.9994679093360901,0.20000088200014113
5911d821-23d2-11e8-a6a3-ec086b02610b.jpg,data/cropped/deer/5911d821-23d2-11e8-a6a3-ec086b02610b_crop1.jpg,1,0.9601916670799255,deer,0.9585661292076111,0.2000013987089916
5911d868-23d2-11e8-a6a3-ec086b02610b.jpg,data/cropped/opossum/5911d868-23d2-11e8-a6a3-ec086b02610b_crop0.jpg,0,0.7830275893211365,opossum,0.995724081993103,0.200028609574671
5911d874-23d2-11e8-a6a3-ec086b02610b.jpg,data/cropped/coyote/5911d874-23d2-11e8-a6a3-ec086b02610b_crop0.jpg,0,0.9639149904251099,coyote,0.9997839331626892,0.2000020841148764
5911d87c-23d2-11e8-a6a3-ec086b02610b.jpg,data/cropped/mountain_lion/5911d87c-23d2-11e8-a6a3-ec086b02610b_crop0.jpg,0,0.932205080986023,mountain_lion,0.9999803304672241,0.2
5911d8b6-23d2-11e8-a6a3-ec086b02610b.jpg,data/cropped/coyote/5911d8b6-23d2-11e8-a6a3-ec086b02610b_crop0.jpg,0,0.45949888229370117,coyote,0.31678417325019836,0.20002452783909738
5911d8b6-23d2-11e8-a6a3-ec086b02610b.jpg,data/cropped/coyote/5911d8b6-23d2-11e8-a6a3-ec086b02610b_crop1.jpg,1,0.40624576807022095,coyote,0.9994683861732483,0.2000149992500375
5911d8b6-23d2-11e8-a6a3-ec086b02610b.jpg,data/cropped/coyote/5911d8b6-23d2-11e8-a6a3-ec086b02610b_crop2.jpg,2,0.3658143877983093,coyote,0.2796361744403839,0.2000065543684866
5911d8c9-23d2-11e8-a6a3-ec086b02610b.jpg,data/cropped/opossum/5911d8c9-23d2-11e8-a6a3-ec086b02610b_crop0.jpg,0,0.8494378328323364,opossum,0.9997783303260803,0.2
5911d8c9-23d2-11e8-a6a3-ec086b02610b.jpg,data/cropped/opossum/5911d8c9-23d2-11e8-a6a3-ec086b02610b_crop1.jpg,1,0.28266414999961853,opossum,0.4003443717956543,0.2000259100919808
5911d8c9-23d2-11e8-a6a3-ec086b02610b.jpg,data/cropped/opossum/5911d8c9-23d2-11e8-a6a3-ec086b02610b_crop2.jpg,2,0.2382974475622177,opossum,0.7634643316268921,0.2000151240169389
5911d93b-23d2-11e8-a6a3-ec086b02610b.jpg,data/cropped/opossum/5911d93b-23d2-11e8-a6a3-ec086b02610b_crop0.jpg,0,0.8422703146934509,opossum,0.999737560749054,0.2
5911d9d6-23d2-11e8-a6a3-ec086b02610b.jpg,data/cropped/coyote/5911d9d6-23d2-11e8-a6a3-ec086b02610b_crop0.jpg,0,0.9574536681175232,coyote,0.9997804760932922,0.2
59136457-23d2-11e8-a6a3-ec086b02610b.jpg,data/cropped/coyote/59136457-23d2-11e8-a6a3-ec086b02610b_crop0.jpg,0,0.9462063908576965,coyote,0.999980092048645,0.2000005949831025
59136457-23d2-11e8-a6a3-ec086b02610b.jpg,data/cropped/coyote/59136457-23d2-11e8-a6a3-ec086b02610b_crop1.jpg,1,0.6976560354232788,coyote,0.9998948574066162,0.20000743660295978
5913659c-23d2-11e8-a6a3-ec086b02610b.jpg,data/cropped/opossum/5913659c-23d2-11e8-a6a3-ec086b02610b_crop0.jpg,0,0.8267331123352051,opossum,0.9999992847442627,0.20001033044511304
59136610-23d2-11e8-a6a3-ec086b02610b.jpg,data/cropped/coyote/59136610-23d2-11e8-a6a3-ec086b02610b_crop0.jpg,0,0.48419663310050964,coyote,0.9886475205421448,0.2
59136610-23d2-11e8-a6a3-ec086b02610b.jpg,data/cropped/coyote/59136610-23d2-11e8-a6a3-ec086b02610b_crop1.jpg,1,0.39792242646217346,coyote,0.8947321772575378,0.20000568925300108
591366ed-23d2-11e8-a6a3-ec086b02610b.jpg,data/cropped/coyote/591366ed-23d2-11e8-a6a3-ec086b02610b_crop0.jpg,0,0.9587969183921814,coyote,0.9692447781562805,0.20005517274466414
591366ed-23d2-11e8-a6a3-ec086b02610b.jpg,data/cropped/coyote/591366ed-23d2-11e8-a6a3-ec086b02610b_crop1.jpg,1,0.30438557267189026,coyote,0.5177304148674011,0.2
591366fe-23d2-11e8-a6a3-ec086b02610b.jpg,data/cropped/deer/591366fe-23d2-11e8-a6a3-ec086b02610b_crop0.jpg,0,0.20456139743328094,deer,0.9998462200164795,0.20000044156787505
59136764-23d2-11e8-a6a3-ec086b02610b.jpg,data/cropped/mountain_lion/59136764-23d2-11e8-a6a3-ec086b02610b_crop0.jpg,0,0.7363554239273071,mountain_lion,0.9761307239532471,0.20000156925515303
591367ec-23d2-11e8-a6a3-ec086b02610b.jpg,data/cropped/mountain_lion/591367ec-23d2-11e8-a6a3-ec086b02610b_crop0.jpg,0,0.9468002915382385,mountain_lion,0.9989944100379944,0.20000072278097206
591367ec-23d2-11e8-a6a3-ec086b02610b.jpg,data/cropped/mountain_lion/591367ec-23d2-11e8-a6a3-ec086b02610b_crop1.jpg,1,0.42812997102737427,mountain_lion,0.998201847076416,0.2
591367ec-23d2-11e8-a6a3-ec086b02610b.jpg,data/cropped/mountain_lion/591367ec-23d2-11e8-a6a3-ec086b02610b_crop2.jpg,2,0.4078806936740875,mountain_lion,0.9601644277572632,0.20002789789370903
5914ee90-23d2-11e8-a6a3-ec086b02610b.jpg,data/cropped/raccoon/5914ee90-23d2-11e8-a6a3-ec086b02610b_crop0.jpg,0,0.8959152102470398,raccoon,0.995378851890564,0.2
5914eea9-23d2-11e8-a6a3-ec086b02610b.jpg,data/cropped/raccoon/5914eea9-23d2-11e8-a6a3-ec086b02610b_crop0.jpg,0,0.4028013050556183,raccoon,0.7130628228187561,0.20000895846631056
5914eea9-23d2-11e8-a6a3-ec086b02610b.jpg,data/cropped/raccoon/5914eea9-23d2-11e8-a6a3-ec086b02610b_crop1.jpg,1,0.39748162031173706,raccoon,0.9084858894348145,0.20000887679015267
5914eefe-23d2-11e8-a6a3-ec086b02610b.jpg,data/cropped/opossum/5914eefe-23d2-11e8-a6a3-ec086b02610b_crop0.jpg,0,0.8584984540939331,opossum,0.9999874830245972,0.20001525087692543
5914ef8e-23d2-11e8-a6a3-ec086b02610b.jpg,data/cropped/raccoon/5914ef8e-23d2-11e8-a6a3-ec086b02610b_crop0.jpg,0,0.9012134075164795,raccoon,0.9856086373329163,0.2000028239015023
5914f012-23d2-11e8-a6a3-ec086b02610b.jpg,data/cropped/coyote/5914f012-23d2-11e8-a6a3-ec086b02610b_crop0.jpg,0,0.9629107713699341,coyote,0.9998506307601929,0.2
5914f022-23d2-11e8-a6a3-ec086b02610b.jpg,data/cropped/coyote/5914f022-23d2-11e8-a6a3-ec086b02610b_crop0.jpg,0,0.5053464770317078,coyote,0.996024489402771,0.2
5914f022-23d2-11e8-a6a3-ec086b02610b.jpg,data/cropped/coyote/5914f022-23d2-11e8-a6a3-ec086b02610b_crop1.jpg,1,0.35155656933784485,coyote,0.9948280453681946,0.2
5914f0c4-23d2-11e8-a6a3-ec086b02610b.jpg,data/cropped/raccoon/5914f0c4-23d2-11e8-a6a3-ec086b02610b_crop0.jpg,0,0.5509740710258484,raccoon,0.4047364890575409,0.20005884083553988
5914f0e8-23d2-11e8-a6a3-ec086b02610b.jpg,data/cropped/opossum/5914f0e8-23d2-11e8-a6a3-ec086b02610b_crop0.jpg,0,0.8467904925346375,opossum,0.9999973773956299,0.2
5914f117-23d2-11e8-a6a3-ec086b02610b.jpg,data/cropped/deer/5914f117-23d2-11e8-a6a3-ec086b02610b_crop0.jpg,0,0.9207215309143066,deer,0.9998284578323364,0.20000996065541113
5914f117-23d2-11e8-a6a3-ec086b02610b.jpg,data/cropped/deer/5914f117-23d2-11e8-a6a3-ec086b02610b_crop1.jpg,1,0.908355712890625,deer,0.9997784495353699,0.2000105537184268
5914f134-23d2-11e8-a6a3-ec086b02610b.jpg,data/cropped/raccoon/5914f134-23d2-11e8-a6a3-ec086b02610b_crop0.jpg,0,0.8328720927238464,bobcat,0.4850894808769226,0.20000581327752587
5914f181-23d2-11e8-a6a3-ec086b02610b.jpg,data/cropped/coyote/5914f181-23d2-11e8-a6a3-ec086b02610b_crop0.jpg,0,0.9618212580680847,coyote,0.9999964237213135,0.20010704943120566
591678ab-23d2-11e8-a6a3-ec086b02610b.jpg,data/cropped/raccoon/591678ab-23d2-11e8-a6a3-ec086b02610b_crop0.jpg,0,0.8671555519104004,raccoon,0.8220305442810059,0.20002414292612264
591678d2-23d2-11e8-a6a3-ec086b02610b.jpg,data/cropped/coyote/591678d2-23d2-11e8-a6a3-ec086b02610b_crop0.jpg,0,0.7643530964851379,coyote,0.9999117851257324,0.20000256282115353
591678d2-23d2-11e8-a6a3-ec086b02610b.jpg,data/cropped/coyote/591678d2-23d2-11e8-a6a3-ec086b02610b_crop1.jpg,1,0.33112087845802307,opossum,0.6969582438468933,0.20000872828838265
59167986-23d2-11e8-a6a3-ec086b02610b.jpg,data/cropped/raccoon/59167986-23d2-11e8-a6a3-ec086b02610b_crop0.jpg,0,0.9112669825553894,raccoon,0.9984691739082336,0.2000984359619381
591679b2-23d2-11e8-a6a3-ec086b02610b.jpg,data/cropped/raccoon/591679b2-23d2-11e8-a6a3-ec086b02610b_crop0.jpg,0,0.8739998936653137,raccoon,0.9846341013908386,0.2
591679b2-23d2-11e8-a6a3-ec086b02610b.jpg,data/cropped/raccoon/591679b2-23d2-11e8-a6a3-ec086b02610b_crop1.jpg,1,0.3131173551082611,raccoon,0.9965691566467285,0.2
59167a00-23d2-11e8-a6a3-ec086b02610b.jpg,data/cropped/bobcat/59167a00-23d2-11e8-a6a3-ec086b02610b_crop0.jpg,0,0.8618286848068237,bobcat,0.9970620274543762,0.2
59167a17-23d2-11e8-a6a3-ec086b02610b.jpg,data/cropped/opossum/59167a17-23d2-11e8-a6a3-ec086b02610b_crop0.jpg,0,0.5702401995658875,opossum,0.999893069267273,0.20002539198882752
59167a17-23d2-11e8-a6a3-ec086b02610b.jpg,data/cropped/opossum/59167a17-23d2-11e8-a6a3-ec086b02610b_crop1.jpg,1,0.47824323177337646,opossum,0.9999510049819946,0.20002725166916474
59167a25-23d2-11e8-a6a3-ec086b02610b.jpg,data/cropped/coyote/59167a25-23d2-11e8-a6a3-ec086b02610b_crop0.jpg,0,0.9068206548690796,coyote,0.9998989105224609,0.20000128763101646
59167a65-23d2-11e8-a6a3-ec086b02610b.jpg,data/cropped/raccoon/59167a65-23d2-11e8-a6a3-ec086b02610b_crop0.jpg,0,0.8071603775024414,raccoon,0.9906617999076843,0.20000979719800138
59167a65-23d2-11e8-a6a3-ec086b02610b.jpg,data/cropped/raccoon/59167a65-23d2-11e8-a6a3-ec086b02610b_crop1.jpg,1,0.6370337605476379,raccoon,0.9370930790901184,0.20001703722633954
59167a7f-23d2-11e8-a6a3-ec086b02610b.jpg,data/cropped/coyote/59167a7f-23d2-11e8-a6a3-ec086b02610b_crop0.jpg,0,0.8160030841827393,coyote,0.9999918937683105,0.20000417763295317
59167a99-23d2-11e8-a6a3-ec086b02610b.jpg,data/cropped/bobcat/59167a99-23d2-11e8-a6a3-ec086b02610b_crop0.jpg,0,0.8557307720184326,bobcat,0.9919965863227844,0.2000009059653287
59167ae6-23d2-11e8-a6a3-ec086b02610b.jpg,data/cropped/bobcat/59167ae6-23d2-11e8-a6a3-ec086b02610b_crop0.jpg,0,0.9308169484138489,bobcat,0.9968474507331848,0.2000100347872625
59167b01-23d2-11e8-a6a3-ec086b02610b.jpg,data/cropped/opossum/59167b01-23d2-11e8-a6a3-ec086b02610b_crop0.jpg,0,0.8663437962532043,opossum,0.9998078942298889,0.2
59167b15-23d2-11e8-a6a3-ec086b02610b.jpg,data/cropped/coyote/59167b15-23d2-11e8-a6a3-ec086b02610b_crop0.jpg,0,0.9516645669937134,coyote,0.9999690055847168,0.2
59167be0-23d2-11e8-a6a3-ec086b02610b.jpg,data/cropped/coyote/59167be0-23d2-11e8-a6a3-ec086b02610b_crop0.jpg,0,0.7164349555969238,coyote,0.9899137020111084,0.2
59180867-23d2-11e8-a6a3-ec086b02610b.jpg,data/cropped/raccoon/59180867-23d2-11e8-a6a3-ec086b02610b_crop0.jpg,0,0.8367472887039185,raccoon,0.9895274639129639,0.20010533318549728
59180867-23d2-11e8-a6a3-ec086b02610b.jpg,data/cropped/raccoon/59180867-23d2-11e8-a6a3-ec086b02610b_crop1.jpg,1,0.20009930431842804,bobcat,0.47201886773109436,0.20005976393246674
5918086a-23d2-11e8-a6a3-ec086b02610b.jpg,data/cropped/bobcat/5918086a-23d2-11e8-a6a3-ec086b02610b_crop0.jpg,0,0.9382991194725037,bobcat,0.9993026256561279,0.2000001799363745
591808de-23d2-11e8-a6a3-ec086b02610b.jpg,data/cropped/bobcat/591808de-23d2-11e8-a6a3-ec086b02610b_crop0.jpg,0,0.5242322087287903,bobcat,0.9293956756591797,0.20001373720722576
591808de-23d2-11e8-a6a3-ec086b02610b.jpg,data/cropped/bobcat/591808de-23d2-11e8-a6a3-ec086b02610b_crop1.jpg,1,0.22145318984985352,bobcat,0.9535374045372009,0.2
59180939-23d2-11e8-a6a3-ec086b02610b.jpg,data/cropped/opossum/59180939-23d2-11e8-a6a3-ec086b02610b_crop0.jpg,0,0.8268598914146423,opossum,0.9995624423027039,0.20000351561813356
59180996-23d2-11e8-a6a3-ec086b02610b.jpg,data/cropped/opossum/59180996-23d2-11e8-a6a3-ec086b02610b_crop0.jpg,0,0.40021687746047974,opossum,0.999839186668396,0.2
59180996-23d2-11e8-a6a3-ec086b02610b.jpg,data/cropped/opossum/59180996-23d2-11e8-a6a3-ec086b02610b_crop1.jpg,1,0.30221807956695557,opossum,0.9992138147354126,0.20000689797889218
59180996-23d2-11e8-a6a3-ec086b02610b.jpg,data/cropped/opossum/59180996-23d2-11e8-a6a3-ec086b02610b_crop2.jpg,2,0.20151688158512115,raccoon,0.5179216265678406,0.2
59180999-23d2-11e8-a6a3-ec086b02610b.jpg,data/cropped/opossum/59180999-23d2-11e8-a6a3-ec086b02610b_crop0.jpg,0,0.8204922080039978,opossum,0.9978037476539612,0.2000147775971627
59180a7c-23d2-11e8-a6a3-ec086b02610b.jpg,data/cropped/bobcat/59180a7c-23d2-11e8-a6a3-ec086b02610b_crop0.jpg,0,0.9582573771476746,bobcat,0.9997355341911316,0.2
59180a90-23d2-11e8-a6a3-ec086b02610b.jpg,data/cropped/opossum/59180a90-23d2-11e8-a6a3-ec086b02610b_crop0.jpg,0,0.79242342710495,opossum,0.9993550181388855,0.20000395342861096
59180af9-23d2-11e8-a6a3-ec086b02610b.jpg,data/cropped/opossum/59180af9-23d2-11e8-a6a3-ec086b02610b_crop0.jpg,0,0.5846982598304749,opossum,0.9939084053039551,0.20003339455668726
59180afa-23d2-11e8-a6a3-ec086b02610b.jpg,data/cropped/coyote/59180afa-23d2-11e8-a6a3-ec086b02610b_crop0.jpg,0,0.8493642807006836,coyote,0.9760052561759949,0.2
59180b5c-23d2-11e8-a6a3-ec086b02610b.jpg,data/cropped/coyote/59180b5c-23d2-11e8-a6a3-ec086b02610b_crop0.jpg,0,0.9605908989906311,coyote,0.9998714923858643,0.2
59180b63-23d2-11e8-a6a3-ec086b02610b.jpg,data/cropped/opossum/59180b63-23d2-11e8-a6a3-ec086b02610b_crop0.jpg,0,0.813981294631958,opossum,0.9996751546859741,0.20016696232912448
59180b83-23d2-11e8-a6a3-ec086b02610b.jpg,data/cropped/coyote/59180b83-23d2-11e8-a6a3-ec086b02610b_crop0.jpg,0,0.9501891136169434,coyote,0.999977707862854,0.20000112762454614
591995c2-23d2-11e8-a6a3-ec086b02610b.jpg,data/cropped/coyote/591995c2-23d2-11e8-a6a3-ec086b02610b_crop0.jpg,0,0.9746327996253967,coyote,0.9999845027923584,0.20000284694807166
591995e5-23d2-11e8-a6a3-ec086b02610b.jpg,data/cropped/opossum/591995e5-23d2-11e8-a6a3-ec086b02610b_crop0.jpg,0,0.8749345541000366,opossum,0.9999979734420776,0.20001505004138762
5919964a-23d2-11e8-a6a3-ec086b02610b.jpg,data/cropped/coyote/5919964a-23d2-11e8-a6a3-ec086b02610b_crop0.jpg,0,0.9507032632827759,coyote,0.9999409914016724,0.2
591996d8-23d2-11e8-a6a3-ec086b02610b.jpg,data/cropped/coyote/591996d8-23d2-11e8-a6a3-ec086b02610b_crop0.jpg,0,0.8812158107757568,coyote,0.9999176263809204,0.20000155009920634
59199708-23d2-11e8-a6a3-ec086b02610b.jpg,data/cropped/coyote/59199708-23d2-11e8-a6a3-ec086b02610b_crop0.jpg,0,0.9285897016525269,coyote,0.9992474317550659,0.2
5919972d-23d2-11e8-a6a3-ec086b02610b.jpg,data/cropped/coyote/5919972d-23d2-11e8-a6a3-ec086b02610b_crop0.jpg,0,0.21622923016548157,coyote,0.9876859188079834,0.2
5919973c-23d2-11e8-a6a3-ec086b02610b.jpg,data/cropped/coyote/5919973c-23d2-11e8-a6a3-ec086b02610b_crop0.jpg,0,0.9561932682991028,coyote,0.9803373217582703,0.2
59199789-23d2-11e8-a6a3-ec086b02610b.jpg,data/cropped/opossum/59199789-23d2-11e8-a6a3-ec086b02610b_crop0.jpg,0,0.6628265380859375,opossum,0.9989659786224365,0.20001198753296573
591997a4-23d2-11e8-a6a3-ec086b02610b.jpg,data/cropped/coyote/591997a4-23d2-11e8-a6a3-ec086b02610b_crop0.jpg,0,0.9351614713668823,coyote,0.9949982166290283,0.20000197406084055
591997a4-23d2-11e8-a6a3-ec086b02610b.jpg,data/cropped/coyote/591997a4-23d2-11e8-a6a3-ec086b02610b_crop1.jpg,1,0.9006319046020508,raccoon,0.9705817699432373,0.2000045319103135
591997a4-23d2-11e8-a6a3-ec086b02610b.jpg,data/cropped/coyote/591997a4-23d2-11e8-a6a3-ec086b02610b_crop2.jpg,2,0.27428558468818665,coyote,0.9886466860771179,0.20000443026758816
591997dd-23d2-11e8-a6a3-ec086b02610b.jpg,data/cropped/raccoon/591997dd-23d2-11e8-a6a3-ec086b02610b_crop0.jpg,0,0.6710760593414307,raccoon,0.9014098048210144,0.20003434065934067
5919980a-23d2-11e8-a6a3-ec086b02610b.jpg,data/cropped/coyote/5919980a-23d2-11e8-a6a3-ec086b02610b_crop0.jpg,0,0.9506352543830872,coyote,0.999498724937439,0.2000014869446262
591998ab-23d2-11e8-a6a3-ec086b02610b.jpg,data/cropped/raccoon/591998ab-23d2-11e8-a6a3-ec086b02610b_crop0.jpg,0,0.8600254058837891,raccoon,0.9962479472160339,0.20000894494387048
591998d1-23d2-11e8-a6a3-ec086b02610b.jpg,data/cropped/mountain_lion/591998d1-23d2-11e8-a6a3-ec086b02610b_crop0.jpg,0,0.8371645212173462,mountain_lion,0.9989044666290283,0.2000005960470162
59199904-23d2-11e8-a6a3-ec086b02610b.jpg,data/cropped/coyote/59199904-23d2-11e8-a6a3-ec086b02610b_crop0.jpg,0,0.6686373353004456,coyote,0.9750123023986816,0.20001535626535627
5919991d-23d2-11e8-a6a3-ec086b02610b.jpg,data/cropped/opossum/5919991d-23d2-11e8-a6a3-ec086b02610b_crop0.jpg,0,0.8450230360031128,opossum,0.9890368580818176,0.2000015755599146
59199934-23d2-11e8-a6a3-ec086b02610b.jpg,data/cropped/coyote/59199934-23d2-11e8-a6a3-ec086b02610b_crop0.jpg,0,0.9630813598632812,coyote,0.9999858140945435,0.2
5919994f-23d2-11e8-a6a3-ec086b02610b.jpg,data/cropped/deer/5919994f-23d2-11e8-a6a3-ec086b02610b_crop0.jpg,0,0.9583370685577393,deer,0.999818742275238,0.2
591b2281-23d2-11e8-a6a3-ec086b02610b.jpg,data/cropped/coyote/591b2281-23d2-11e8-a6a3-ec086b02610b_crop0.jpg,0,0.9518794417381287,coyote,0.999991774559021,0.2
591b22cf-23d2-11e8-a6a3-ec086b02610b.jpg,data/cropped/coyote/591b22cf-23d2-11e8-a6a3-ec086b02610b_crop0.jpg,0,0.8744699954986572,coyote,0.9999716281890869,0.2
591b233e-23d2-11e8-a6a3-ec086b02610b.jpg,data/cropped/coyote/591b233e-23d2-11e8-a6a3-ec086b02610b_crop0.jpg,0,0.889400064945221,coyote,0.9999105930328369,0.20001373013421206
591b2370-23d2-11e8-a6a3-ec086b02610b.jpg,data/cropped/raccoon/591b2370-23d2-11e8-a6a3-ec086b02610b_crop0.jpg,0,0.8776929378509521,raccoon,0.9973245859146118,0.20000706281194086
591b2478-23d2-11e8-a6a3-ec086b02610b.jpg,data/cropped/coyote/591b2478-23d2-11e8-a6a3-ec086b02610b_crop0.jpg,0,0.8679242730140686,coyote,0.9998972415924072,0.2
591b254d-23d2-11e8-a6a3-ec086b02610b.jpg,data/cropped/coyote/591b254d-23d2-11e8-a6a3-ec086b02610b_crop0.jpg,0,0.939890444278717,coyote,0.9998646974563599,0.20000652443400535
591b256e-23d2-11e8-a6a3-ec086b02610b.jpg,data/cropped/bobcat/591b256e-23d2-11e8-a6a3-ec086b02610b_crop0.jpg,0,0.7005192041397095,raccoon,0.4468224048614502,0.2
591b256e-23d2-11e8-a6a3-ec086b02610b.jpg,data/cropped/bobcat/591b256e-23d2-11e8-a6a3-ec086b02610b_crop1.jpg,1,0.44014471769332886,opossum,0.3237709701061249,0.2
591b25a7-23d2-11e8-a6a3-ec086b02610b.jpg,data/cropped/coyote/591b25a7-23d2-11e8-a6a3-ec086b02610b_crop0.jpg,0,0.9560413360595703,coyote,0.9999080896377563,0.2
591b25cf-23d2-11e8-a6a3-ec086b02610b.jpg,data/cropped/opossum/591b25cf-23d2-11e8-a6a3-ec086b02610b_crop0.jpg,0,0.8636344075202942,opossum,0.9999769926071167,0.2
591b25e5-23d2-11e8-a6a3-ec086b02610b.jpg,data/cropped/raccoon/591b25e5-23d2-11e8-a6a3-ec086b02610b_crop0.jpg,0,0.690147876739502,raccoon,0.9973092079162598,0.2
591b25e5-23d2-11e8-a6a3-ec086b02610b.jpg,data/cropped/raccoon/591b25e5-23d2-11e8-a6a3-ec086b02610b_crop1.jpg,1,0.2678096890449524,raccoon,0.9972086548805237,0.2
591b262a-23d2-11e8-a6a3-ec086b02610b.jpg,data/cropped/coyote/591b262a-23d2-11e8-a6a3-ec086b02610b_crop0.jpg,0,0.4271409213542938,opossum,0.5945395231246948,0.2
591b262a-23d2-11e8-a6a3-ec086b02610b.jpg,data/cropped/coyote/591b262a-23d2-11e8-a6a3-ec086b02610b_crop1.jpg,1,0.21703995764255524,opossum,0.6699001789093018,0.2000214586518602
591b264f-23d2-11e8-a6a3-ec086b02610b.jpg,data/cropped/opossum/591b264f-23d2-11e8-a6a3-ec086b02610b_crop0.jpg,0,0.7721875905990601,opossum,0.9971143007278442,0.2000050557395283
591b264f-23d2-11e8-a6a3-ec086b02610b.jpg,data/cropped/opossum/591b264f-23d2-11e8-a6a3-ec086b02610b_crop1.jpg,1,0.40807044506073,opossum,0.9875231385231018,0.2000089210045051
591b264f-23d2-11e8-a6a3-ec086b02610b.jpg,data/cropped/opossum/591b264f-23d2-11e8-a6a3-ec086b02610b_crop2.jpg,2,0.21048113703727722,opossum,0.5423562526702881,0.2000336662551902
591cb096-23d2-11e8-a6a3-ec086b02610b.jpg,data/cropped/coyote/591cb096-23d2-11e8-a6a3-ec086b02610b_crop0.jpg,0,0.960121750831604,coyote,0.999990701675415,0.20000022219778046
591cb0ba-23d2-11e8-a6a3-ec086b02610b.jpg,data/cropped/bobcat/591cb0ba-23d2-11e8-a6a3-ec086b02610b_crop0.jpg,0,0.8391145467758179,bobcat,0.9997634291648865,0.2000145069452
591cb0ba-23d2-11e8-a6a3-ec086b02610b.jpg,data/cropped/bobcat/591cb0ba-23d2-11e8-a6a3-ec086b02610b_crop1.jpg,1,0.24066196382045746,bobcat,0.9999964237213135,0.20002768549280178
591cb179-23d2-11e8-a6a3-ec086b02610b.jpg,data/cropped/opossum/591cb179-23d2-11e8-a6a3-ec086b02610b_crop0.jpg,0,0.5930306315422058,opossum,0.9469609260559082,0.20000596409614124
591cb179-23d2-11e8-a6a3-ec086b02610b.jpg,data/cropped/opossum/591cb179-23d2-11e8-a6a3-ec086b02610b_crop1.jpg,1,0.5357282161712646,opossum,0.9110834002494812,0.2
591cb179-23d2-11e8-a6a3-ec086b02610b.jpg,data/cropped/opossum/591cb179-23d2-11e8-a6a3-ec086b02610b_crop2.jpg,2,0.38724520802497864,opossum,0.8769208192825317,0.2000067060085837
591cb1d4-23d2-11e8-a6a3-ec086b02610b.jpg,data/cropped/deer/591cb1d4-23d2-11e8-a6a3-ec086b02610b_crop0.jpg,0,0.8686171770095825,coyote,0.957024097442627,0.20000096575668244
591cb1d4-23d2-11e8-a6a3-ec086b02610b.jpg,data/cropped/deer/591cb1d4-23d2-11e8-a6a3-ec086b02610b_crop1.jpg,1,0.717982828617096,coyote,0.6655487418174744,0.20000097321706634
591cb1d6-23d2-11e8-a6a3-ec086b02610b.jpg,data/cropped/mountain_lion/591cb1d6-23d2-11e8-a6a3-ec086b02610b_crop0.jpg,0,0.8812583088874817,mountain_lion,0.9781084060668945,0.2000001982231279
591cb1d6-23d2-11e8-a6a3-ec086b02610b.jpg,data/cropped/mountain_lion/591cb1d6-23d2-11e8-a6a3-ec086b02610b_crop1.jpg,1,0.32606834173202515,mountain_lion,0.9946235418319702,0.20000021237870522
591cb1fe-23d2-11e8-a6a3-ec086b02610b.jpg,data/cropped/coyote/591cb1fe-23d2-11e8-a6a3-ec086b02610b_crop0.jpg,0,0.8265937566757202,coyote,0.9998325109481812,0.20000063885721223
591cb1fe-23d2-11e8-a6a3-ec086b02610b.jpg,data/cropped/coyote/591cb1fe-23d2-11e8-a6a3-ec086b02610b_crop1.jpg,1,0.2526076138019562,coyote,0.8942634463310242,0.2
591cb1ff-23d2-11e8-a6a3-ec086b02610b.jpg,data/cropped/opossum/591cb1ff-23d2-11e8-a6a3-ec086b02610b_crop0.jpg,0,0.820404589176178,opossum,0.9999886751174927,0.2
591cb224-23d2-11e8-a6a3-ec086b02610b.jpg,data/cropped/opossum/591cb224-23d2-11e8-a6a3-ec086b02610b_crop0.jpg,0,0.264801949262619,raccoon,0.35265806317329407,0.20004111842105263
591cb238-23d2-11e8-a6a3-ec086b02610b.jpg,data/cropped/coyote/591cb238-23d2-11e8-a6a3-ec086b02610b_crop0.jpg,0,0.9122384190559387,coyote,0.9999364614486694,0.2
591cb27a-23d2-11e8-a6a3-ec086b02610b.jpg,data/cropped/coyote/591cb27a-23d2-11e8-a6a3-ec086b02610b_crop0.jpg,0,0.9325442910194397,coyote,0.9977664947509766,0.2
591cb27a-23d2-11e8-a6a3-ec086b02610b.jpg,data/cropped/coyote/591cb27a-23d2-11e8-a6a3-ec086b02610b_crop1.jpg,1,0.7536094784736633,coyote,0.9999810457229614,0.20000550827618496
591cb27a-23d2-11e8-a6a3-ec086b02610b.jpg,data/cropped/coyote/591cb27a-23d2-11e8-a6a3-ec086b02610b_crop2.jpg,2,0.5363965034484863,coyote,0.9802559614181519,0.20001213175081384
591cb2ba-23d2-11e8-a6a3-ec086b02610b.jpg,data/cropped/opossum/591cb2ba-23d2-11e8-a6a3-ec086b02610b_crop0.jpg,0,0.7485812306404114,opossum,0.9923591017723083,0.20001592694839668
591cb310-23d2-11e8-a6a3-ec086b02610b.jpg,data/cropped/raccoon/591cb310-23d2-11e8-a6a3-ec086b02610b_crop0.jpg,0,0.9226846694946289,raccoon,0.9995349645614624,0.20000256627402674
591cb343-23d2-11e8-a6a3-ec086b02610b.jpg,data/cropped/coyote/591cb343-23d2-11e8-a6a3-ec086b02610b_crop0.jpg,0,0.961452305316925,coyote,0.9999967813491821,0.20007286416904488
591cb38f-23d2-11e8-a6a3-ec086b02610b.jpg,data/cropped/opossum/591cb38f-23d2-11e8-a6a3-ec086b02610b_crop0.jpg,0,0.8476772308349609,opossum,0.9999539852142334,0.2000082990995477
591cb3ca-23d2-11e8-a6a3-ec086b02610b.jpg,data/cropped/coyote/591cb3ca-23d2-11e8-a6a3-ec086b02610b_crop0.jpg,0,0.22446924448013306,coyote,0.917565643787384,0.20000926183199036
591cb425-23d2-11e8-a6a3-ec086b02610b.jpg,data/cropped/raccoon/591cb425-23d2-11e8-a6a3-ec086b02610b_crop0.jpg,0,0.5803558826446533,raccoon,0.9997479319572449,0.20000089543952648
591cb425-23d2-11e8-a6a3-ec086b02610b.jpg,data/cropped/raccoon/591cb425-23d2-11e8-a6a3-ec086b02610b_crop1.jpg,1,0.4567928612232208,raccoon,0.9994288086891174,0.20000428963623884
591cb425-23d2-11e8-a6a3-ec086b02610b.jpg,data/cropped/raccoon/591cb425-23d2-11e8-a6a3-ec086b02610b_crop2.jpg,2,0.2755770981311798,raccoon,0.6528531312942505,0.2
591cb432-23d2-11e8-a6a3-ec086b02610b.jpg,data/cropped/raccoon/591cb432-23d2-11e8-a6a3-ec086b02610b_crop0.jpg,0,0.9127495288848877,raccoon,0.9962533712387085,0.20000108451635992
591e3f5a-23d2-11e8-a6a3-ec086b02610b.jpg,data/cropped/coyote/591e3f5a-23d2-11e8-a6a3-ec086b02610b_crop0.jpg,0,0.9242920279502869,coyote,0.9999945163726807,0.2
591e3f96-23d2-11e8-a6a3-ec086b02610b.jpg,data/cropped/bobcat/591e3f96-23d2-11e8-a6a3-ec086b02610b_crop0.jpg,0,0.515206515789032,raccoon,0.7963196039199829,0.2
591e3f96-23d2-11e8-a6a3-ec086b02610b.jpg,data/cropped/bobcat/591e3f96-23d2-11e8-a6a3-ec086b02610b_crop1.jpg,1,0.2072606384754181,raccoon,0.8214263319969177,0.20001462629808395
591e3f9b-23d2-11e8-a6a3-ec086b02610b.jpg,data/cropped/coyote/591e3f9b-23d2-11e8-a6a3-ec086b02610b_crop0.jpg,0,0.9264910817146301,coyote,0.9978328347206116,0.2
591e3fc6-23d2-11e8-a6a3-ec086b02610b.jpg,data/cropped/coyote/591e3fc6-23d2-11e8-a6a3-ec086b02610b_crop0.jpg,0,0.9678789973258972,coyote,0.9999833106994629,0.20000073829616014
591e4071-23d2-11e8-a6a3-ec086b02610b.jpg,data/cropped/raccoon/591e4071-23d2-11e8-a6a3-ec086b02610b_crop0.jpg,0,0.8200849294662476,raccoon,0.9998745918273926,0.2000120622411644
591e40d4-23d2-11e8-a6a3-ec086b02610b.jpg,data/cropped/bobcat/591e40d4-23d2-11e8-a6a3-ec086b02610b_crop0.jpg,0,0.9677641987800598,bobcat,0.998867392539978,0.2000018937779924
591e40e1-23d2-11e8-a6a3-ec086b02610b.jpg,data/cropped/raccoon/591e40e1-23d2-11e8-a6a3-ec086b02610b_crop0.jpg,0,0.8872790932655334,raccoon,0.996557891368866,0.2
591e410a-23d2-11e8-a6a3-ec086b02610b.jpg,data/cropped/deer/591e410a-23d2-11e8-a6a3-ec086b02610b_crop0.jpg,0,0.7964092493057251,deer,0.9974566102027893,0.20000386518243662
591e4172-23d2-11e8-a6a3-ec086b02610b.jpg,data/cropped/deer/591e4172-23d2-11e8-a6a3-ec086b02610b_crop0.jpg,0,0.8693850040435791,deer,0.9734773635864258,0.2
591e4172-23d2-11e8-a6a3-ec086b02610b.jpg,data/cropped/deer/591e4172-23d2-11e8-a6a3-ec086b02610b_crop1.jpg,1,0.8635611534118652,deer,0.977532684803009,0.20007247773116235
591e4198-23d2-11e8-a6a3-ec086b02610b.jpg,data/cropped/bobcat/591e4198-23d2-11e8-a6a3-ec086b02610b_crop0.jpg,0,0.8387735486030579,bobcat,0.9997077584266663,0.20002041024594347
591e4198-23d2-11e8-a6a3-ec086b02610b.jpg,data/cropped/bobcat/591e4198-23d2-11e8-a6a3-ec086b02610b_crop1.jpg,1,0.42096415162086487,bobcat,0.9999620914459229,0.20006733439946134
591e4198-23d2-11e8-a6a3-ec086b02610b.jpg,data/cropped/bobcat/591e4198-23d2-11e8-a6a3-ec086b02610b_crop2.jpg,2,0.25753286480903625,bobcat,0.9999703168869019,0.2000274339014437
591e4198-23d2-11e8-a6a3-ec086b02610b.jpg,data/cropped/bobcat/591e4198-23d2-11e8-a6a3-ec086b02610b_crop3.jpg,3,0.2517787516117096,bobcat,0.99736088514328,0.2000780792504392
591e4198-23d2-11e8-a6a3-ec086b02610b.jpg,data/cropped/bobcat/591e4198-23d2-11e8-a6a3-ec086b02610b_crop4.jpg,4,0.2060370296239853,bobcat,0.9997549653053284,0.2
591e419f-23d2-11e8-a6a3-ec086b02610b.jpg,data/cropped/coyote/591e419f-23d2-11e8-a6a3-ec086b02610b_crop0.jpg,0,0.9536464810371399,coyote,0.9983736276626587,0.20000126916438218
591e4213-23d2-11e8-a6a3-ec086b02610b.jpg,data/cropped/deer/591e4213-23d2-11e8-a6a3-ec086b02610b_crop0.jpg,0,0.637374758720398,deer,0.9999735355377197,0.2
591e4213-23d2-11e8-a6a3-ec086b02610b.jpg,data/cropped/deer/591e4213-23d2-11e8-a6a3-ec086b02610b_crop1.jpg,1,0.38758811354637146,deer,0.9953855872154236,0.20000111337497356
591e4213-23d2-11e8-a6a3-ec086b02610b.jpg,data/cropped/deer/591e4213-23d2-11e8-a6a3-ec086b02610b_crop2.jpg,2,0.3252875506877899,deer,0.9999810457229614,0.20000052584322248
591e4241-23d2-11e8-a6a3-ec086b02610b.jpg,data/cropped/deer/591e4241-23d2-11e8-a6a3-ec086b02610b_crop0.jpg,0,0.8429136276245117,deer,0.9973165392875671,0.2
591e4300-23d2-11e8-a6a3-ec086b02610b.jpg,data/cropped/coyote/591e4300-23d2-11e8-a6a3-ec086b02610b_crop0.jpg,0,0.933563232421875,coyote,0.9987227320671082,0.2000095726986634
591e4300-23d2-11e8-a6a3-ec086b02610b.jpg,data/cropped/coyote/591e4300-23d2-11e8-a6a3-ec086b02610b_crop1.jpg,1,0.9187867045402527,coyote,0.9998761415481567,0.2
591fd0e9-23d2-11e8-a6a3-ec086b02610b.jpg,data/cropped/coyote/591fd0e9-23d2-11e8-a6a3-ec086b02610b_crop0.jpg,0,0.9273302555084229,coyote,0.9999065399169922,0.2
591fd126-23d2-11e8-a6a3-ec086b02610b.jpg,data/cropped/opossum/591fd126-23d2-11e8-a6a3-ec086b02610b_crop0.jpg,0,0.8642154932022095,opossum,0.9999994039535522,0.20001034179637003
591fd158-23d2-11e8-a6a3-ec086b02610b.jpg,data/cropped/raccoon/591fd158-23d2-11e8-a6a3-ec086b02610b_crop0.jpg,0,0.7670445442199707,raccoon,0.9979708790779114,0.2
591fd1e9-23d2-11e8-a6a3-ec086b02610b.jpg,data/cropped/bobcat/591fd1e9-23d2-11e8-a6a3-ec086b02610b_crop0.jpg,0,0.9432176351547241,bobcat,0.9997243285179138,0.20000188503190416
591fd219-23d2-11e8-a6a3-ec086b02610b.jpg,data/cropped/raccoon/591fd219-23d2-11e8-a6a3-ec086b02610b_crop0.jpg,0,0.8769247531890869,raccoon,0.979651153087616,0.2
591fd219-23d2-11e8-a6a3-ec086b02610b.jpg,data/cropped/raccoon/591fd219-23d2-11e8-a6a3-ec086b02610b_crop1.jpg,1,0.8440099954605103,raccoon,0.9933996200561523,0.20000173191662554
591fd228-23d2-11e8-a6a3-ec086b02610b.jpg,data/cropped/opossum/591fd228-23d2-11e8-a6a3-ec086b02610b_crop0.jpg,0,0.8134031295776367,opossum,0.9991543292999268,0.2000150443809237
591fd22e-23d2-11e8-a6a3-ec086b02610b.jpg,data/cropped/deer/591fd22e-23d2-11e8-a6a3-ec086b02610b_crop0.jpg,0,0.9051360487937927,deer,0.9979090690612793,0.20000317919534566
591fd260-23d2-11e8-a6a3-ec086b02610b.jpg,data/cropped/opossum/591fd260-23d2-11e8-a6a3-ec086b02610b_crop0.jpg,0,0.7933917045593262,opossum,0.999894380569458,0.2
591fd285-23d2-11e8-a6a3-ec086b02610b.jpg,data/cropped/opossum/591fd285-23d2-11e8-a6a3-ec086b02610b_crop0.jpg,0,0.8394784927368164,opossum,0.9999916553497314,0.2
591fd2c2-23d2-11e8-a6a3-ec086b02610b.jpg,data/cropped/coyote/591fd2c2-23d2-11e8-a6a3-ec086b02610b_crop0.jpg,0,0.9594935178756714,coyote,0.9999128580093384,0.20000470765464645
591fd2c3-23d2-11e8-a6a3-ec086b02610b.jpg,data/cropped/deer/591fd2c3-23d2-11e8-a6a3-ec086b02610b_crop0.jpg,0,0.39251431822776794,deer,0.732873797416687,0.2000002222471633
591fd2c3-23d2-11e8-a6a3-ec086b02610b.jpg,data/cropped/deer/591fd2c3-23d2-11e8-a6a3-ec086b02610b_crop1.jpg,1,0.25613462924957275,deer,0.9996033310890198,0.2
591fd376-23d2-11e8-a6a3-ec086b02610b.jpg,data/cropped/coyote/591fd376-23d2-11e8-a6a3-ec086b02610b_crop0.jpg,0,0.9533542394638062,coyote,0.9833561182022095,0.2000005333418668
591fd3a5-23d2-11e8-a6a3-ec086b02610b.jpg,data/cropped/coyote/591fd3a5-23d2-11e8-a6a3-ec086b02610b_crop0.jpg,0,0.9525443911552429,coyote,0.9988414645195007,0.2000803231110808
591fd42c-23d2-11e8-a6a3-ec086b02610b.jpg,data/cropped/opossum/591fd42c-23d2-11e8-a6a3-ec086b02610b_crop0.jpg,0,0.8285167813301086,opossum,0.9999953508377075,0.2
591fd448-23d2-11e8-a6a3-ec086b02610b.jpg,data/cropped/deer/591fd448-23d2-11e8-a6a3-ec086b02610b_crop0.jpg,0,0.9638445377349854,deer,0.9999419450759888,0.20000083750690945
591fd46b-23d2-11e8-a6a3-ec086b02610b.jpg,data/cropped/opossum/591fd46b-23d2-11e8-a6a3-ec086b02610b_crop0.jpg,0,0.6185756921768188,opossum,0.6871078014373779,0.20002374169040835
591fd46b-23d2-11e8-a6a3-ec086b02610b.jpg,data/cropped/opossum/591fd46b-23d2-11e8-a6a3-ec086b02610b_crop1.jpg,1,0.4049169719219208,opossum,0.4339692294597626,0.2000081586032471
591fd492-23d2-11e8-a6a3-ec086b02610b.jpg,data/cropped/bobcat/591fd492-23d2-11e8-a6a3-ec086b02610b_crop0.jpg,0,0.8742904663085938,bobcat,0.9966146349906921,0.2000020376143611
592162ea-23d2-11e8-a6a3-ec086b02610b.jpg,data/cropped/coyote/592162ea-23d2-11e8-a6a3-ec086b02610b_crop0.jpg,0,0.9448629021644592,coyote,0.9999657869338989,0.2000058994439774
59216309-23d2-11e8-a6a3-ec086b02610b.jpg,data/cropped/bobcat/59216309-23d2-11e8-a6a3-ec086b02610b_crop0.jpg,0,0.9176712036132812,bobcat,0.9997574687004089,0.20000055118587642
5921631e-23d2-11e8-a6a3-ec086b02610b.jpg,data/cropped/raccoon/5921631e-23d2-11e8-a6a3-ec086b02610b_crop0.jpg,0,0.9009487628936768,raccoon,0.9984768033027649,0.20000262075110728
5921631e-23d2-11e8-a6a3-ec086b02610b.jpg,data/cropped/raccoon/5921631e-23d2-11e8-a6a3-ec086b02610b_crop1.jpg,1,0.6341432332992554,raccoon,0.8869134783744812,0.20004863418983546
59216328-23d2-11e8-a6a3-ec086b02610b.jpg,data/cropped/opossum/59216328-23d2-11e8-a6a3-ec086b02610b_crop0.jpg,0,0.22494971752166748,opossum,0.9923734068870544,0.20000184053596406
59216376-23d2-11e8-a6a3-ec086b02610b.jpg,data/cropped/raccoon/59216376-23d2-11e8-a6a3-ec086b02610b_crop0.jpg,0,0.8716768026351929,raccoon,0.5683947801589966,0.20000826565825636
5921638c-23d2-11e8-a6a3-ec086b02610b.jpg,data/cropped/bobcat/5921638c-23d2-11e8-a6a3-ec086b02610b_crop0.jpg,0,0.8142855763435364,bobcat,0.44875726103782654,0.20002613012803763
5921638c-23d2-11e8-a6a3-ec086b02610b.jpg,data/cropped/bobcat/5921638c-23d2-11e8-a6a3-ec086b02610b_crop1.jpg,1,0.8115808367729187,bobcat,0.685097336769104,0.2
59216391-23d2-11e8-a6a3-ec086b02610b.jpg,data/cropped/bobcat/59216391-23d2-11e8-a6a3-ec086b02610b_crop0.jpg,0,0.8790973424911499,bobcat,0.9989266991615295,0.20000910580950645
59216391-23d2-11e8-a6a3-ec086b02610b.jpg,data/cropped/bobcat/59216391-23d2-11e8-a6a3-ec086b02610b_crop1.jpg,1,0.20968745648860931,bobcat,0.9990224838256836,0.200000640442674
59216393-23d2-11e8-a6a3-ec086b02610b.jpg,data/cropped/coyote/59216393-23d2-11e8-a6a3-ec086b02610b_crop0.jpg,0,0.9139117002487183,coyote,0.9997757077217102,0.2
59216403-23d2-11e8-a6a3-ec086b02610b.jpg,data/cropped/coyote/59216403-23d2-11e8-a6a3-ec086b02610b_crop0.jpg,0,0.9631075263023376,coyote,0.9999879598617554,0.2
59216425-23d2-11e8-a6a3-ec086b02610b.jpg,data/cropped/coyote/59216425-23d2-11e8-a6a3-ec086b02610b_crop0.jpg,0,0.9612916707992554,coyote,0.9999685287475586,0.2000014311884589
59216425-23d2-11e8-a6a3-ec086b02610b.jpg,data/cropped/coyote/59216425-23d2-11e8-a6a3-ec086b02610b_crop1.jpg,1,0.9298688173294067,coyote,0.9997163414955139,0.2
5921642e-23d2-11e8-a6a3-ec086b02610b.jpg,data/cropped/opossum/5921642e-23d2-11e8-a6a3-ec086b02610b_crop0.jpg,0,0.8234131336212158,opossum,0.9984391331672668,0.20002200462097042
59216475-23d2-11e8-a6a3-ec086b02610b.jpg,data/cropped/bobcat/59216475-23d2-11e8-a6a3-ec086b02610b_crop0.jpg,0,0.8649114370346069,bobcat,0.9842208623886108,0.2
5921647f-23d2-11e8-a6a3-ec086b02610b.jpg,data/cropped/opossum/5921647f-23d2-11e8-a6a3-ec086b02610b_crop0.jpg,0,0.6099211573600769,opossum,0.9845188856124878,0.2
5921647f-23d2-11e8-a6a3-ec086b02610b.jpg,data/cropped/opossum/5921647f-23d2-11e8-a6a3-ec086b02610b_crop1.jpg,1,0.46966028213500977,opossum,0.8617571592330933,0.20006127450980393
5921647f-23d2-11e8-a6a3-ec086b02610b.jpg,data/cropped/opossum/5921647f-23d2-11e8-a6a3-ec086b02610b_crop2.jpg,2,0.3486752510070801,opossum,0.956987738609314,0.2
592164a8-23d2-11e8-a6a3-ec086b02610b.jpg,data/cropped/opossum/592164a8-23d2-11e8-a6a3-ec086b02610b_crop0.jpg,0,0.7799635529518127,opossum,0.9636949300765991,0.20000351778238998
592164c3-23d2-11e8-a6a3-ec086b02610b.jpg,data/cropped/bobcat/592164c3-23d2-11e8-a6a3-ec086b02610b_crop0.jpg,0,0.6173898577690125,bobcat,0.9965655207633972,0.20002019895975356
5921650c-23d2-11e8-a6a3-ec086b02610b.jpg,data/cropped/bobcat/5921650c-23d2-11e8-a6a3-ec086b02610b_crop0.jpg,0,0.3839666247367859,bobcat,0.9997175335884094,0.2
5921650c-23d2-11e8-a6a3-ec086b02610b.jpg,data/cropped/bobcat/5921650c-23d2-11e8-a6a3-ec086b02610b_crop1.jpg,1,0.29362115263938904,bobcat,0.9994879961013794,0.2000651678071033
59216547-23d2-11e8-a6a3-ec086b02610b.jpg,data/cropped/coyote/59216547-23d2-11e8-a6a3-ec086b02610b_crop0.jpg,0,0.9498075246810913,coyote,0.9999063014984131,0.20001132246376813
59216547-23d2-11e8-a6a3-ec086b02610b.jpg,data/cropped/coyote/59216547-23d2-11e8-a6a3-ec086b02610b_crop1.jpg,1,0.46172070503234863,coyote,0.9999812841415405,0.20000033753907015
5921654e-23d2-11e8-a6a3-ec086b02610b.jpg,data/cropped/raccoon/5921654e-23d2-11e8-a6a3-ec086b02610b_crop0.jpg,0,0.7169706225395203,raccoon,0.9907134771347046,0.2000104772382
59216570-23d2-11e8-a6a3-ec086b02610b.jpg,data/cropped/opossum/59216570-23d2-11e8-a6a3-ec086b02610b_crop0.jpg,0,0.754919707775116,opossum,0.8435890078544617,0.2
592165d2-23d2-11e8-a6a3-ec086b02610b.jpg,data/cropped/bobcat/592165d2-23d2-11e8-a6a3-ec086b02610b_crop0.jpg,0,0.8064441680908203,bobcat,0.9981166124343872,0.20000500012500314
592165d5-23d2-11e8-a6a3-ec086b02610b.jpg,data/cropped/deer/592165d5-23d2-11e8-a6a3-ec086b02610b_crop0.jpg,0,0.20844914019107819,coyote,0.32623496651649475,0.20007258869431085
59216616-23d2-11e8-a6a3-ec086b02610b.jpg,data/cropped/opossum/59216616-23d2-11e8-a6a3-ec086b02610b_crop0.jpg,0,0.8808947205543518,opossum,0.9997072815895081,0.2
59216621-23d2-11e8-a6a3-ec086b02610b.jpg,data/cropped/deer/59216621-23d2-11e8-a6a3-ec086b02610b_crop0.jpg,0,0.3037293255329132,deer,0.9947408437728882,0.20000095448764296
59216621-23d2-11e8-a6a3-ec086b02610b.jpg,data/cropped/deer/59216621-23d2-11e8-a6a3-ec086b02610b_crop1.jpg,1,0.2711124122142792,deer,0.9895763397216797,0.20000065244552895
59216631-23d2-11e8-a6a3-ec086b02610b.jpg,data/cropped/opossum/59216631-23d2-11e8-a6a3-ec086b02610b_crop0.jpg,0,0.7397600412368774,opossum,0.9766958355903625,0.20003933910306845
5922eabd-23d2-11e8-a6a3-ec086b02610b.jpg,data/cropped/opossum/5922eabd-23d2-11e8-a6a3-ec086b02610b_crop0.jpg,0,0.8206139802932739,opossum,0.9965105652809143,0.200019823570225
5922eb0d-23d2-11e8-a6a3-ec086b02610b.jpg,data/cropped/raccoon/5922eb0d-23d2-11e8-a6a3-ec086b02610b_crop0.jpg,0,0.8137971758842468,raccoon,0.9942505359649658,0.2
5922ebcd-23d2-11e8-a6a3-ec086b02610b.jpg,data/cropped/bobcat/5922ebcd-23d2-11e8-a6a3-ec086b02610b_crop0.jpg,0,0.8237003684043884,bobcat,0.8509336113929749,0.2
5922ebcd-23d2-11e8-a6a3-ec086b02610b.jpg,data/cropped/bobcat/5922ebcd-23d2-11e8-a6a3-ec086b02610b_crop1.jpg,1,0.4624744653701782,bobcat,0.34164154529571533,0.2000177451792263
5922ebcd-23d2-11e8-a6a3-ec086b02610b.jpg,data/cropped/bobcat/5922ebcd-23d2-11e8-a6a3-ec086b02610b_crop2.jpg,2,0.30628418922424316,raccoon,0.33469685912132263,0.20002430428970713
5922ebec-23d2-11e8-a6a3-ec086b02610b.jpg,data/cropped/opossum/5922ebec-23d2-11e8-a6a3-ec086b02610b_crop0.jpg,0,0.8532581925392151,opossum,0.9999561309814453,0.2000035692615198
5922ebec-23d2-11e8-a6a3-ec086b02610b.jpg,data/cropped/opossum/5922ebec-23d2-11e8-a6a3-ec086b02610b_crop1.jpg,1,0.36751610040664673,raccoon,0.7879785299301147,0.2000489117143556
5922ec23-23d2-11e8-a6a3-ec086b02610b.jpg,data/cropped/opossum/5922ec23-23d2-11e8-a6a3-ec086b02610b_crop0.jpg,0,0.8476855158805847,opossum,0.9999905824661255,0.2
5922ec23-23d2-11e8-a6a3-ec086b02610b.jpg,data/cropped/opossum/5922ec23-23d2-11e8-a6a3-ec086b02610b_crop1.jpg,1,0.6226358413696289,opossum,0.8293076753616333,0.2
5922ec23-23d2-11e8-a6a3-ec086b02610b.jpg,data/cropped/opossum/5922ec23-23d2-11e8-a6a3-ec086b02610b_crop2.jpg,2,0.49353763461112976,opossum,0.38744574785232544,0.2
5922ec76-23d2-11e8-a6a3-ec086b02610b.jpg,data/cropped/coyote/5922ec76-23d2-11e8-a6a3-ec086b02610b_crop0.jpg,0,0.9499162435531616,coyote,0.9999275207519531,0.2
5922ec89-23d2-11e8-a6a3-ec086b02610b.jpg,data/cropped/coyote/5922ec89-23d2-11e8-a6a3-ec086b02610b_crop0.jpg,0,0.951661229133606,coyote,0.9942156672477722,0.20000066400180608
5922ed0e-23d2-11e8-a6a3-ec086b02610b.jpg,data/cropped/bobcat/5922ed0e-23d2-11e8-a6a3-ec086b02610b_crop0.jpg,0,0.4270907938480377,opossum,0.5425034165382385,0.20002451781627983
5922ed0e-23d2-11e8-a6a3-ec086b02610b.jpg,data/cropped/bobcat/5922ed0e-23d2-11e8-a6a3-ec086b02610b_crop1.jpg,1,0.2558508813381195,bobcat,0.7615656852722168,0.2
5922ed0e-23d2-11e8-a6a3-ec086b02610b.jpg,data/cropped/bobcat/5922ed0e-23d2-11e8-a6a3-ec086b02610b_crop2.jpg,2,0.2117937058210373,raccoon,0.8848637342453003,0.20002443792766372
5922ed66-23d2-11e8-a6a3-ec086b02610b.jpg,data/cropped/opossum/5922ed66-23d2-11e8-a6a3-ec086b02610b_crop0.jpg,0,0.8883950710296631,opossum,0.9999891519546509,0.2000058302238806
5922eda6-23d2-11e8-a6a3-ec086b02610b.jpg,data/cropped/bobcat/5922eda6-23d2-11e8-a6a3-ec086b02610b_crop0.jpg,0,0.9512221217155457,bobcat,0.9998345375061035,0.20000404948470307
5922ede4-23d2-11e8-a6a3-ec086b02610b.jpg,data/cropped/deer/5922ede4-23d2-11e8-a6a3-ec086b02610b_crop0.jpg,0,0.9453762769699097,deer,0.6205276250839233,0.2000020751946792
592478ad-23d2-11e8-a6a3-ec086b02610b.jpg,data/cropped/coyote/592478ad-23d2-11e8-a6a3-ec086b02610b_crop0.jpg,0,0.9141063690185547,coyote,0.9998294115066528,0.20000193390399618
592478b7-23d2-11e8-a6a3-ec086b02610b.jpg,data/cropped/mountain_lion/592478b7-23d2-11e8-a6a3-ec086b02610b_crop0.jpg,0,0.8732014298439026,mountain_lion,0.9995003938674927,0.2000002219154857
592478cb-23d2-11e8-a6a3-ec086b02610b.jpg,data/cropped/deer/592478cb-23d2-11e8-a6a3-ec086b02610b_crop0.jpg,0,0.8459681868553162,deer,0.9998075366020203,0.20000120166851673
592478cb-23d2-11e8-a6a3-ec086b02610b.jpg,data/cropped/deer/592478cb-23d2-11e8-a6a3-ec086b02610b_crop1.jpg,1,0.32648056745529175,deer,0.9995089769363403,0.2
592478db-23d2-11e8-a6a3-ec086b02610b.jpg,data/cropped/coyote/592478db-23d2-11e8-a6a3-ec086b02610b_crop0.jpg,0,0.9696173667907715,coyote,0.9999910593032837,0.2
5924791b-23d2-11e8-a6a3-ec086b02610b.jpg,data/cropped/deer/5924791b-23d2-11e8-a6a3-ec086b02610b_crop0.jpg,0,0.7738462090492249,deer,0.9269492626190186,0.2
5924791b-23d2-11e8-a6a3-ec086b02610b.jpg,data/cropped/deer/5924791b-23d2-11e8-a6a3-ec086b02610b_crop1.jpg,1,0.2519288659095764,deer,0.46534425020217896,0.2
59247979-23d2-11e8-a6a3-ec086b02610b.jpg,data/cropped/coyote/59247979-23d2-11e8-a6a3-ec086b02610b_crop0.jpg,0,0.9662573933601379,coyote,0.9997814297676086,0.2
59247979-23d2-11e8-a6a3-ec086b02610b.jpg,data/cropped/coyote/59247979-23d2-11e8-a6a3-ec086b02610b_crop1.jpg,1,0.7784315943717957,bobcat,0.7738679647445679,0.2000219743998242
5924798b-23d2-11e8-a6a3-ec086b02610b.jpg,data/cropped/coyote/5924798b-23d2-11e8-a6a3-ec086b02610b_crop0.jpg,0,0.9550765156745911,coyote,0.9999889135360718,0.2000075828665131
5924799c-23d2-11e8-a6a3-ec086b02610b.jpg,data/cropped/opossum/5924799c-23d2-11e8-a6a3-ec086b02610b_crop0.jpg,0,0.7885724902153015,opossum,0.9998509883880615,0.2
5924799c-23d2-11e8-a6a3-ec086b02610b.jpg,data/cropped/opossum/5924799c-23d2-11e8-a6a3-ec086b02610b_crop1.jpg,1,0.7029480338096619,opossum,0.613766610622406,0.20006321112515804
592479df-23d2-11e8-a6a3-ec086b02610b.jpg,data/cropped/coyote/592479df-23d2-11e8-a6a3-ec086b02610b_crop0.jpg,0,0.9704354405403137,coyote,0.9992750287055969,0.20000312981698395
59247a45-23d2-11e8-a6a3-ec086b02610b.jpg,data/cropped/opossum/59247a45-23d2-11e8-a6a3-ec086b02610b_crop0.jpg,0,0.820218563079834,opossum,0.997956395149231,0.2
59247a93-23d2-11e8-a6a3-ec086b02610b.jpg,data/cropped/coyote/59247a93-23d2-11e8-a6a3-ec086b02610b_crop0.jpg,0,0.9584395289421082,coyote,0.9999936819076538,0.2
59247b50-23d2-11e8-a6a3-ec086b02610b.jpg,data/cropped/coyote/59247b50-23d2-11e8-a6a3-ec086b02610b_crop0.jpg,0,0.9708871841430664,coyote,0.999903678894043,0.20000070265674516
59247bdf-23d2-11e8-a6a3-ec086b02610b.jpg,data/cropped/deer/59247bdf-23d2-11e8-a6a3-ec086b02610b_crop0.jpg,0,0.9125182628631592,deer,0.9922653436660767,0.20000169471418644
59247be6-23d2-11e8-a6a3-ec086b02610b.jpg,data/cropped/opossum/59247be6-23d2-11e8-a6a3-ec086b02610b_crop0.jpg,0,0.7814778685569763,opossum,0.9993771910667419,0.2
59247be6-23d2-11e8-a6a3-ec086b02610b.jpg,data/cropped/opossum/59247be6-23d2-11e8-a6a3-ec086b02610b_crop1.jpg,1,0.7667851448059082,opossum,0.996705949306488,0.20008605851979347
59247be6-23d2-11e8-a6a3-ec086b02610b.jpg,data/cropped/opossum/59247be6-23d2-11e8-a6a3-ec086b02610b_crop2.jpg,2,0.23121428489685059,opossum,0.9762040376663208,0.20014245014245013
59247c0e-23d2-11e8-a6a3-ec086b02610b.jpg,data/cropped/opossum/59247c0e-23d2-11e8-a6a3-ec086b02610b_crop0.jpg,0,0.5946646928787231,opossum,0.6722056269645691,0.2
59247c0e-23d2-11e8-a6a3-ec086b02610b.jpg,data/cropped/opossum/59247c0e-23d2-11e8-a6a3-ec086b02610b_crop1.jpg,1,0.2812215983867645,bobcat,0.6001588702201843,0.2000614156302779
59247c55-23d2-11e8-a6a3-ec086b02610b.jpg,data/cropped/opossum/59247c55-23d2-11e8-a6a3-ec086b02610b_crop0.jpg,0,0.23113228380680084,opossum,0.3931747376918793,0.2
59260b87-23d2-11e8-a6a3-ec086b02610b.jpg,data/cropped/coyote/59260b87-23d2-11e8-a6a3-ec086b02610b_crop0.jpg,0,0.5054694414138794,coyote,0.9999691247940063,0.20000180694590003
59260bd1-23d2-11e8-a6a3-ec086b02610b.jpg,data/cropped/opossum/59260bd1-23d2-11e8-a6a3-ec086b02610b_crop0.jpg,0,0.6648436188697815,bobcat,0.5113333463668823,0.200000717864783
59260bd1-23d2-11e8-a6a3-ec086b02610b.jpg,data/cropped/opossum/59260bd1-23d2-11e8-a6a3-ec086b02610b_crop1.jpg,1,0.6631292700767517,opossum,0.9927021265029907,0.2
59260bd1-23d2-11e8-a6a3-ec086b02610b.jpg,data/cropped/opossum/59260bd1-23d2-11e8-a6a3-ec086b02610b_crop2.jpg,2,0.3780370056629181,opossum,0.9606835246086121,0.2000139043381535
59260c31-23d2-11e8-a6a3-ec086b02610b.jpg,data/cropped/coyote/59260c31-23d2-11e8-a6a3-ec086b02610b_crop0.jpg,0,0.9445984959602356,coyote,0.9999716281890869,0.20000319009793602
59260c33-23d2-11e8-a6a3-ec086b02610b.jpg,data/cropped/coyote/59260c33-23d2-11e8-a6a3-ec086b02610b_crop0.jpg,0,0.8848015666007996,coyote,0.9999204874038696,0.200139146567718
59260c79-23d2-11e8-a6a3-ec086b02610b.jpg,data/cropped/deer/59260c79-23d2-11e8-a6a3-ec086b02610b_crop0.jpg,0,0.9725744128227234,deer,0.9999667406082153,0.20000039620122267
59260cad-23d2-11e8-a6a3-ec086b02610b.jpg,data/cropped/coyote/59260cad-23d2-11e8-a6a3-ec086b02610b_crop0.jpg,0,0.9092705249786377,coyote,0.9998316764831543,0.2000023003312477
59260cd5-23d2-11e8-a6a3-ec086b02610b.jpg,data/cropped/coyote/59260cd5-23d2-11e8-a6a3-ec086b02610b_crop0.jpg,0,0.8284348845481873,coyote,0.9959893822669983,0.2000035836513824
59260d1a-23d2-11e8-a6a3-ec086b02610b.jpg,data/cropped/mountain_lion/59260d1a-23d2-11e8-a6a3-ec086b02610b_crop0.jpg,0,0.7414012551307678,mountain_lion,0.9995343685150146,0.2
59260d1a-23d2-11e8-a6a3-ec086b02610b.jpg,data/cropped/mountain_lion/59260d1a-23d2-11e8-a6a3-ec086b02610b_crop1.jpg,1,0.42722633481025696,mountain_lion,0.9999939203262329,0.20000023100716816
59260d5f-23d2-11e8-a6a3-ec086b02610b.jpg,data/cropped/raccoon/59260d5f-23d2-11e8-a6a3-ec086b02610b_crop0.jpg,0,0.8992788791656494,raccoon,0.9954713582992554,0.2
59260d5f-23d2-11e8-a6a3-ec086b02610b.jpg,data/cropped/raccoon/59260d5f-23d2-11e8-a6a3-ec086b02610b_crop1.jpg,1,0.5304126143455505,raccoon,0.9187703728675842,0.2
59260dde-23d2-11e8-a6a3-ec086b02610b.jpg,data/cropped/coyote/59260dde-23d2-11e8-a6a3-ec086b02610b_crop0.jpg,0,0.9655694961547852,coyote,0.9999850988388062,0.20004314994606257
59260e0f-23d2-11e8-a6a3-ec086b02610b.jpg,data/cropped/opossum/59260e0f-23d2-11e8-a6a3-ec086b02610b_crop0.jpg,0,0.8774011731147766,opossum,0.9999994039535522,0.20000511980339955
59260e0f-23d2-11e8-a6a3-ec086b02610b.jpg,data/cropped/opossum/59260e0f-23d2-11e8-a6a3-ec086b02610b_crop1.jpg,1,0.24179835617542267,opossum,0.7317510843276978,0.20002755200440833
59260e44-23d2-11e8-a6a3-ec086b02610b.jpg,data/cropped/opossum/59260e44-23d2-11e8-a6a3-ec086b02610b_crop0.jpg,0,0.7952006459236145,opossum,0.8372024893760681,0.2
59260e44-23d2-11e8-a6a3-ec086b02610b.jpg,data/cropped/opossum/59260e44-23d2-11e8-a6a3-ec086b02610b_crop1.jpg,1,0.652773916721344,opossum,0.9390742778778076,0.20001009960737776
59260e78-23d2-11e8-a6a3-ec086b02610b.jpg,data/cropped/raccoon/59260e78-23d2-11e8-a6a3-ec086b02610b_crop0.jpg,0,0.710457980632782,opossum,0.44890278577804565,0.200008885334755
59260e78-23d2-11e8-a6a3-ec086b02610b.jpg,data/cropped/raccoon/59260e78-23d2-11e8-a6a3-ec086b02610b_crop1.jpg,1,0.21460334956645966,coyote,0.4650196135044098,0.2
59260e78-23d2-11e8-a6a3-ec086b02610b.jpg,data/cropped/raccoon/59260e78-23d2-11e8-a6a3-ec086b02610b_crop2.jpg,2,0.2083083689212799,coyote,0.3949796259403229,0.20022974568429114
59260ea7-23d2-11e8-a6a3-ec086b02610b.jpg,data/cropped/raccoon/59260ea7-23d2-11e8-a6a3-ec086b02610b_crop0.jpg,0,0.5254011750221252,raccoon,0.9576059579849243,0.2000115713955103
59260ea7-23d2-11e8-a6a3-ec086b02610b.jpg,data/cropped/raccoon/59260ea7-23d2-11e8-a6a3-ec086b02610b_crop1.jpg,1,0.26831337809562683,raccoon,0.4746879041194916,0.2
59260f21-23d2-11e8-a6a3-ec086b02610b.jpg,data/cropped/mountain_lion/59260f21-23d2-11e8-a6a3-ec086b02610b_crop0.jpg,0,0.9544057250022888,mountain_lion,0.9992153644561768,0.20000129459055338
59279ae8-23d2-11e8-a6a3-ec086b02610b.jpg,data/cropped/opossum/59279ae8-23d2-11e8-a6a3-ec086b02610b_crop0.jpg,0,0.5320154428482056,raccoon,0.833052396774292,0.20006616491605325
59279ae8-23d2-11e8-a6a3-ec086b02610b.jpg,data/cropped/opossum/59279ae8-23d2-11e8-a6a3-ec086b02610b_crop1.jpg,1,0.4941258728504181,opossum,0.9982631802558899,0.2
59279ae8-23d2-11e8-a6a3-ec086b02610b.jpg,data/cropped/opossum/59279ae8-23d2-11e8-a6a3-ec086b02610b_crop2.jpg,2,0.2331714779138565,opossum,0.9786813855171204,0.2
59279b19-23d2-11e8-a6a3-ec086b02610b.jpg,data/cropped/mountain_lion/59279b19-23d2-11e8-a6a3-ec086b02610b_crop0.jpg,0,0.9216120839118958,mountain_lion,0.9806273579597473,0.2
59279b4b-23d2-11e8-a6a3-ec086b02610b.jpg,data/cropped/raccoon/59279b4b-23d2-11e8-a6a3-ec086b02610b_crop0.jpg,0,0.9042398929595947,raccoon,0.8159609436988831,0.2
59279b5f-23d2-11e8-a6a3-ec086b02610b.jpg,data/cropped/coyote/59279b5f-23d2-11e8-a6a3-ec086b02610b_crop0.jpg,0,0.8093227744102478,coyote,0.998424768447876,0.2
59279bd3-23d2-11e8-a6a3-ec086b02610b.jpg,data/cropped/deer/59279bd3-23d2-11e8-a6a3-ec086b02610b_crop0.jpg,0,0.35712185502052307,deer,0.9656665325164795,0.2
59279bd3-23d2-11e8-a6a3-ec086b02610b.jpg,data/cropped/deer/59279bd3-23d2-11e8-a6a3-ec086b02610b_crop1.jpg,1,0.2319086790084839,deer,0.9943049550056458,0.20000339766240827
59279c62-23d2-11e8-a6a3-ec086b02610b.jpg,data/cropped/deer/59279c62-23d2-11e8-a6a3-ec086b02610b_crop0.jpg,0,0.5006189346313477,deer,0.9967963099479675,0.2
59279c62-23d2-11e8-a6a3-ec086b02610b.jpg,data/cropped/deer/59279c62-23d2-11e8-a6a3-ec086b02610b_crop1.jpg,1,0.3746929466724396,deer,0.9997739195823669,0.2
59279c62-23d2-11e8-a6a3-ec086b02610b.jpg,data/cropped/deer/59279c62-23d2-11e8-a6a3-ec086b02610b_crop2.jpg,2,0.3047511577606201,deer,0.9995307922363281,0.2
59279c87-23d2-11e8-a6a3-ec086b02610b.jpg,data/cropped/opossum/59279c87-23d2-11e8-a6a3-ec086b02610b_crop0.jpg,0,0.4165099859237671,raccoon,0.7035695314407349,0.20001310272536688
59279cc3-23d2-11e8-a6a3-ec086b02610b.jpg,data/cropped/coyote/59279cc3-23d2-11e8-a6a3-ec086b02610b_crop0.jpg,0,0.8823172450065613,coyote,0.9997649788856506,0.20001069432933188
59279cc8-23d2-11e8-a6a3-ec086b02610b.jpg,data/cropped/coyote/59279cc8-23d2-11e8-a6a3-ec086b02610b_crop0.jpg,0,0.8684718608856201,raccoon,0.31703755259513855,0.20000242728756681
59279cc9-23d2-11e8-a6a3-ec086b02610b.jpg,data/cropped/opossum/59279cc9-23d2-11e8-a6a3-ec086b02610b_crop0.jpg,0,0.8458577990531921,opossum,0.9993563294410706,0.20001494321578003
59279ced-23d2-11e8-a6a3-ec086b02610b.jpg,data/cropped/coyote/59279ced-23d2-11e8-a6a3-ec086b02610b_crop0.jpg,0,0.8224294781684875,coyote,0.9999568462371826,0.2
59279d59-23d2-11e8-a6a3-ec086b02610b.jpg,data/cropped/opossum/59279d59-23d2-11e8-a6a3-ec086b02610b_crop0.jpg,0,0.5268720984458923,opossum,0.6773735284805298,0.20004430660168365
59279d59-23d2-11e8-a6a3-ec086b02610b.jpg,data/cropped/opossum/59279d59-23d2-11e8-a6a3-ec086b02610b_crop1.jpg,1,0.48802828788757324,opossum,0.9992191791534424,0.2
59279d6a-23d2-11e8-a6a3-ec086b02610b.jpg,data/cropped/bobcat/59279d6a-23d2-11e8-a6a3-ec086b02610b_crop0.jpg,0,0.733352541923523,bobcat,0.8736084699630737,0.20023980815347722
59279d6a-23d2-11e8-a6a3-ec086b02610b.jpg,data/cropped/bobcat/59279d6a-23d2-11e8-a6a3-ec086b02610b_crop1.jpg,1,0.5779277682304382,bobcat,0.9557868838310242,0.20003652801241953
59279d8c-23d2-11e8-a6a3-ec086b02610b.jpg,data/cropped/opossum/59279d8c-23d2-11e8-a6a3-ec086b02610b_crop0.jpg,0,0.8486505746841431,opossum,0.9999995231628418,0.20002427479062992
59279d8c-23d2-11e8-a6a3-ec086b02610b.jpg,data/cropped/opossum/59279d8c-23d2-11e8-a6a3-ec086b02610b_crop1.jpg,1,0.2993928790092468,opossum,0.5983652472496033,0.20003864547606395
59279da0-23d2-11e8-a6a3-ec086b02610b.jpg,data/cropped/deer/59279da0-23d2-11e8-a6a3-ec086b02610b_crop0.jpg,0,0.9622818231582642,deer,0.9473192095756531,0.2000009816721804
59279dae-23d2-11e8-a6a3-ec086b02610b.jpg,data/cropped/coyote/59279dae-23d2-11e8-a6a3-ec086b02610b_crop0.jpg,0,0.9129474759101868,coyote,0.9999582767486572,0.2
59279e40-23d2-11e8-a6a3-ec086b02610b.jpg,data/cropped/coyote/59279e40-23d2-11e8-a6a3-ec086b02610b_crop0.jpg,0,0.9539364576339722,coyote,0.9999644756317139,0.20000393282730955
59279e4c-23d2-11e8-a6a3-ec086b02610b.jpg,data/cropped/mountain_lion/59279e4c-23d2-11e8-a6a3-ec086b02610b_crop0.jpg,0,0.8695814609527588,mountain_lion,0.999984622001648,0.20000021897434606
59279e80-23d2-11e8-a6a3-ec086b02610b.jpg,data/cropped/opossum/59279e80-23d2-11e8-a6a3-ec086b02610b_crop0.jpg,0,0.7694039344787598,opossum,0.7386156320571899,0.2
59279e80-23d2-11e8-a6a3-ec086b02610b.jpg,data/cropped/opossum/59279e80-23d2-11e8-a6a3-ec086b02610b_crop1.jpg,1,0.36887285113334656,opossum,0.8789272904396057,0.2
59292d0e-23d2-11e8-a6a3-ec086b02610b.jpg,data/cropped/mountain_lion/59292d0e-23d2-11e8-a6a3-ec086b02610b_crop0.jpg,0,0.9680761098861694,mountain_lion,0.9998712539672852,0.20000317075297455
59292d86-23d2-11e8-a6a3-ec086b02610b.jpg,data/cropped/opossum/59292d86-23d2-11e8-a6a3-ec086b02610b_crop0.jpg,0,0.8332524299621582,opossum,0.9999169111251831,0.2
59292d89-23d2-11e8-a6a3-ec086b02610b.jpg,data/cropped/opossum/59292d89-23d2-11e8-a6a3-ec086b02610b_crop0.jpg,0,0.7607607841491699,opossum,0.998314380645752,0.2
59292d8f-23d2-11e8-a6a3-ec086b02610b.jpg,data/cropped/opossum/59292d8f-23d2-11e8-a6a3-ec086b02610b_crop0.jpg,0,0.7619619965553284,opossum,0.9436334371566772,0.2000076911244424
59292d8f-23d2-11e8-a6a3-ec086b02610b.jpg,data/cropped/opossum/59292d8f-23d2-11e8-a6a3-ec086b02610b_crop1.jpg,1,0.23290948569774628,raccoon,0.6086827516555786,0.20001304929370697
59292d9d-23d2-11e8-a6a3-ec086b02610b.jpg,data/cropped/coyote/59292d9d-23d2-11e8-a6a3-ec086b02610b_crop0.jpg,0,0.9572793245315552,coyote,0.9999439716339111,0.2
59292de1-23d2-11e8-a6a3-ec086b02610b.jpg,data/cropped/coyote/59292de1-23d2-11e8-a6a3-ec086b02610b_crop0.jpg,0,0.4152505695819855,coyote,0.9859679937362671,0.2
59292de8-23d2-11e8-a6a3-ec086b02610b.jpg,data/cropped/opossum/59292de8-23d2-11e8-a6a3-ec086b02610b_crop0.jpg,0,0.8076934218406677,opossum,0.9999979734420776,0.2
59292e33-23d2-11e8-a6a3-ec086b02610b.jpg,data/cropped/coyote/59292e33-23d2-11e8-a6a3-ec086b02610b_crop0.jpg,0,0.9390237331390381,coyote,0.9999619722366333,0.20000123449931795
59292e71-23d2-11e8-a6a3-ec086b02610b.jpg,data/cropped/mountain_lion/59292e71-23d2-11e8-a6a3-ec086b02610b_crop0.jpg,0,0.31703442335128784,mountain_lion,0.9959326386451721,0.2
59292e75-23d2-11e8-a6a3-ec086b02610b.jpg,data/cropped/raccoon/59292e75-23d2-11e8-a6a3-ec086b02610b_crop0.jpg,0,0.9134653210639954,raccoon,0.985152006149292,0.20000618416441632
59292e75-23d2-11e8-a6a3-ec086b02610b.jpg,data/cropped/raccoon/59292e75-23d2-11e8-a6a3-ec086b02610b_crop1.jpg,1,0.2630452811717987,raccoon,0.846197247505188,0.20006457167455877
59292e7b-23d2-11e8-a6a3-ec086b02610b.jpg,data/cropped/coyote/59292e7b-23d2-11e8-a6a3-ec086b02610b_crop0.jpg,0,0.8410107493400574,coyote,0.9470864534378052,0.20001321527686006
59292ef8-23d2-11e8-a6a3-ec086b02610b.jpg,data/cropped/opossum/59292ef8-23d2-11e8-a6a3-ec086b02610b_crop0.jpg,0,0.8278456330299377,opossum,0.9999880790710449,0.20000596409614124
59292ef8-23d2-11e8-a6a3-ec086b02610b.jpg,data/cropped/opossum/59292ef8-23d2-11e8-a6a3-ec086b02610b_crop1.jpg,1,0.8006271719932556,opossum,0.670653223991394,0.2
59292ef8-23d2-11e8-a6a3-ec086b02610b.jpg,data/cropped/opossum/59292ef8-23d2-11e8-a6a3-ec086b02610b_crop2.jpg,2,0.33113324642181396,opossum,0.5513534545898438,0.2
59292f49-23d2-11e8-a6a3-ec086b02610b.jpg,data/cropped/deer/59292f49-23d2-11e8-a6a3-ec086b02610b_crop0.jpg,0,0.645173192024231,deer,0.9986588954925537,0.20000061038757577
59292f49-23d2-11e8-a6a3-ec086b02610b.jpg,data/cropped/deer/59292f49-23d2-11e8-a6a3-ec086b02610b_crop1.jpg,1,0.6372680068016052,deer,0.9999727010726929,0.20000020303455446
59292f93-23d2-11e8-a6a3-ec086b02610b.jpg,data/cropped/coyote/59292f93-23d2-11e8-a6a3-ec086b02610b_crop0.jpg,0,0.8567152619361877,coyote,0.9119466543197632,0.200004622068838
59292f93-23d2-11e8-a6a3-ec086b02610b.jpg,data/cropped/coyote/59292f93-23d2-11e8-a6a3-ec086b02610b_crop1.jpg,1,0.2733738422393799,coyote,0.6878494024276733,0.20002339454907006
59293000-23d2-11e8-a6a3-ec086b02610b.jpg,data/cropped/mountain_lion/59293000-23d2-11e8-a6a3-ec086b02610b_crop0.jpg,0,0.7202203869819641,mountain_lion,0.9971135854721069,0.20000021150055414
592930b7-23d2-11e8-a6a3-ec086b02610b.jpg,data/cropped/mountain_lion/592930b7-23d2-11e8-a6a3-ec086b02610b_crop0.jpg,0,0.8251798152923584,mountain_lion,0.9999778270721436,0.20000065929211805
592930b7-23d2-11e8-a6a3-ec086b02610b.jpg,data/cropped/mountain_lion/592930b7-23d2-11e8-a6a3-ec086b02610b_crop1.jpg,1,0.5453386902809143,mountain_lion,0.9999827146530151,0.20000067690141607
592abe61-23d2-11e8-a6a3-ec086b02610b.jpg,data/cropped/opossum/592abe61-23d2-11e8-a6a3-ec086b02610b_crop0.jpg,0,0.7607610821723938,opossum,0.9997044205665588,0.20001766160367362
592abe94-23d2-11e8-a6a3-ec086b02610b.jpg,data/cropped/bobcat/592abe94-23d2-11e8-a6a3-ec086b02610b_crop0.jpg,0,0.8908851146697998,bobcat,0.9934458136558533,0.2000086266390614
592abeeb-23d2-11e8-a6a3-ec086b02610b.jpg,data/cropped/coyote/592abeeb-23d2-11e8-a6a3-ec086b02610b_crop0.jpg,0,0.9507839679718018,coyote,0.9997561573982239,0.20000065860099975
592abf26-23d2-11e8-a6a3-ec086b02610b.jpg,data/cropped/opossum/592abf26-23d2-11e8-a6a3-ec086b02610b_crop0.jpg,0,0.8689014315605164,opossum,0.9676324725151062,0.20027884851964242
592abf84-23d2-11e8-a6a3-ec086b02610b.jpg,data/cropped/coyote/592abf84-23d2-11e8-a6a3-ec086b02610b_crop0.jpg,0,0.8604563474655151,coyote,0.6763210892677307,0.20036709619418638
592abfe7-23d2-11e8-a6a3-ec086b02610b.jpg,data/cropped/raccoon/592abfe7-23d2-11e8-a6a3-ec086b02610b_crop0.jpg,0,0.8763188719749451,raccoon,0.9967831373214722,0.20001060220525868
592ac0b9-23d2-11e8-a6a3-ec086b02610b.jpg,data/cropped/opossum/592ac0b9-23d2-11e8-a6a3-ec086b02610b_crop0.jpg,0,0.772081196308136,opossum,0.9999980926513672,0.20001136912713527
592ac0be-23d2-11e8-a6a3-ec086b02610b.jpg,data/cropped/opossum/592ac0be-23d2-11e8-a6a3-ec086b02610b_crop0.jpg,0,0.8190928101539612,opossum,0.9996180534362793,0.2
592ac0c1-23d2-11e8-a6a3-ec086b02610b.jpg,data/cropped/deer/592ac0c1-23d2-11e8-a6a3-ec086b02610b_crop0.jpg,0,0.895689070224762,deer,0.9999804496765137,0.20000253745924207
592ac0c1-23d2-11e8-a6a3-ec086b02610b.jpg,data/cropped/deer/592ac0c1-23d2-11e8-a6a3-ec086b02610b_crop1.jpg,1,0.8344143629074097,deer,0.9976320266723633,0.20000166010923517
592ac0da-23d2-11e8-a6a3-ec086b02610b.jpg,data/cropped/opossum/592ac0da-23d2-11e8-a6a3-ec086b02610b_crop0.jpg,0,0.7750152945518494,opossum,0.9948522448539734,0.20001040095688805
592ac135-23d2-11e8-a6a3-ec086b02610b.jpg,data/cropped/coyote/592ac135-23d2-11e8-a6a3-ec086b02610b_crop0.jpg,0,0.5043467879295349,coyote,0.7022355198860168,0.2000383031695873
592ac143-23d2-11e8-a6a3-ec086b02610b.jpg,data/cropped/bobcat/592ac143-23d2-11e8-a6a3-ec086b02610b_crop0.jpg,0,0.6495000123977661,bobcat,0.9983747005462646,0.20002131287297528
592c4bb9-23d2-11e8-a6a3-ec086b02610b.jpg,data/cropped/deer/592c4bb9-23d2-11e8-a6a3-ec086b02610b_crop0.jpg,0,0.9632930159568787,deer,0.999692440032959,0.2000012340708449
592c4bb9-23d2-11e8-a6a3-ec086b02610b.jpg,data/cropped/deer/592c4bb9-23d2-11e8-a6a3-ec086b02610b_crop1.jpg,1,0.6331347227096558,deer,0.9992889165878296,0.2
592c4bb9-23d2-11e8-a6a3-ec086b02610b.jpg,data/cropped/deer/592c4bb9-23d2-11e8-a6a3-ec086b02610b_crop2.jpg,2,0.5073872208595276,deer,0.9995039701461792,0.2
592c4bcb-23d2-11e8-a6a3-ec086b02610b.jpg,data/cropped/raccoon/592c4bcb-23d2-11e8-a6a3-ec086b02610b_crop0.jpg,0,0.8894835114479065,raccoon,0.9953739047050476,0.20000662273585218
592c4bd3-23d2-11e8-a6a3-ec086b02610b.jpg,data/cropped/bobcat/592c4bd3-23d2-11e8-a6a3-ec086b02610b_crop0.jpg,0,0.9244926571846008,bobcat,0.997832715511322,0.20000312334072523
592c4c72-23d2-11e8-a6a3-ec086b02610b.jpg,data/cropped/coyote/592c4c72-23d2-11e8-a6a3-ec086b02610b_crop0.jpg,0,0.8865190148353577,coyote,0.994666576385498,0.20001399433229541
592c4c91-23d2-11e8-a6a3-ec086b02610b.jpg,data/cropped/coyote/592c4c91-23d2-11e8-a6a3-ec086b02610b_crop0.jpg,0,0.8555371165275574,coyote,0.9843546152114868,0.2
592c4cc7-23d2-11e8-a6a3-ec086b02610b.jpg,data/cropped/coyote/592c4cc7-23d2-11e8-a6a3-ec086b02610b_crop0.jpg,0,0.9541332721710205,coyote,0.9999853372573853,0.20000181341747592
592c4cea-23d2-11e8-a6a3-ec086b02610b.jpg,data/cropped/coyote/592c4cea-23d2-11e8-a6a3-ec086b02610b_crop0.jpg,0,0.9461491703987122,coyote,0.9999464750289917,0.2
592c4d1c-23d2-11e8-a6a3-ec086b02610b.jpg,data/cropped/coyote/592c4d1c-23d2-11e8-a6a3-ec086b02610b_crop0.jpg,0,0.8987019658088684,coyote,0.9946931004524231,0.2
592c4e54-23d2-11e8-a6a3-ec086b02610b.jpg,data/cropped/opossum/592c4e54-23d2-11e8-a6a3-ec086b02610b_crop0.jpg,0,0.471942275762558,opossum,0.9938870072364807,0.20001396745582792
592c4e54-23d2-11e8-a6a3-ec086b02610b.jpg,data/cropped/opossum/592c4e54-23d2-11e8-a6a3-ec086b02610b_crop1.jpg,1,0.26278752088546753,opossum,0.8193357586860657,0.2
592c4ebf-23d2-11e8-a6a3-ec086b02610b.jpg,data/cropped/coyote/592c4ebf-23d2-11e8-a6a3-ec086b02610b_crop0.jpg,0,0.9613124132156372,coyote,0.9970633387565613,0.20000301011020766
592c4f23-23d2-11e8-a6a3-ec086b02610b.jpg,data/cropped/deer/592c4f23-23d2-11e8-a6a3-ec086b02610b_crop0.jpg,0,0.9274992942810059,deer,0.9933295249938965,0.2
592c4f23-23d2-11e8-a6a3-ec086b02610b.jpg,data/cropped/deer/592c4f23-23d2-11e8-a6a3-ec086b02610b_crop1.jpg,1,0.8796362280845642,deer,0.9999743700027466,0.20000961758093797
592c4f32-23d2-11e8-a6a3-ec086b02610b.jpg,data/cropped/coyote/592c4f32-23d2-11e8-a6a3-ec086b02610b_crop0.jpg,0,0.8727998733520508,coyote,0.9999779462814331,0.2000036189924725
592de2f5-23d2-11e8-a6a3-ec086b02610b.jpg,data/cropped/coyote/592de2f5-23d2-11e8-a6a3-ec086b02610b_crop0.jpg,0,0.9469965100288391,coyote,0.9999825954437256,0.20000199872081867
592de305-23d2-11e8-a6a3-ec086b02610b.jpg,data/cropped/opossum/592de305-23d2-11e8-a6a3-ec086b02610b_crop0.jpg,0,0.7500055432319641,opossum,0.9997877478599548,0.20002546473134708
592de305-23d2-11e8-a6a3-ec086b02610b.jpg,data/cropped/opossum/592de305-23d2-11e8-a6a3-ec086b02610b_crop1.jpg,1,0.6884984970092773,opossum,0.9992882609367371,0.2
592de3a6-23d2-11e8-a6a3-ec086b02610b.jpg,data/cropped/deer/592de3a6-23d2-11e8-a6a3-ec086b02610b_crop0.jpg,0,0.9271261692047119,deer,0.9998688697814941,0.20000099401602353
592de3ea-23d2-11e8-a6a3-ec086b02610b.jpg,data/cropped/opossum/592de3ea-23d2-11e8-a6a3-ec086b02610b_crop0.jpg,0,0.7529690265655518,opossum,0.9999550580978394,0.2
592de43d-23d2-11e8-a6a3-ec086b02610b.jpg,data/cropped/opossum/592de43d-23d2-11e8-a6a3-ec086b02610b_crop0.jpg,0,0.8447028398513794,opossum,0.9999994039535522,0.2
592de43d-23d2-11e8-a6a3-ec086b02610b.jpg,data/cropped/opossum/592de43d-23d2-11e8-a6a3-ec086b02610b_crop1.jpg,1,0.49496060609817505,opossum,0.7772250175476074,0.20002261420171868
592de473-23d2-11e8-a6a3-ec086b02610b.jpg,data/cropped/coyote/592de473-23d2-11e8-a6a3-ec086b02610b_crop0.jpg,0,0.37214937806129456,coyote,0.9987196922302246,0.20002473512800428
592de548-23d2-11e8-a6a3-ec086b02610b.jpg,data/cropped/opossum/592de548-23d2-11e8-a6a3-ec086b02610b_crop0.jpg,0,0.5907962322235107,raccoon,0.542697548866272,0.2
592de548-23d2-11e8-a6a3-ec086b02610b.jpg,data/cropped/opossum/592de548-23d2-11e8-a6a3-ec086b02610b_crop1.jpg,1,0.3294895589351654,raccoon,0.9416457414627075,0.20004986702127658
592de580-23d2-11e8-a6a3-ec086b02610b.jpg,data/cropped/opossum/592de580-23d2-11e8-a6a3-ec086b02610b_crop0.jpg,0,0.814888596534729,opossum,0.9999514818191528,0.2
592de580-23d2-11e8-a6a3-ec086b02610b.jpg,data/cropped/opossum/592de580-23d2-11e8-a6a3-ec086b02610b_crop1.jpg,1,0.5272928476333618,opossum,0.9598252773284912,0.2
592de677-23d2-11e8-a6a3-ec086b02610b.jpg,data/cropped/raccoon/592de677-23d2-11e8-a6a3-ec086b02610b_crop0.jpg,0,0.8435288667678833,raccoon,0.9934864044189453,0.20002187226596677
592de677-23d2-11e8-a6a3-ec086b02610b.jpg,data/cropped/raccoon/592de677-23d2-11e8-a6a3-ec086b02610b_crop1.jpg,1,0.3587837219238281,raccoon,0.9562761187553406,0.20001802776275465
592f6fd4-23d2-11e8-a6a3-ec086b02610b.jpg,data/cropped/coyote/592f6fd4-23d2-11e8-a6a3-ec086b02610b_crop0.jpg,0,0.9086877107620239,raccoon,0.4706405699253082,0.20000691676537466
592f6fd7-23d2-11e8-a6a3-ec086b02610b.jpg,data/cropped/opossum/592f6fd7-23d2-11e8-a6a3-ec086b02610b_crop0.jpg,0,0.8774827718734741,opossum,0.9999862909317017,0.2000090820334673
592f7006-23d2-11e8-a6a3-ec086b02610b.jpg,data/cropped/deer/592f7006-23d2-11e8-a6a3-ec086b02610b_crop0.jpg,0,0.8566962480545044,deer,0.999438464641571,0.2
592f7006-23d2-11e8-a6a3-ec086b02610b.jpg,data/cropped/deer/592f7006-23d2-11e8-a6a3-ec086b02610b_crop1.jpg,1,0.6631602048873901,deer,0.9837217926979065,0.20000086123742594
592f701c-23d2-11e8-a6a3-ec086b02610b.jpg,data/cropped/bobcat/592f701c-23d2-11e8-a6a3-ec086b02610b_crop0.jpg,0,0.3025938868522644,bobcat,0.608931839466095,0.2
592f701c-23d2-11e8-a6a3-ec086b02610b.jpg,data/cropped/bobcat/592f701c-23d2-11e8-a6a3-ec086b02610b_crop1.jpg,1,0.20692971348762512,opossum,0.7121742963790894,0.20000821726447265
592f7036-23d2-11e8-a6a3-ec086b02610b.jpg,data/cropped/coyote/592f7036-23d2-11e8-a6a3-ec086b02610b_crop0.jpg,0,0.9540082812309265,coyote,0.9999629259109497,0.20000214049113568
592f7056-23d2-11e8-a6a3-ec086b02610b.jpg,data/cropped/coyote/592f7056-23d2-11e8-a6a3-ec086b02610b_crop0.jpg,0,0.923659086227417,coyote,0.9998966455459595,0.20000663702130483
592f705d-23d2-11e8-a6a3-ec086b02610b.jpg,data/cropped/mountain_lion/592f705d-23d2-11e8-a6a3-ec086b02610b_crop0.jpg,0,0.2692931294441223,mountain_lion,0.4624071717262268,0.2000025092843521
592f70d7-23d2-11e8-a6a3-ec086b02610b.jpg,data/cropped/bobcat/592f70d7-23d2-11e8-a6a3-ec086b02610b_crop0.jpg,0,0.8179712891578674,bobcat,0.43957871198654175,0.2000315590153587
592f7162-23d2-11e8-a6a3-ec086b02610b.jpg,data/cropped/raccoon/592f7162-23d2-11e8-a6a3-ec086b02610b_crop0.jpg,0,0.8668274879455566,raccoon,0.8660464286804199,0.2
592f718a-23d2-11e8-a6a3-ec086b02610b.jpg,data/cropped/raccoon/592f718a-23d2-11e8-a6a3-ec086b02610b_crop0.jpg,0,0.8640431761741638,raccoon,0.8664053678512573,0.20001802234771116
592f718a-23d2-11e8-a6a3-ec086b02610b.jpg,data/cropped/raccoon/592f718a-23d2-11e8-a6a3-ec086b02610b_crop1.jpg,1,0.5009447336196899,raccoon,0.85396409034729,0.2
592f718f-23d2-11e8-a6a3-ec086b02610b.jpg,data/cropped/opossum/592f718f-23d2-11e8-a6a3-ec086b02610b_crop0.jpg,0,0.805699348449707,opossum,0.999982476234436,0.20000470543948806
592f718f-23d2-11e8-a6a3-ec086b02610b.jpg,data/cropped/opossum/592f718f-23d2-11e8-a6a3-ec086b02610b_crop1.jpg,1,0.2420339733362198,opossum,0.4759756922721863,0.20007413585395237
592f71be-23d2-11e8-a6a3-ec086b02610b.jpg,data/cropped/opossum/592f71be-23d2-11e8-a6a3-ec086b02610b_crop0.jpg,0,0.7671905755996704,opossum,0.9998623132705688,0.20001051303616485
592f71f0-23d2-11e8-a6a3-ec086b02610b.jpg,data/cropped/coyote/592f71f0-23d2-11e8-a6a3-ec086b02610b_crop0.jpg,0,0.5733340978622437,coyote,0.9994702935218811,0.20001517565824417
592f728d-23d2-11e8-a6a3-ec086b02610b.jpg,data/cropped/coyote/592f728d-23d2-11e8-a6a3-ec086b02610b_crop0.jpg,0,0.9369363188743591,coyote,0.9999741315841675,0.20000270694602348
592f72b1-23d2-11e8-a6a3-ec086b02610b.jpg,data/cropped/bobcat/592f72b1-23d2-11e8-a6a3-ec086b02610b_crop0.jpg,0,0.7900506258010864,bobcat,0.6291481852531433,0.2000085001487526
592f72b1-23d2-11e8-a6a3-ec086b02610b.jpg,data/cropped/bobcat/592f72b1-23d2-11e8-a6a3-ec086b02610b_crop1.jpg,1,0.6860345602035522,bobcat,0.39273104071617126,0.20002767272391847
592f72b1-23d2-11e8-a6a3-ec086b02610b.jpg,data/cropped/bobcat/592f72b1-23d2-11e8-a6a3-ec086b02610b_crop2.jpg,2,0.2175547480583191,bobcat,0.61826491355896,0.2
5930fe55-23d2-11e8-a6a3-ec086b02610b.jpg,data/cropped/raccoon/5930fe55-23d2-11e8-a6a3-ec086b02610b_crop0.jpg,0,0.8346240520477295,raccoon,0.9986581802368164,0.20000239825407104
5930fe62-23d2-11e8-a6a3-ec086b02610b.jpg,data/cropped/deer/5930fe62-23d2-11e8-a6a3-ec086b02610b_crop0.jpg,0,0.5873197317123413,deer,0.9753659963607788,0.20002367144040714
5930fe62-23d2-11e8-a6a3-ec086b02610b.jpg,data/cropped/deer/5930fe62-23d2-11e8-a6a3-ec086b02610b_crop1.jpg,1,0.5485689043998718,deer,0.9726623892784119,0.2
5930fe62-23d2-11e8-a6a3-ec086b02610b.jpg,data/cropped/deer/5930fe62-23d2-11e8-a6a3-ec086b02610b_crop2.jpg,2,0.3457116186618805,deer,0.9528082609176636,0.200046685340803
5930fe91-23d2-11e8-a6a3-ec086b02610b.jpg,data/cropped/opossum/5930fe91-23d2-11e8-a6a3-ec086b02610b_crop0.jpg,0,0.5164661407470703,opossum,0.9953221678733826,0.20001983831771067
5930fe91-23d2-11e8-a6a3-ec086b02610b.jpg,data/cropped/opossum/5930fe91-23d2-11e8-a6a3-ec086b02610b_crop1.jpg,1,0.4981788098812103,opossum,0.9937888979911804,0.2
5930ff93-23d2-11e8-a6a3-ec086b02610b.jpg,data/cropped/mountain_lion/5930ff93-23d2-11e8-a6a3-ec086b02610b_crop0.jpg,0,0.7768718600273132,mountain_lion,0.9998377561569214,0.20000063922474823
5930ff98-23d2-11e8-a6a3-ec086b02610b.jpg,data/cropped/deer/5930ff98-23d2-11e8-a6a3-ec086b02610b_crop0.jpg,0,0.7403414249420166,deer,0.5210419297218323,0.20000022796075428
5930ff98-23d2-11e8-a6a3-ec086b02610b.jpg,data/cropped/deer/5930ff98-23d2-11e8-a6a3-ec086b02610b_crop1.jpg,1,0.5274258255958557,deer,0.9991474151611328,0.20000060428924507
5930fffd-23d2-11e8-a6a3-ec086b02610b.jpg,data/cropped/coyote/5930fffd-23d2-11e8-a6a3-ec086b02610b_crop0.jpg,0,0.8152349591255188,coyote,0.999931812286377,0.20014249199400652
5930fffd-23d2-11e8-a6a3-ec086b02610b.jpg,data/cropped/coyote/5930fffd-23d2-11e8-a6a3-ec086b02610b_crop1.jpg,1,0.34022483229637146,opossum,0.5155197381973267,0.20001220703125
5931005f-23d2-11e8-a6a3-ec086b02610b.jpg,data/cropped/coyote/5931005f-23d2-11e8-a6a3-ec086b02610b_crop0.jpg,0,0.965743899345398,coyote,0.9999996423721313,0.20000097862200236
59310064-23d2-11e8-a6a3-ec086b02610b.jpg,data/cropped/deer/59310064-23d2-11e8-a6a3-ec086b02610b_crop0.jpg,0,0.9089091420173645,bobcat,0.3771418333053589,0.2
59310079-23d2-11e8-a6a3-ec086b02610b.jpg,data/cropped/opossum/59310079-23d2-11e8-a6a3-ec086b02610b_crop0.jpg,0,0.8403463363647461,opossum,0.999339759349823,0.20003051571559352
59310079-23d2-11e8-a6a3-ec086b02610b.jpg,data/cropped/opossum/59310079-23d2-11e8-a6a3-ec086b02610b_crop1.jpg,1,0.2636779844760895,opossum,0.42978689074516296,0.20008741258741258
593100a9-23d2-11e8-a6a3-ec086b02610b.jpg,data/cropped/coyote/593100a9-23d2-11e8-a6a3-ec086b02610b_crop0.jpg,0,0.9514095783233643,coyote,0.9999500513076782,0.2
59310123-23d2-11e8-a6a3-ec086b02610b.jpg,data/cropped/coyote/59310123-23d2-11e8-a6a3-ec086b02610b_crop0.jpg,0,0.9182286262512207,coyote,0.999748170375824,0.2
59310123-23d2-11e8-a6a3-ec086b02610b.jpg,data/cropped/coyote/59310123-23d2-11e8-a6a3-ec086b02610b_crop1.jpg,1,0.3163089156150818,opossum,0.3206039071083069,0.2
59310126-23d2-11e8-a6a3-ec086b02610b.jpg,data/cropped/coyote/59310126-23d2-11e8-a6a3-ec086b02610b_crop0.jpg,0,0.9608897566795349,coyote,0.9986152648925781,0.20000268351916703
59310126-23d2-11e8-a6a3-ec086b02610b.jpg,data/cropped/coyote/59310126-23d2-11e8-a6a3-ec086b02610b_crop1.jpg,1,0.5079947710037231,bobcat,0.5147538185119629,0.20001846892603195
59310150-23d2-11e8-a6a3-ec086b02610b.jpg,data/cropped/raccoon/59310150-23d2-11e8-a6a3-ec086b02610b_crop0.jpg,0,0.8433214426040649,raccoon,0.9760422706604004,0.20000373141289948
5931015f-23d2-11e8-a6a3-ec086b02610b.jpg,data/cropped/raccoon/5931015f-23d2-11e8-a6a3-ec086b02610b_crop0.jpg,0,0.8252131938934326,raccoon,0.9955028891563416,0.2
5931015f-23d2-11e8-a6a3-ec086b02610b.jpg,data/cropped/raccoon/5931015f-23d2-11e8-a6a3-ec086b02610b_crop1.jpg,1,0.5423700213432312,raccoon,0.9797418117523193,0.2
59328a11-23d2-11e8-a6a3-ec086b02610b.jpg,data/cropped/coyote/59328a11-23d2-11e8-a6a3-ec086b02610b_crop0.jpg,0,0.9708632230758667,coyote,0.9633824229240417,0.20000039620122267
59328a27-23d2-11e8-a6a3-ec086b02610b.jpg,data/cropped/bobcat/59328a27-23d2-11e8-a6a3-ec086b02610b_crop0.jpg,0,0.3404267430305481,bobcat,0.9216690063476562,0.20003413551800647
59328a27-23d2-11e8-a6a3-ec086b02610b.jpg,data/cropped/bobcat/59328a27-23d2-11e8-a6a3-ec086b02610b_crop1.jpg,1,0.2548612356185913,bobcat,0.7686938643455505,0.20005077430820006
59328ae4-23d2-11e8-a6a3-ec086b02610b.jpg,data/cropped/coyote/59328ae4-23d2-11e8-a6a3-ec086b02610b_crop0.jpg,0,0.9321895837783813,coyote,0.9999555349349976,0.20000480069129956
59328b66-23d2-11e8-a6a3-ec086b02610b.jpg,data/cropped/opossum/59328b66-23d2-11e8-a6a3-ec086b02610b_crop0.jpg,0,0.867033064365387,opossum,0.9999984502792358,0.2
59328bac-23d2-11e8-a6a3-ec086b02610b.jpg,data/cropped/coyote/59328bac-23d2-11e8-a6a3-ec086b02610b_crop0.jpg,0,0.9550380110740662,coyote,0.9998645782470703,0.2
59328bec-23d2-11e8-a6a3-ec086b02610b.jpg,data/cropped/raccoon/59328bec-23d2-11e8-a6a3-ec086b02610b_crop0.jpg,0,0.839743435382843,raccoon,0.9976847171783447,0.2
59328c7f-23d2-11e8-a6a3-ec086b02610b.jpg,data/cropped/deer/59328c7f-23d2-11e8-a6a3-ec086b02610b_crop0.jpg,0,0.9655291438102722,deer,0.998059093952179,0.2000015167717031
59328c7f-23d2-11e8-a6a3-ec086b02610b.jpg,data/cropped/deer/59328c7f-23d2-11e8-a6a3-ec086b02610b_crop1.jpg,1,0.8822165131568909,deer,0.9410072565078735,0.2
59328d62-23d2-11e8-a6a3-ec086b02610b.jpg,data/cropped/raccoon/59328d62-23d2-11e8-a6a3-ec086b02610b_crop0.jpg,0,0.8992058634757996,raccoon,0.9901048541069031,0.2
59341856-23d2-11e8-a6a3-ec086b02610b.jpg,data/cropped/opossum/59341856-23d2-11e8-a6a3-ec086b02610b_crop0.jpg,0,0.8572148084640503,opossum,0.9999843835830688,0.20000292209689674
59341856-23d2-11e8-a6a3-ec086b02610b.jpg,data/cropped/opossum/59341856-23d2-11e8-a6a3-ec086b02610b_crop1.jpg,1,0.6547726392745972,opossum,0.9445105195045471,0.2
593418a8-23d2-11e8-a6a3-ec086b02610b.jpg,data/cropped/deer/593418a8-23d2-11e8-a6a3-ec086b02610b_crop0.jpg,0,0.9733425974845886,deer,0.9999465942382812,0.2000012742587
593418ca-23d2-11e8-a6a3-ec086b02610b.jpg,data/cropped/bobcat/593418ca-23d2-11e8-a6a3-ec086b02610b_crop0.jpg,0,0.946092426776886,bobcat,0.9952369928359985,0.20000148921436497
59341955-23d2-11e8-a6a3-ec086b02610b.jpg,data/cropped/bobcat/59341955-23d2-11e8-a6a3-ec086b02610b_crop0.jpg,0,0.6862685084342957,bobcat,0.9998865127563477,0.20000026821012654
5934195b-23d2-11e8-a6a3-ec086b02610b.jpg,data/cropped/coyote/5934195b-23d2-11e8-a6a3-ec086b02610b_crop0.jpg,0,0.943325936794281,coyote,0.9999606609344482,0.20000237814956182
5934196d-23d2-11e8-a6a3-ec086b02610b.jpg,data/cropped/opossum/5934196d-23d2-11e8-a6a3-ec086b02610b_crop0.jpg,0,0.7162701487541199,opossum,0.9713603854179382,0.2
593419b3-23d2-11e8-a6a3-ec086b02610b.jpg,data/cropped/opossum/593419b3-23d2-11e8-a6a3-ec086b02610b_crop0.jpg,0,0.25460460782051086,opossum,0.26150134205818176,0.20004189359028068
59341a15-23d2-11e8-a6a3-ec086b02610b.jpg,data/cropped/bobcat/59341a15-23d2-11e8-a6a3-ec086b02610b_crop0.jpg,0,0.7259811162948608,bobcat,0.9399601817131042,0.20001335351197366
59341a40-23d2-11e8-a6a3-ec086b02610b.jpg,data/cropped/raccoon/59341a40-23d2-11e8-a6a3-ec086b02610b_crop0.jpg,0,0.839501678943634,raccoon,0.9941967725753784,0.2000061061244428
59341a40-23d2-11e8-a6a3-ec086b02610b.jpg,data/cropped/raccoon/59341a40-23d2-11e8-a6a3-ec086b02610b_crop1.jpg,1,0.20626792311668396,raccoon,0.7500677108764648,0.20004861448711717
59341a4e-23d2-11e8-a6a3-ec086b02610b.jpg,data/cropped/deer/59341a4e-23d2-11e8-a6a3-ec086b02610b_crop0.jpg,0,0.7176907062530518,deer,0.8684315085411072,0.20000067184209022
59341a54-23d2-11e8-a6a3-ec086b02610b.jpg,data/cropped/mountain_lion/59341a54-23d2-11e8-a6a3-ec086b02610b_crop0.jpg,0,0.7811122536659241,mountain_lion,0.9996076226234436,0.2000011389586501
59341a63-23d2-11e8-a6a3-ec086b02610b.jpg,data/cropped/bobcat/59341a63-23d2-11e8-a6a3-ec086b02610b_crop0.jpg,0,0.9281171560287476,bobcat,0.9985285997390747,0.20000139495305982
59341b1c-23d2-11e8-a6a3-ec086b02610b.jpg,data/cropped/raccoon/59341b1c-23d2-11e8-a6a3-ec086b02610b_crop0.jpg,0,0.85235595703125,raccoon,0.8986738324165344,0.2
59341b1c-23d2-11e8-a6a3-ec086b02610b.jpg,data/cropped/raccoon/59341b1c-23d2-11e8-a6a3-ec086b02610b_crop1.jpg,1,0.20559467375278473,raccoon,0.8690720200538635,0.20001821383036852
59341b6f-23d2-11e8-a6a3-ec086b02610b.jpg,data/cropped/opossum/59341b6f-23d2-11e8-a6a3-ec086b02610b_crop0.jpg,0,0.644632875919342,opossum,0.9999936819076538,0.2
59341b88-23d2-11e8-a6a3-ec086b02610b.jpg,data/cropped/coyote/59341b88-23d2-11e8-a6a3-ec086b02610b_crop0.jpg,0,0.9667170643806458,coyote,0.9999812841415405,0.2000019684748749
59341be6-23d2-11e8-a6a3-ec086b02610b.jpg,data/cropped/coyote/59341be6-23d2-11e8-a6a3-ec086b02610b_crop0.jpg,0,0.4517199695110321,coyote,0.9999688863754272,0.2
5935a5b1-23d2-11e8-a6a3-ec086b02610b.jpg,data/cropped/coyote/5935a5b1-23d2-11e8-a6a3-ec086b02610b_crop0.jpg,0,0.9579557776451111,coyote,0.9998449087142944,0.2000040019476145
5935a6b2-23d2-11e8-a6a3-ec086b02610b.jpg,data/cropped/deer/5935a6b2-23d2-11e8-a6a3-ec086b02610b_crop0.jpg,0,0.9162388443946838,deer,0.9999446868896484,0.20000388885648177
5935a6b2-23d2-11e8-a6a3-ec086b02610b.jpg,data/cropped/deer/5935a6b2-23d2-11e8-a6a3-ec086b02610b_crop1.jpg,1,0.6232475638389587,deer,0.7816168069839478,0.2
5935a702-23d2-11e8-a6a3-ec086b02610b.jpg,data/cropped/opossum/5935a702-23d2-11e8-a6a3-ec086b02610b_crop0.jpg,0,0.8034030199050903,opossum,0.9999992847442627,0.2
5935a73e-23d2-11e8-a6a3-ec086b02610b.jpg,data/cropped/opossum/5935a73e-23d2-11e8-a6a3-ec086b02610b_crop0.jpg,0,0.8640502691268921,opossum,0.9999375343322754,0.20000285290425654
5935a74f-23d2-11e8-a6a3-ec086b02610b.jpg,data/cropped/bobcat/5935a74f-23d2-11e8-a6a3-ec086b02610b_crop0.jpg,0,0.9466146230697632,bobcat,0.999204695224762,0.2
5935a779-23d2-11e8-a6a3-ec086b02610b.jpg,data/cropped/coyote/5935a779-23d2-11e8-a6a3-ec086b02610b_crop0.jpg,0,0.9006097316741943,coyote,0.9952482581138611,0.2
5935a7b9-23d2-11e8-a6a3-ec086b02610b.jpg,data/cropped/coyote/5935a7b9-23d2-11e8-a6a3-ec086b02610b_crop0.jpg,0,0.9550447463989258,coyote,0.9999649524688721,0.20000190450797037
5935a7b9-23d2-11e8-a6a3-ec086b02610b.jpg,data/cropped/coyote/5935a7b9-23d2-11e8-a6a3-ec086b02610b_crop1.jpg,1,0.24246050417423248,deer,0.9998669624328613,0.20000023892036664
5935a7c4-23d2-11e8-a6a3-ec086b02610b.jpg,data/cropped/coyote/5935a7c4-23d2-11e8-a6a3-ec086b02610b_crop0.jpg,0,0.9480109810829163,coyote,0.9999988079071045,0.20000077438639557
5935a801-23d2-11e8-a6a3-ec086b02610b.jpg,data/cropped/raccoon/5935a801-23d2-11e8-a6a3-ec086b02610b_crop0.jpg,0,0.9367299675941467,raccoon,0.9964801669120789,0.2000019769227221
5935a80c-23d2-11e8-a6a3-ec086b02610b.jpg,data/cropped/opossum/5935a80c-23d2-11e8-a6a3-ec086b02610b_crop0.jpg,0,0.8669909238815308,opossum,0.9999655485153198,0.20000351407386582
5935a818-23d2-11e8-a6a3-ec086b02610b.jpg,data/cropped/opossum/5935a818-23d2-11e8-a6a3-ec086b02610b_crop0.jpg,0,0.8662694096565247,opossum,0.991533100605011,0.2
5935a81d-23d2-11e8-a6a3-ec086b02610b.jpg,data/cropped/opossum/5935a81d-23d2-11e8-a6a3-ec086b02610b_crop0.jpg,0,0.7279244661331177,opossum,0.997681736946106,0.20000433990105027
5935a81d-23d2-11e8-a6a3-ec086b02610b.jpg,data/cropped/opossum/5935a81d-23d2-11e8-a6a3-ec086b02610b_crop1.jpg,1,0.2949332594871521,opossum,0.8203318119049072,0.2000014127137171
5935a887-23d2-11e8-a6a3-ec086b02610b.jpg,data/cropped/raccoon/5935a887-23d2-11e8-a6a3-ec086b02610b_crop0.jpg,0,0.7224761843681335,raccoon,0.9901508092880249,0.2000058489793531
5935a8da-23d2-11e8-a6a3-ec086b02610b.jpg,data/cropped/mountain_lion/5935a8da-23d2-11e8-a6a3-ec086b02610b_crop0.jpg,0,0.4267594516277313,mountain_lion,0.8184085488319397,0.2000021390603108
5935a8da-23d2-11e8-a6a3-ec086b02610b.jpg,data/cropped/mountain_lion/5935a8da-23d2-11e8-a6a3-ec086b02610b_crop1.jpg,1,0.40018415451049805,opossum,0.3003762364387512,0.2000247045744637
5935a8da-23d2-11e8-a6a3-ec086b02610b.jpg,data/cropped/mountain_lion/5935a8da-23d2-11e8-a6a3-ec086b02610b_crop2.jpg,2,0.320025771856308,mountain_lion,0.8669881224632263,0.20001453065969196
5935a909-23d2-11e8-a6a3-ec086b02610b.jpg,data/cropped/bobcat/5935a909-23d2-11e8-a6a3-ec086b02610b_crop0.jpg,0,0.9112012386322021,bobcat,0.9997988343238831,0.2000022465851905
5935a920-23d2-11e8-a6a3-ec086b02610b.jpg,data/cropped/coyote/5935a920-23d2-11e8-a6a3-ec086b02610b_crop0.jpg,0,0.9754939675331116,coyote,0.9999779462814331,0.2001035944121802
5935a935-23d2-11e8-a6a3-ec086b02610b.jpg,data/cropped/coyote/5935a935-23d2-11e8-a6a3-ec086b02610b_crop0.jpg,0,0.928412914276123,coyote,0.9999345541000366,0.2000037436358191
5935a94d-23d2-11e8-a6a3-ec086b02610b.jpg,data/cropped/bobcat/5935a94d-23d2-11e8-a6a3-ec086b02610b_crop0.jpg,0,0.889552116394043,bobcat,0.9975579977035522,0.20000309028260635
593732d5-23d2-11e8-a6a3-ec086b02610b.jpg,data/cropped/opossum/593732d5-23d2-11e8-a6a3-ec086b02610b_crop0.jpg,0,0.5320134162902832,opossum,0.9999576807022095,0.20001960656166265
593732d5-23d2-11e8-a6a3-ec086b02610b.jpg,data/cropped/opossum/593732d5-23d2-11e8-a6a3-ec086b02610b_crop1.jpg,1,0.40509599447250366,opossum,0.9999854564666748,0.2
59373363-23d2-11e8-a6a3-ec086b02610b.jpg,data/cropped/opossum/59373363-23d2-11e8-a6a3-ec086b02610b_crop0.jpg,0,0.8345694541931152,opossum,0.9999619722366333,0.2000203998368013
593733f2-23d2-11e8-a6a3-ec086b02610b.jpg,data/cropped/opossum/593733f2-23d2-11e8-a6a3-ec086b02610b_crop0.jpg,0,0.8611131906509399,opossum,0.9999667406082153,0.20000413958686922
593734a3-23d2-11e8-a6a3-ec086b02610b.jpg,data/cropped/bobcat/593734a3-23d2-11e8-a6a3-ec086b02610b_crop0.jpg,0,0.9627600312232971,bobcat,0.9994555115699768,0.2000004929702443
593734e4-23d2-11e8-a6a3-ec086b02610b.jpg,data/cropped/opossum/593734e4-23d2-11e8-a6a3-ec086b02610b_crop0.jpg,0,0.8147017955780029,opossum,0.999419093132019,0.2000120031208114
59373501-23d2-11e8-a6a3-ec086b02610b.jpg,data/cropped/coyote/59373501-23d2-11e8-a6a3-ec086b02610b_crop0.jpg,0,0.9420590400695801,coyote,0.8775098323822021,0.20000175247975885
59373501-23d2-11e8-a6a3-ec086b02610b.jpg,data/cropped/coyote/59373501-23d2-11e8-a6a3-ec086b02610b_crop1.jpg,1,0.26898548007011414,bobcat,0.6289049983024597,0.20002646727982532
593735d0-23d2-11e8-a6a3-ec086b02610b.jpg,data/cropped/raccoon/593735d0-23d2-11e8-a6a3-ec086b02610b_crop0.jpg,0,0.868401288986206,raccoon,0.9944297671318054,0.20004990504179548
593735d0-23d2-11e8-a6a3-ec086b02610b.jpg,data/cropped/raccoon/593735d0-23d2-11e8-a6a3-ec086b02610b_crop1.jpg,1,0.5110445022583008,opossum,0.9197334051132202,0.20000146419315637
59373616-23d2-11e8-a6a3-ec086b02610b.jpg,data/cropped/opossum/59373616-23d2-11e8-a6a3-ec086b02610b_crop0.jpg,0,0.4922950267791748,opossum,0.833440363407135,0.20000140549125434
5938c0b8-23d2-11e8-a6a3-ec086b02610b.jpg,data/cropped/opossum/5938c0b8-23d2-11e8-a6a3-ec086b02610b_crop0.jpg,0,0.8605536222457886,opossum,0.9999874830245972,0.20022753128555176
5938c0cb-23d2-11e8-a6a3-ec086b02610b.jpg,data/cropped/coyote/5938c0cb-23d2-11e8-a6a3-ec086b02610b_crop0.jpg,0,0.8910503387451172,coyote,0.9999345541000366,0.20000935278713056
5938c1b8-23d2-11e8-a6a3-ec086b02610b.jpg,data/cropped/opossum/5938c1b8-23d2-11e8-a6a3-ec086b02610b_crop0.jpg,0,0.5168118476867676,raccoon,0.27408072352409363,0.2
5938c1b8-23d2-11e8-a6a3-ec086b02610b.jpg,data/cropped/opossum/5938c1b8-23d2-11e8-a6a3-ec086b02610b_crop1.jpg,1,0.28388258814811707,opossum,0.8336576223373413,0.20000686012211016
5938c1d2-23d2-11e8-a6a3-ec086b02610b.jpg,data/cropped/bobcat/5938c1d2-23d2-11e8-a6a3-ec086b02610b_crop0.jpg,0,0.9033215641975403,bobcat,0.9888142943382263,0.2
5938c203-23d2-11e8-a6a3-ec086b02610b.jpg,data/cropped/mountain_lion/5938c203-23d2-11e8-a6a3-ec086b02610b_crop0.jpg,0,0.8242720365524292,mountain_lion,0.9987252354621887,0.20000101152122676
5938c203-23d2-11e8-a6a3-ec086b02610b.jpg,data/cropped/mountain_lion/5938c203-23d2-11e8-a6a3-ec086b02610b_crop1.jpg,1,0.5231645107269287,mountain_lion,0.973404049873352,0.2000009537081963
5938c235-23d2-11e8-a6a3-ec086b02610b.jpg,data/cropped/opossum/5938c235-23d2-11e8-a6a3-ec086b02610b_crop0.jpg,0,0.762540876865387,opossum,0.9999963045120239,0.20002767591503495
5938c23c-23d2-11e8-a6a3-ec086b02610b.jpg,data/cropped/coyote/5938c23c-23d2-11e8-a6a3-ec086b02610b_crop0.jpg,0,0.9591310620307922,coyote,0.9996227025985718,0.20013492545368683
5938c28d-23d2-11e8-a6a3-ec086b02610b.jpg,data/cropped/coyote/5938c28d-23d2-11e8-a6a3-ec086b02610b_crop0.jpg,0,0.7093314528465271,opossum,0.4593493342399597,0.20000821726447265
5938c28d-23d2-11e8-a6a3-ec086b02610b.jpg,data/cropped/coyote/5938c28d-23d2-11e8-a6a3-ec086b02610b_crop1.jpg,1,0.6529527306556702,bobcat,0.7650768160820007,0.20001732501732503
5938c28d-23d2-11e8-a6a3-ec086b02610b.jpg,data/cropped/coyote/5938c28d-23d2-11e8-a6a3-ec086b02610b_crop2.jpg,2,0.37850555777549744,bobcat,0.9322153925895691,0.20005295908910367
5938c2b2-23d2-11e8-a6a3-ec086b02610b.jpg,data/cropped/raccoon/5938c2b2-23d2-11e8-a6a3-ec086b02610b_crop0.jpg,0,0.8830406665802002,raccoon,0.9958368539810181,0.2
5938c2e9-23d2-11e8-a6a3-ec086b02610b.jpg,data/cropped/coyote/5938c2e9-23d2-11e8-a6a3-ec086b02610b_crop0.jpg,0,0.8997399210929871,coyote,0.9998956918716431,0.20000243712224605
5938c322-23d2-11e8-a6a3-ec086b02610b.jpg,data/cropped/coyote/5938c322-23d2-11e8-a6a3-ec086b02610b_crop0.jpg,0,0.9304989576339722,coyote,0.9998812675476074,0.2000025951613217
5938c324-23d2-11e8-a6a3-ec086b02610b.jpg,data/cropped/coyote/5938c324-23d2-11e8-a6a3-ec086b02610b_crop0.jpg,0,0.9487963318824768,coyote,0.9999921321868896,0.20000661424874536
5938c373-23d2-11e8-a6a3-ec086b02610b.jpg,data/cropped/deer/5938c373-23d2-11e8-a6a3-ec086b02610b_crop0.jpg,0,0.9571008682250977,deer,0.9999772310256958,0.2000012993425327
5938c3d5-23d2-11e8-a6a3-ec086b02610b.jpg,data/cropped/mountain_lion/5938c3d5-23d2-11e8-a6a3-ec086b02610b_crop0.jpg,0,0.9305741786956787,mountain_lion,0.9918238520622253,0.20000158423370615
5938c3d5-23d2-11e8-a6a3-ec086b02610b.jpg,data/cropped/mountain_lion/5938c3d5-23d2-11e8-a6a3-ec086b02610b_crop1.jpg,1,0.2241385132074356,mountain_lion,0.7997333407402039,0.2000035023816195
593a4d25-23d2-11e8-a6a3-ec086b02610b.jpg,data/cropped/deer/593a4d25-23d2-11e8-a6a3-ec086b02610b_crop0.jpg,0,0.6882652640342712,deer,0.9982731342315674,0.2
593a4d25-23d2-11e8-a6a3-ec086b02610b.jpg,data/cropped/deer/593a4d25-23d2-11e8-a6a3-ec086b02610b_crop1.jpg,1,0.621525764465332,deer,0.9992192983627319,0.2
593a4d8c-23d2-11e8-a6a3-ec086b02610b.jpg,data/cropped/opossum/593a4d8c-23d2-11e8-a6a3-ec086b02610b_crop0.jpg,0,0.8004192113876343,raccoon,0.3451552093029022,0.20003962488442742
593a4dbe-23d2-11e8-a6a3-ec086b02610b.jpg,data/cropped/opossum/593a4dbe-23d2-11e8-a6a3-ec086b02610b_crop0.jpg,0,0.864108145236969,opossum,0.9999990463256836,0.2
593a4dbe-23d2-11e8-a6a3-ec086b02610b.jpg,data/cropped/opossum/593a4dbe-23d2-11e8-a6a3-ec086b02610b_crop1.jpg,1,0.21759839355945587,opossum,0.31193435192108154,0.2
593a4dc4-23d2-11e8-a6a3-ec086b02610b.jpg,data/cropped/mountain_lion/593a4dc4-23d2-11e8-a6a3-ec086b02610b_crop0.jpg,0,0.9276341795921326,mountain_lion,0.9999932050704956,0.20000142103234447
593a4dc4-23d2-11e8-a6a3-ec086b02610b.jpg,data/cropped/mountain_lion/593a4dc4-23d2-11e8-a6a3-ec086b02610b_crop1.jpg,1,0.4350697994232178,mountain_lion,0.9822383522987366,0.20000495000495
593a4e93-23d2-11e8-a6a3-ec086b02610b.jpg,data/cropped/coyote/593a4e93-23d2-11e8-a6a3-ec086b02610b_crop0.jpg,0,0.9424577355384827,coyote,0.9999146461486816,0.20000634286348573
593a4f0f-23d2-11e8-a6a3-ec086b02610b.jpg,data/cropped/raccoon/593a4f0f-23d2-11e8-a6a3-ec086b02610b_crop0.jpg,0,0.7414780259132385,raccoon,0.998028576374054,0.20014956231029782
593a4f1a-23d2-11e8-a6a3-ec086b02610b.jpg,data/cropped/opossum/593a4f1a-23d2-11e8-a6a3-ec086b02610b_crop0.jpg,0,0.7420509457588196,opossum,0.9997789263725281,0.20001438434982738
593a4f1a-23d2-11e8-a6a3-ec086b02610b.jpg,data/cropped/opossum/593a4f1a-23d2-11e8-a6a3-ec086b02610b_crop1.jpg,1,0.34178048372268677,opossum,0.9885629415512085,0.20002637130801687
593a4f4a-23d2-11e8-a6a3-ec086b02610b.jpg,data/cropped/mountain_lion/593a4f4a-23d2-11e8-a6a3-ec086b02610b_crop0.jpg,0,0.6393994688987732,mountain_lion,0.9999607801437378,0.2
593a4f4a-23d2-11e8-a6a3-ec086b02610b.jpg,data/cropped/mountain_lion/593a4f4a-23d2-11e8-a6a3-ec086b02610b_crop1.jpg,1,0.46900674700737,mountain_lion,0.9999667406082153,0.2
593a4f6a-23d2-11e8-a6a3-ec086b02610b.jpg,data/cropped/bobcat/593a4f6a-23d2-11e8-a6a3-ec086b02610b_crop0.jpg,0,0.56259685754776,bobcat,0.9772367477416992,0.20001431741713796
593a4ff6-23d2-11e8-a6a3-ec086b02610b.jpg,data/cropped/coyote/593a4ff6-23d2-11e8-a6a3-ec086b02610b_crop0.jpg,0,0.8760440349578857,opossum,0.638333797454834,0.2
593a4ff6-23d2-11e8-a6a3-ec086b02610b.jpg,data/cropped/coyote/593a4ff6-23d2-11e8-a6a3-ec086b02610b_crop1.jpg,1,0.842347264289856,coyote,0.9972261786460876,0.20000453370811988
593a4ff6-23d2-11e8-a6a3-ec086b02610b.jpg,data/cropped/coyote/593a4ff6-23d2-11e8-a6a3-ec086b02610b_crop2.jpg,2,0.5815550088882446,coyote,0.9861743450164795,0.2
593bdabb-23d2-11e8-a6a3-ec086b02610b.jpg,data/cropped/coyote/593bdabb-23d2-11e8-a6a3-ec086b02610b_crop0.jpg,0,0.7591601014137268,coyote,0.9984840750694275,0.2000002854394483
593bdabb-23d2-11e8-a6a3-ec086b02610b.jpg,data/cropped/coyote/593bdabb-23d2-11e8-a6a3-ec086b02610b_crop1.jpg,1,0.3358975648880005,coyote,0.963722288608551,0.2
593bdb00-23d2-11e8-a6a3-ec086b02610b.jpg,data/cropped/opossum/593bdb00-23d2-11e8-a6a3-ec086b02610b_crop0.jpg,0,0.6751839518547058,raccoon,0.4056859612464905,0.20001829156758735
593bdb00-23d2-11e8-a6a3-ec086b02610b.jpg,data/cropped/opossum/593bdb00-23d2-11e8-a6a3-ec086b02610b_crop1.jpg,1,0.5024579763412476,opossum,0.9988083839416504,0.2
593bdb1c-23d2-11e8-a6a3-ec086b02610b.jpg,data/cropped/coyote/593bdb1c-23d2-11e8-a6a3-ec086b02610b_crop0.jpg,0,0.9471901059150696,coyote,0.9999626874923706,0.2
593bdb7f-23d2-11e8-a6a3-ec086b02610b.jpg,data/cropped/raccoon/593bdb7f-23d2-11e8-a6a3-ec086b02610b_crop0.jpg,0,0.5458893775939941,raccoon,0.9779564142227173,0.2
593bdc2f-23d2-11e8-a6a3-ec086b02610b.jpg,data/cropped/mountain_lion/593bdc2f-23d2-11e8-a6a3-ec086b02610b_crop0.jpg,0,0.22950968146324158,mountain_lion,0.5349096059799194,0.2
593bdc86-23d2-11e8-a6a3-ec086b02610b.jpg,data/cropped/coyote/593bdc86-23d2-11e8-a6a3-ec086b02610b_crop0.jpg,0,0.7583669424057007,coyote,0.9735032320022583,0.20000500544341973
593bdc86-23d2-11e8-a6a3-ec086b02610b.jpg,data/cropped/coyote/593bdc86-23d2-11e8-a6a3-ec086b02610b_crop1.jpg,1,0.28507691621780396,coyote,0.9497238993644714,0.20000058089325892
593bdce3-23d2-11e8-a6a3-ec086b02610b.jpg,data/cropped/opossum/593bdce3-23d2-11e8-a6a3-ec086b02610b_crop0.jpg,0,0.8388235569000244,opossum,0.999750554561615,0.2
593bdce6-23d2-11e8-a6a3-ec086b02610b.jpg,data/cropped/coyote/593bdce6-23d2-11e8-a6a3-ec086b02610b_crop0.jpg,0,0.945045530796051,coyote,0.9998843669891357,0.2000061469426644
593bdd0e-23d2-11e8-a6a3-ec086b02610b.jpg,data/cropped/coyote/593bdd0e-23d2-11e8-a6a3-ec086b02610b_crop0.jpg,0,0.9578577876091003,coyote,0.9997794032096863,0.20000187808416633
593bdde2-23d2-11e8-a6a3-ec086b02610b.jpg,data/cropped/deer/593bdde2-23d2-11e8-a6a3-ec086b02610b_crop0.jpg,0,0.9667822122573853,deer,0.9977025389671326,0.2
593bddfc-23d2-11e8-a6a3-ec086b02610b.jpg,data/cropped/mountain_lion/593bddfc-23d2-11e8-a6a3-ec086b02610b_crop0.jpg,0,0.5957984328269958,mountain_lion,0.9965589642524719,0.2
593bddfc-23d2-11e8-a6a3-ec086b02610b.jpg,data/cropped/mountain_lion/593bddfc-23d2-11e8-a6a3-ec086b02610b_crop1.jpg,1,0.5132083892822266,mountain_lion,0.9997554421424866,0.2000008820131067
593bde21-23d2-11e8-a6a3-ec086b02610b.jpg,data/cropped/coyote/593bde21-23d2-11e8-a6a3-ec086b02610b_crop0.jpg,0,0.9022964835166931,coyote,0.9991154074668884,0.2002403166525304
593bde34-23d2-11e8-a6a3-ec086b02610b.jpg,data/cropped/coyote/593bde34-23d2-11e8-a6a3-ec086b02610b_crop0.jpg,0,0.9586375951766968,coyote,0.9999492168426514,0.20000596409614124
593d6772-23d2-11e8-a6a3-ec086b02610b.jpg,data/cropped/raccoon/593d6772-23d2-11e8-a6a3-ec086b02610b_crop0.jpg,0,0.8761821985244751,raccoon,0.9980509281158447,0.20001587427573617
593d6791-23d2-11e8-a6a3-ec086b02610b.jpg,data/cropped/coyote/593d6791-23d2-11e8-a6a3-ec086b02610b_crop0.jpg,0,0.6275861859321594,bobcat,0.5174379944801331,0.200021014289717
593d67a3-23d2-11e8-a6a3-ec086b02610b.jpg,data/cropped/coyote/593d67a3-23d2-11e8-a6a3-ec086b02610b_crop0.jpg,0,0.9697623252868652,coyote,0.9999439716339111,0.2
593d67a3-23d2-11e8-a6a3-ec086b02610b.jpg,data/cropped/coyote/593d67a3-23d2-11e8-a6a3-ec086b02610b_crop1.jpg,1,0.9367417693138123,coyote,0.9999715089797974,0.2
593d685f-23d2-11e8-a6a3-ec086b02610b.jpg,data/cropped/bobcat/593d685f-23d2-11e8-a6a3-ec086b02610b_crop0.jpg,0,0.5837549567222595,bobcat,0.9998400211334229,0.20000220529859744
593d685f-23d2-11e8-a6a3-ec086b02610b.jpg,data/cropped/bobcat/593d685f-23d2-11e8-a6a3-ec086b02610b_crop1.jpg,1,0.4758370816707611,bobcat,0.9994639754295349,0.20001073018938784
593d6864-23d2-11e8-a6a3-ec086b02610b.jpg,data/cropped/bobcat/593d6864-23d2-11e8-a6a3-ec086b02610b_crop0.jpg,0,0.9055760502815247,bobcat,0.998528003692627,0.20000029931203128
593d6892-23d2-11e8-a6a3-ec086b02610b.jpg,data/cropped/opossum/593d6892-23d2-11e8-a6a3-ec086b02610b_crop0.jpg,0,0.6549569964408875,opossum,0.9999876022338867,0.20004238186056367
593d68a7-23d2-11e8-a6a3-ec086b02610b.jpg,data/cropped/coyote/593d68a7-23d2-11e8-a6a3-ec086b02610b_crop0.jpg,0,0.9208331108093262,coyote,0.9998705387115479,0.20000274258131753
593d68c6-23d2-11e8-a6a3-ec086b02610b.jpg,data/cropped/bobcat/593d68c6-23d2-11e8-a6a3-ec086b02610b_crop0.jpg,0,0.778062105178833,bobcat,0.5996191501617432,0.20000874546329092
593d68c6-23d2-11e8-a6a3-ec086b02610b.jpg,data/cropped/bobcat/593d68c6-23d2-11e8-a6a3-ec086b02610b_crop1.jpg,1,0.7412098050117493,bobcat,0.9866889119148254,0.20000453885257807
593d68f9-23d2-11e8-a6a3-ec086b02610b.jpg,data/cropped/coyote/593d68f9-23d2-11e8-a6a3-ec086b02610b_crop0.jpg,0,0.8942872881889343,coyote,0.9921643733978271,0.20000221180217642
593d691d-23d2-11e8-a6a3-ec086b02610b.jpg,data/cropped/raccoon/593d691d-23d2-11e8-a6a3-ec086b02610b_crop0.jpg,0,0.6288213133811951,raccoon,0.4630928933620453,0.20001750700280113
593d6937-23d2-11e8-a6a3-ec086b02610b.jpg,data/cropped/opossum/593d6937-23d2-11e8-a6a3-ec086b02610b_crop0.jpg,0,0.6307117938995361,opossum,0.9999258518218994,0.20000349625900288
593d6937-23d2-11e8-a6a3-ec086b02610b.jpg,data/cropped/opossum/593d6937-23d2-11e8-a6a3-ec086b02610b_crop1.jpg,1,0.5206456780433655,opossum,0.5712140798568726,0.20002374169040835
593d6937-23d2-11e8-a6a3-ec086b02610b.jpg,data/cropped/opossum/593d6937-23d2-11e8-a6a3-ec086b02610b_crop2.jpg,2,0.21168124675750732,opossum,0.9971453547477722,0.20000451273720074
593d69b8-23d2-11e8-a6a3-ec086b02610b.jpg,data/cropped/opossum/593d69b8-23d2-11e8-a6a3-ec086b02610b_crop0.jpg,0,0.8538184762001038,opossum,0.999755322933197,0.20001146416493112
593d69e7-23d2-11e8-a6a3-ec086b02610b.jpg,data/cropped/opossum/593d69e7-23d2-11e8-a6a3-ec086b02610b_crop0.jpg,0,0.7914007902145386,opossum,0.9999252557754517,0.2
593d6a93-23d2-11e8-a6a3-ec086b02610b.jpg,data/cropped/deer/593d6a93-23d2-11e8-a6a3-ec086b02610b_crop0.jpg,0,0.9463154077529907,deer,0.9994552731513977,0.20000258167783241
593d6a9e-23d2-11e8-a6a3-ec086b02610b.jpg,data/cropped/deer/593d6a9e-23d2-11e8-a6a3-ec086b02610b_crop0.jpg,0,0.932600200176239,deer,0.9998466968536377,0.20000091994627514
593d6b01-23d2-11e8-a6a3-ec086b02610b.jpg,data/cropped/coyote/593d6b01-23d2-11e8-a6a3-ec086b02610b_crop0.jpg,0,0.9065394997596741,coyote,0.9948531985282898,0.2
593ef484-23d2-11e8-a6a3-ec086b02610b.jpg,data/cropped/deer/593ef484-23d2-11e8-a6a3-ec086b02610b_crop0.jpg,0,0.9348704814910889,deer,0.9942837357521057,0.20000446289106083
593ef4c2-23d2-11e8-a6a3-ec086b02610b.jpg,data/cropped/raccoon/593ef4c2-23d2-11e8-a6a3-ec086b02610b_crop0.jpg,0,0.8731632828712463,raccoon,0.9693806171417236,0.2
593ef4ca-23d2-11e8-a6a3-ec086b02610b.jpg,data/cropped/mountain_lion/593ef4ca-23d2-11e8-a6a3-ec086b02610b_crop0.jpg,0,0.9640711545944214,mountain_lion,0.9995388984680176,0.20000098522167487
593ef4ca-23d2-11e8-a6a3-ec086b02610b.jpg,data/cropped/mountain_lion/593ef4ca-23d2-11e8-a6a3-ec086b02610b_crop1.jpg,1,0.35331523418426514,mountain_lion,0.9993213415145874,0.20000044046654217
593ef4ca-23d2-11e8-a6a3-ec086b02610b.jpg,data/cropped/mountain_lion/593ef4ca-23d2-11e8-a6a3-ec086b02610b_crop2.jpg,2,0.3239021897315979,mountain_lion,0.999613344669342,0.2
593ef559-23d2-11e8-a6a3-ec086b02610b.jpg,data/cropped/opossum/593ef559-23d2-11e8-a6a3-ec086b02610b_crop0.jpg,0,0.27153700590133667,raccoon,0.3897891342639923,0.2
593ef57e-23d2-11e8-a6a3-ec086b02610b.jpg,data/cropped/opossum/593ef57e-23d2-11e8-a6a3-ec086b02610b_crop0.jpg,0,0.8926069140434265,opossum,0.9999254941940308,0.20000315437511829
593ef584-23d2-11e8-a6a3-ec086b02610b.jpg,data/cropped/coyote/593ef584-23d2-11e8-a6a3-ec086b02610b_crop0.jpg,0,0.9112565517425537,coyote,0.9997298121452332,0.2
593ef584-23d2-11e8-a6a3-ec086b02610b.jpg,data/cropped/coyote/593ef584-23d2-11e8-a6a3-ec086b02610b_crop1.jpg,1,0.8810644745826721,coyote,0.9727025032043457,0.20001316020354448
593ef589-23d2-11e8-a6a3-ec086b02610b.jpg,data/cropped/opossum/593ef589-23d2-11e8-a6a3-ec086b02610b_crop0.jpg,0,0.7580342888832092,raccoon,0.7960148453712463,0.2
593ef589-23d2-11e8-a6a3-ec086b02610b.jpg,data/cropped/opossum/593ef589-23d2-11e8-a6a3-ec086b02610b_crop1.jpg,1,0.3449347913265228,raccoon,0.9979203343391418,0.20000637470516988
593ef589-23d2-11e8-a6a3-ec086b02610b.jpg,data/cropped/opossum/593ef589-23d2-11e8-a6a3-ec086b02610b_crop2.jpg,2,0.23079334199428558,raccoon,0.9982662796974182,0.20000555802578923
593ef591-23d2-11e8-a6a3-ec086b02610b.jpg,data/cropped/opossum/593ef591-23d2-11e8-a6a3-ec086b02610b_crop0.jpg,0,0.8143802881240845,opossum,0.9999796152114868,0.20013256006628002
593ef5fa-23d2-11e8-a6a3-ec086b02610b.jpg,data/cropped/deer/593ef5fa-23d2-11e8-a6a3-ec086b02610b_crop0.jpg,0,0.8998026251792908,deer,0.9999792575836182,0.20000192794622315
593ef638-23d2-11e8-a6a3-ec086b02610b.jpg,data/cropped/coyote/593ef638-23d2-11e8-a6a3-ec086b02610b_crop0.jpg,0,0.9212344288825989,coyote,0.999994158744812,0.20000205014658548
593ef659-23d2-11e8-a6a3-ec086b02610b.jpg,data/cropped/coyote/593ef659-23d2-11e8-a6a3-ec086b02610b_crop0.jpg,0,0.5990728139877319,coyote,0.749505877494812,0.20000289565506957
593ef659-23d2-11e8-a6a3-ec086b02610b.jpg,data/cropped/coyote/593ef659-23d2-11e8-a6a3-ec086b02610b_crop1.jpg,1,0.44417014718055725,raccoon,0.31387683749198914,0.2
593ef659-23d2-11e8-a6a3-ec086b02610b.jpg,data/cropped/coyote/593ef659-23d2-11e8-a6a3-ec086b02610b_crop2.jpg,2,0.21462953090667725,coyote,0.6001468896865845,0.2
593ef659-23d2-11e8-a6a3-ec086b02610b.jpg,data/cropped/coyote/593ef659-23d2-11e8-a6a3-ec086b02610b_crop3.jpg,3,0.20490683615207672,coyote,0.4451611042022705,0.20006351222610352
593ef688-23d2-11e8-a6a3-ec086b02610b.jpg,data/cropped/bobcat/593ef688-23d2-11e8-a6a3-ec086b02610b_crop0.jpg,0,0.786542534828186,bobcat,0.9992204904556274,0.20000042910259627
593ef69c-23d2-11e8-a6a3-ec086b02610b.jpg,data/cropped/coyote/593ef69c-23d2-11e8-a6a3-ec086b02610b_crop0.jpg,0,0.9133056998252869,coyote,0.9738801121711731,0.2
593ef703-23d2-11e8-a6a3-ec086b02610b.jpg,data/cropped/raccoon/593ef703-23d2-11e8-a6a3-ec086b02610b_crop0.jpg,0,0.8720275163650513,raccoon,0.9985703229904175,0.2
593ef70b-23d2-11e8-a6a3-ec086b02610b.jpg,data/cropped/coyote/593ef70b-23d2-11e8-a6a3-ec086b02610b_crop0.jpg,0,0.959004819393158,coyote,0.9996347427368164,0.20000114798865212
593ef74e-23d2-11e8-a6a3-ec086b02610b.jpg,data/cropped/bobcat/593ef74e-23d2-11e8-a6a3-ec086b02610b_crop0.jpg,0,0.780182421207428,raccoon,0.5191657543182373,0.2
593ef78d-23d2-11e8-a6a3-ec086b02610b.jpg,data/cropped/opossum/593ef78d-23d2-11e8-a6a3-ec086b02610b_crop0.jpg,0,0.8352607488632202,opossum,0.9999998807907104,0.2000041920811587
593ef798-23d2-11e8-a6a3-ec086b02610b.jpg,data/cropped/opossum/593ef798-23d2-11e8-a6a3-ec086b02610b_crop0.jpg,0,0.44070276618003845,opossum,0.9987358450889587,0.2
593ef825-23d2-11e8-a6a3-ec086b02610b.jpg,data/cropped/opossum/593ef825-23d2-11e8-a6a3-ec086b02610b_crop0.jpg,0,0.8691889047622681,opossum,0.9999803304672241,0.20001172287132196
593ef82f-23d2-11e8-a6a3-ec086b02610b.jpg,data/cropped/coyote/593ef82f-23d2-11e8-a6a3-ec086b02610b_crop0.jpg,0,0.9553451538085938,coyote,0.9999054670333862,0.2
59408175-23d2-11e8-a6a3-ec086b02610b.jpg,data/cropped/coyote/59408175-23d2-11e8-a6a3-ec086b02610b_crop0.jpg,0,0.9635684490203857,coyote,0.9999649524688721,0.20000366184117374
594081de-23d2-11e8-a6a3-ec086b02610b.jpg,data/cropped/deer/594081de-23d2-11e8-a6a3-ec086b02610b_crop0.jpg,0,0.4404177963733673,deer,0.9978256821632385,0.2000007077875505
594081de-23d2-11e8-a6a3-ec086b02610b.jpg,data/cropped/deer/594081de-23d2-11e8-a6a3-ec086b02610b_crop1.jpg,1,0.2795158326625824,deer,0.9995625615119934,0.20000069904650059
594081fe-23d2-11e8-a6a3-ec086b02610b.jpg,data/cropped/raccoon/594081fe-23d2-11e8-a6a3-ec086b02610b_crop0.jpg,0,0.6520297527313232,raccoon,0.999596893787384,0.2
594081fe-23d2-11e8-a6a3-ec086b02610b.jpg,data/cropped/raccoon/594081fe-23d2-11e8-a6a3-ec086b02610b_crop1.jpg,1,0.5798636674880981,raccoon,0.9590995907783508,0.2000343997248022
594081fe-23d2-11e8-a6a3-ec086b02610b.jpg,data/cropped/raccoon/594081fe-23d2-11e8-a6a3-ec086b02610b_crop2.jpg,2,0.23561975359916687,raccoon,0.7964098453521729,0.2000306091215182
59408288-23d2-11e8-a6a3-ec086b02610b.jpg,data/cropped/deer/59408288-23d2-11e8-a6a3-ec086b02610b_crop0.jpg,0,0.9672210812568665,deer,0.9985264539718628,0.20000092950912624
59408334-23d2-11e8-a6a3-ec086b02610b.jpg,data/cropped/coyote/59408334-23d2-11e8-a6a3-ec086b02610b_crop0.jpg,0,0.9263678193092346,coyote,0.9995635151863098,0.2
594083a9-23d2-11e8-a6a3-ec086b02610b.jpg,data/cropped/raccoon/594083a9-23d2-11e8-a6a3-ec086b02610b_crop0.jpg,0,0.8624147176742554,raccoon,0.9965140223503113,0.20001410412369316
594083a9-23d2-11e8-a6a3-ec086b02610b.jpg,data/cropped/raccoon/594083a9-23d2-11e8-a6a3-ec086b02610b_crop1.jpg,1,0.8085688948631287,raccoon,0.9842425584793091,0.2000086565096953
594083be-23d2-11e8-a6a3-ec086b02610b.jpg,data/cropped/opossum/594083be-23d2-11e8-a6a3-ec086b02610b_crop0.jpg,0,0.34870535135269165,bobcat,0.4181073009967804,0.2000100718458336
594083be-23d2-11e8-a6a3-ec086b02610b.jpg,data/cropped/opossum/594083be-23d2-11e8-a6a3-ec086b02610b_crop1.jpg,1,0.3128940463066101,bobcat,0.5400275588035583,0.2
594083be-23d2-11e8-a6a3-ec086b02610b.jpg,data/cropped/opossum/594083be-23d2-11e8-a6a3-ec086b02610b_crop2.jpg,2,0.2541389465332031,opossum,0.8647853136062622,0.2
594083f6-23d2-11e8-a6a3-ec086b02610b.jpg,data/cropped/bobcat/594083f6-23d2-11e8-a6a3-ec086b02610b_crop0.jpg,0,0.9563755393028259,bobcat,0.9999321699142456,0.20000248805732485
5940840e-23d2-11e8-a6a3-ec086b02610b.jpg,data/cropped/bobcat/5940840e-23d2-11e8-a6a3-ec086b02610b_crop0.jpg,0,0.9661105275154114,bobcat,0.9068188071250916,0.20000060272915762
59408460-23d2-11e8-a6a3-ec086b02610b.jpg,data/cropped/coyote/59408460-23d2-11e8-a6a3-ec086b02610b_crop0.jpg,0,0.8308144211769104,coyote,0.7726134657859802,0.2
59408464-23d2-11e8-a6a3-ec086b02610b.jpg,data/cropped/coyote/59408464-23d2-11e8-a6a3-ec086b02610b_crop0.jpg,0,0.9677754640579224,coyote,0.9999828338623047,0.20013777267508612
594084be-23d2-11e8-a6a3-ec086b02610b.jpg,data/cropped/opossum/594084be-23d2-11e8-a6a3-ec086b02610b_crop0.jpg,0,0.370358943939209,opossum,0.999745786190033,0.2
594084be-23d2-11e8-a6a3-ec086b02610b.jpg,data/cropped/opossum/594084be-23d2-11e8-a6a3-ec086b02610b_crop1.jpg,1,0.27536827325820923,opossum,0.9996966123580933,0.2000058438522674
5940854b-23d2-11e8-a6a3-ec086b02610b.jpg,data/cropped/coyote/5940854b-23d2-11e8-a6a3-ec086b02610b_crop0.jpg,0,0.8544734716415405,coyote,0.9999778270721436,0.20000077660654006
59420ef8-23d2-11e8-a6a3-ec086b02610b.jpg,data/cropped/opossum/59420ef8-23d2-11e8-a6a3-ec086b02610b_crop0.jpg,0,0.7718061804771423,bobcat,0.46281516551971436,0.20008273579702152
59420ef8-23d2-11e8-a6a3-ec086b02610b.jpg,data/cropped/opossum/59420ef8-23d2-11e8-a6a3-ec086b02610b_crop1.jpg,1,0.25032639503479004,opossum,0.31016314029693604,0.20078397212543553
59420f00-23d2-11e8-a6a3-ec086b02610b.jpg,data/cropped/bobcat/59420f00-23d2-11e8-a6a3-ec086b02610b_crop0.jpg,0,0.9604577422142029,bobcat,0.998853325843811,0.2
59420f3a-23d2-11e8-a6a3-ec086b02610b.jpg,data/cropped/deer/59420f3a-23d2-11e8-a6a3-ec086b02610b_crop0.jpg,0,0.6548356413841248,deer,0.9996978044509888,0.2000157844891087
59420f3a-23d2-11e8-a6a3-ec086b02610b.jpg,data/cropped/deer/59420f3a-23d2-11e8-a6a3-ec086b02610b_crop1.jpg,1,0.31180208921432495,deer,0.9171485900878906,0.2000692281066113
59420fec-23d2-11e8-a6a3-ec086b02610b.jpg,data/cropped/raccoon/59420fec-23d2-11e8-a6a3-ec086b02610b_crop0.jpg,0,0.8376575708389282,raccoon,0.5978050827980042,0.20001360868233933
59421007-23d2-11e8-a6a3-ec086b02610b.jpg,data/cropped/raccoon/59421007-23d2-11e8-a6a3-ec086b02610b_crop0.jpg,0,0.8675358891487122,raccoon,0.48106470704078674,0.20000212417953567
5942101d-23d2-11e8-a6a3-ec086b02610b.jpg,data/cropped/coyote/5942101d-23d2-11e8-a6a3-ec086b02610b_crop0.jpg,0,0.8434417247772217,coyote,0.9903295040130615,0.20001790670606143
594210cd-23d2-11e8-a6a3-ec086b02610b.jpg,data/cropped/coyote/594210cd-23d2-11e8-a6a3-ec086b02610b_crop0.jpg,0,0.7803762555122375,coyote,0.9993615746498108,0.2000026074259491
5942110d-23d2-11e8-a6a3-ec086b02610b.jpg,data/cropped/mountain_lion/5942110d-23d2-11e8-a6a3-ec086b02610b_crop0.jpg,0,0.9290703535079956,coyote,0.8470534086227417,0.20000076480665688
59421137-23d2-11e8-a6a3-ec086b02610b.jpg,data/cropped/opossum/59421137-23d2-11e8-a6a3-ec086b02610b_crop0.jpg,0,0.8194503784179688,opossum,0.9999922513961792,0.20007219989954797
5942114e-23d2-11e8-a6a3-ec086b02610b.jpg,data/cropped/raccoon/5942114e-23d2-11e8-a6a3-ec086b02610b_crop0.jpg,0,0.4202132523059845,raccoon,0.9130315780639648,0.20001254783863479
5942114e-23d2-11e8-a6a3-ec086b02610b.jpg,data/cropped/raccoon/5942114e-23d2-11e8-a6a3-ec086b02610b_crop1.jpg,1,0.3095012903213501,raccoon,0.775127649307251,0.2
5942114e-23d2-11e8-a6a3-ec086b02610b.jpg,data/cropped/raccoon/5942114e-23d2-11e8-a6a3-ec086b02610b_crop2.jpg,2,0.25882402062416077,raccoon,0.5061309337615967,0.20002572678157962
59421175-23d2-11e8-a6a3-ec086b02610b.jpg,data/cropped/opossum/59421175-23d2-11e8-a6a3-ec086b02610b_crop0.jpg,0,0.8584974408149719,opossum,0.9998887777328491,0.20002343566908834
59421194-23d2-11e8-a6a3-ec086b02610b.jpg,data/cropped/bobcat/59421194-23d2-11e8-a6a3-ec086b02610b_crop0.jpg,0,0.9724981784820557,bobcat,0.9977813363075256,0.2
594211a7-23d2-11e8-a6a3-ec086b02610b.jpg,data/cropped/mountain_lion/594211a7-23d2-11e8-a6a3-ec086b02610b_crop0.jpg,0,0.7668401002883911,mountain_lion,0.9990850687026978,0.2
594211c7-23d2-11e8-a6a3-ec086b02610b.jpg,data/cropped/coyote/594211c7-23d2-11e8-a6a3-ec086b02610b_crop0.jpg,0,0.9601908922195435,coyote,0.9999157190322876,0.2
59421249-23d2-11e8-a6a3-ec086b02610b.jpg,data/cropped/opossum/59421249-23d2-11e8-a6a3-ec086b02610b_crop0.jpg,0,0.8718409538269043,opossum,0.9999309778213501,0.20000454349258276
59439c7f-23d2-11e8-a6a3-ec086b02610b.jpg,data/cropped/coyote/59439c7f-23d2-11e8-a6a3-ec086b02610b_crop0.jpg,0,0.9525227546691895,coyote,0.9902167320251465,0.20000141039745
59439ca2-23d2-11e8-a6a3-ec086b02610b.jpg,data/cropped/opossum/59439ca2-23d2-11e8-a6a3-ec086b02610b_crop0.jpg,0,0.32797354459762573,raccoon,0.7662078738212585,0.2
59439cb5-23d2-11e8-a6a3-ec086b02610b.jpg,data/cropped/bobcat/59439cb5-23d2-11e8-a6a3-ec086b02610b_crop0.jpg,0,0.9630106687545776,bobcat,0.9984428286552429,0.2000011612783352
59439cf0-23d2-11e8-a6a3-ec086b02610b.jpg,data/cropped/coyote/59439cf0-23d2-11e8-a6a3-ec086b02610b_crop0.jpg,0,0.9525125026702881,coyote,0.9999898672103882,0.200004936565138
59439cf0-23d2-11e8-a6a3-ec086b02610b.jpg,data/cropped/coyote/59439cf0-23d2-11e8-a6a3-ec086b02610b_crop1.jpg,1,0.9109992980957031,coyote,0.9998304843902588,0.2
59439e2a-23d2-11e8-a6a3-ec086b02610b.jpg,data/cropped/coyote/59439e2a-23d2-11e8-a6a3-ec086b02610b_crop0.jpg,0,0.939039945602417,coyote,0.9999507665634155,0.2000039887119452
59439e2a-23d2-11e8-a6a3-ec086b02610b.jpg,data/cropped/coyote/59439e2a-23d2-11e8-a6a3-ec086b02610b_crop1.jpg,1,0.8233629465103149,coyote,0.992922306060791,0.2000029140076347
59439e2a-23d2-11e8-a6a3-ec086b02610b.jpg,data/cropped/coyote/59439e2a-23d2-11e8-a6a3-ec086b02610b_crop2.jpg,2,0.7818328738212585,coyote,0.6460294127464294,0.2
59439e2a-23d2-11e8-a6a3-ec086b02610b.jpg,data/cropped/coyote/59439e2a-23d2-11e8-a6a3-ec086b02610b_crop3.jpg,3,0.5965793132781982,coyote,0.7270326018333435,0.20001573069057732
59439e3d-23d2-11e8-a6a3-ec086b02610b.jpg,data/cropped/raccoon/59439e3d-23d2-11e8-a6a3-ec086b02610b_crop0.jpg,0,0.9109583497047424,raccoon,0.9945496916770935,0.20000327560980935
59439e55-23d2-11e8-a6a3-ec086b02610b.jpg,data/cropped/raccoon/59439e55-23d2-11e8-a6a3-ec086b02610b_crop0.jpg,0,0.8070620894432068,raccoon,0.9936256408691406,0.2
59439ebc-23d2-11e8-a6a3-ec086b02610b.jpg,data/cropped/coyote/59439ebc-23d2-11e8-a6a3-ec086b02610b_crop0.jpg,0,0.9109214544296265,coyote,0.9996423721313477,0.2
59439ebf-23d2-11e8-a6a3-ec086b02610b.jpg,data/cropped/bobcat/59439ebf-23d2-11e8-a6a3-ec086b02610b_crop0.jpg,0,0.9114978909492493,bobcat,0.9986131191253662,0.20001427144284287
59439ecc-23d2-11e8-a6a3-ec086b02610b.jpg,data/cropped/bobcat/59439ecc-23d2-11e8-a6a3-ec086b02610b_crop0.jpg,0,0.34899595379829407,bobcat,0.9991323351860046,0.20000186843420542
59439f3a-23d2-11e8-a6a3-ec086b02610b.jpg,data/cropped/deer/59439f3a-23d2-11e8-a6a3-ec086b02610b_crop0.jpg,0,0.30837032198905945,deer,0.5194789171218872,0.20000091857308858
59439f3a-23d2-11e8-a6a3-ec086b02610b.jpg,data/cropped/deer/59439f3a-23d2-11e8-a6a3-ec086b02610b_crop1.jpg,1,0.2550323009490967,deer,0.8734999895095825,0.2
59439f6d-23d2-11e8-a6a3-ec086b02610b.jpg,data/cropped/opossum/59439f6d-23d2-11e8-a6a3-ec086b02610b_crop0.jpg,0,0.8665105700492859,opossum,0.999985933303833,0.2
59439f6d-23d2-11e8-a6a3-ec086b02610b.jpg,data/cropped/opossum/59439f6d-23d2-11e8-a6a3-ec086b02610b_crop1.jpg,1,0.23602107167243958,opossum,0.4290824830532074,0.2
59439f98-23d2-11e8-a6a3-ec086b02610b.jpg,data/cropped/coyote/59439f98-23d2-11e8-a6a3-ec086b02610b_crop0.jpg,0,0.8839029669761658,coyote,0.9994901418685913,0.20000230556852439
59439ff1-23d2-11e8-a6a3-ec086b02610b.jpg,data/cropped/coyote/59439ff1-23d2-11e8-a6a3-ec086b02610b_crop0.jpg,0,0.9357234239578247,coyote,0.9996894598007202,0.2
59439ff1-23d2-11e8-a6a3-ec086b02610b.jpg,data/cropped/coyote/59439ff1-23d2-11e8-a6a3-ec086b02610b_crop1.jpg,1,0.8882818818092346,coyote,0.9994603991508484,0.20000284802916382
59452ae4-23d2-11e8-a6a3-ec086b02610b.jpg,data/cropped/coyote/59452ae4-23d2-11e8-a6a3-ec086b02610b_crop0.jpg,0,0.9257218241691589,coyote,0.9999322891235352,0.2000073589609147
59452af3-23d2-11e8-a6a3-ec086b02610b.jpg,data/cropped/raccoon/59452af3-23d2-11e8-a6a3-ec086b02610b_crop0.jpg,0,0.7386240363121033,raccoon,0.9407951831817627,0.2
59452af3-23d2-11e8-a6a3-ec086b02610b.jpg,data/cropped/raccoon/59452af3-23d2-11e8-a6a3-ec086b02610b_crop1.jpg,1,0.6390365362167358,raccoon,0.5453211665153503,0.20002616431187858
59452b6c-23d2-11e8-a6a3-ec086b02610b.jpg,data/cropped/opossum/59452b6c-23d2-11e8-a6a3-ec086b02610b_crop0.jpg,0,0.8182893991470337,opossum,0.9999669790267944,0.2
59452b74-23d2-11e8-a6a3-ec086b02610b.jpg,data/cropped/coyote/59452b74-23d2-11e8-a6a3-ec086b02610b_crop0.jpg,0,0.9632487893104553,coyote,0.9999685287475586,0.2
59452ba1-23d2-11e8-a6a3-ec086b02610b.jpg,data/cropped/coyote/59452ba1-23d2-11e8-a6a3-ec086b02610b_crop0.jpg,0,0.7013717293739319,coyote,0.9999551773071289,0.20000096376717313
59452ba1-23d2-11e8-a6a3-ec086b02610b.jpg,data/cropped/coyote/59452ba1-23d2-11e8-a6a3-ec086b02610b_crop1.jpg,1,0.5511491298675537,coyote,0.9999356269836426,0.2000009687466195
59452be4-23d2-11e8-a6a3-ec086b02610b.jpg,data/cropped/bobcat/59452be4-23d2-11e8-a6a3-ec086b02610b_crop0.jpg,0,0.8563356995582581,bobcat,0.9989222288131714,0.2
59452c05-23d2-11e8-a6a3-ec086b02610b.jpg,data/cropped/deer/59452c05-23d2-11e8-a6a3-ec086b02610b_crop0.jpg,0,0.9662238955497742,deer,0.9551650285720825,0.20000178602923283
59452c38-23d2-11e8-a6a3-ec086b02610b.jpg,data/cropped/bobcat/59452c38-23d2-11e8-a6a3-ec086b02610b_crop0.jpg,0,0.8844193816184998,bobcat,0.999948263168335,0.2000138274336283
59452c84-23d2-11e8-a6a3-ec086b02610b.jpg,data/cropped/coyote/59452c84-23d2-11e8-a6a3-ec086b02610b_crop0.jpg,0,0.9585806131362915,coyote,0.9999914169311523,0.20000560455650443
59452c95-23d2-11e8-a6a3-ec086b02610b.jpg,data/cropped/raccoon/59452c95-23d2-11e8-a6a3-ec086b02610b_crop0.jpg,0,0.8609089255332947,raccoon,0.9959232807159424,0.2
59452c95-23d2-11e8-a6a3-ec086b02610b.jpg,data/cropped/raccoon/59452c95-23d2-11e8-a6a3-ec086b02610b_crop1.jpg,1,0.29905033111572266,raccoon,0.44893205165863037,0.20004625346901017
59452cc1-23d2-11e8-a6a3-ec086b02610b.jpg,data/cropped/coyote/59452cc1-23d2-11e8-a6a3-ec086b02610b_crop0.jpg,0,0.8690685033798218,coyote,0.9999492168426514,0.2000040863027133
59452d17-23d2-11e8-a6a3-ec086b02610b.jpg,data/cropped/bobcat/59452d17-23d2-11e8-a6a3-ec086b02610b_crop0.jpg,0,0.8324273228645325,bobcat,0.9992614388465881,0.2000035702172477
59452d17-23d2-11e8-a6a3-ec086b02610b.jpg,data/cropped/bobcat/59452d17-23d2-11e8-a6a3-ec086b02610b_crop1.jpg,1,0.4159466028213501,raccoon,0.655841588973999,0.2000353107344633
59452d17-23d2-11e8-a6a3-ec086b02610b.jpg,data/cropped/bobcat/59452d17-23d2-11e8-a6a3-ec086b02610b_crop2.jpg,2,0.2625790536403656,raccoon,0.9741683006286621,0.2000118666192002
59452d7c-23d2-11e8-a6a3-ec086b02610b.jpg,data/cropped/opossum/59452d7c-23d2-11e8-a6a3-ec086b02610b_crop0.jpg,0,0.8272276520729065,opossum,0.9999774694442749,0.20000253601136134
59452e31-23d2-11e8-a6a3-ec086b02610b.jpg,data/cropped/coyote/59452e31-23d2-11e8-a6a3-ec086b02610b_crop0.jpg,0,0.9344159364700317,coyote,0.9999852180480957,0.20025181437004835
59452e68-23d2-11e8-a6a3-ec086b02610b.jpg,data/cropped/bobcat/59452e68-23d2-11e8-a6a3-ec086b02610b_crop0.jpg,0,0.83084636926651,bobcat,0.9999785423278809,0.2
59452e68-23d2-11e8-a6a3-ec086b02610b.jpg,data/cropped/bobcat/59452e68-23d2-11e8-a6a3-ec086b02610b_crop1.jpg,1,0.4325249195098877,bobcat,0.9998452663421631,0.20046153846153847
5946b77d-23d2-11e8-a6a3-ec086b02610b.jpg,data/cropped/coyote/5946b77d-23d2-11e8-a6a3-ec086b02610b_crop0.jpg,0,0.8790019154548645,coyote,0.9440902471542358,0.2
5946b7a2-23d2-11e8-a6a3-ec086b02610b.jpg,data/cropped/deer/5946b7a2-23d2-11e8-a6a3-ec086b02610b_crop0.jpg,0,0.8651831150054932,deer,0.9994326233863831,0.20000030115084796
5946b7a7-23d2-11e8-a6a3-ec086b02610b.jpg,data/cropped/coyote/5946b7a7-23d2-11e8-a6a3-ec086b02610b_crop0.jpg,0,0.9532647728919983,coyote,0.9896451234817505,0.2
5946b7e2-23d2-11e8-a6a3-ec086b02610b.jpg,data/cropped/coyote/5946b7e2-23d2-11e8-a6a3-ec086b02610b_crop0.jpg,0,0.9541032314300537,coyote,0.8520112633705139,0.20000049730337247
5946b819-23d2-11e8-a6a3-ec086b02610b.jpg,data/cropped/coyote/5946b819-23d2-11e8-a6a3-ec086b02610b_crop0.jpg,0,0.8792256712913513,coyote,0.9999352693557739,0.20001144475758573
5946b850-23d2-11e8-a6a3-ec086b02610b.jpg,data/cropped/bobcat/5946b850-23d2-11e8-a6a3-ec086b02610b_crop0.jpg,0,0.844512939453125,bobcat,0.9962769150733948,0.20001558360604643
5946b850-23d2-11e8-a6a3-ec086b02610b.jpg,data/cropped/bobcat/5946b850-23d2-11e8-a6a3-ec086b02610b_crop1.jpg,1,0.49922147393226624,raccoon,0.9538146257400513,0.20007614696363982
5946b850-23d2-11e8-a6a3-ec086b02610b.jpg,data/cropped/bobcat/5946b850-23d2-11e8-a6a3-ec086b02610b_crop2.jpg,2,0.3150743544101715,raccoon,0.8783308863639832,0.2000430663221361
5946b85f-23d2-11e8-a6a3-ec086b02610b.jpg,data/cropped/bobcat/5946b85f-23d2-11e8-a6a3-ec086b02610b_crop0.jpg,0,0.9371877312660217,bobcat,0.9991281628608704,0.20000270639656828
5946b893-23d2-11e8-a6a3-ec086b02610b.jpg,data/cropped/opossum/5946b893-23d2-11e8-a6a3-ec086b02610b_crop0.jpg,0,0.8416077494621277,opossum,0.999639630317688,0.2000099252299345
5946b89b-23d2-11e8-a6a3-ec086b02610b.jpg,data/cropped/coyote/5946b89b-23d2-11e8-a6a3-ec086b02610b_crop0.jpg,0,0.9601077437400818,coyote,0.9998726844787598,0.2
5946b8e2-23d2-11e8-a6a3-ec086b02610b.jpg,data/cropped/coyote/5946b8e2-23d2-11e8-a6a3-ec086b02610b_crop0.jpg,0,0.9189647436141968,coyote,0.9993107318878174,0.20000131445772046
5946b954-23d2-11e8-a6a3-ec086b02610b.jpg,data/cropped/deer/5946b954-23d2-11e8-a6a3-ec086b02610b_crop0.jpg,0,0.6780599355697632,deer,0.9966224431991577,0.20000298311556589
5946b954-23d2-11e8-a6a3-ec086b02610b.jpg,data/cropped/deer/5946b954-23d2-11e8-a6a3-ec086b02610b_crop1.jpg,1,0.6103885769844055,deer,0.9834699034690857,0.2000045741469216
5946ba0b-23d2-11e8-a6a3-ec086b02610b.jpg,data/cropped/raccoon/5946ba0b-23d2-11e8-a6a3-ec086b02610b_crop0.jpg,0,0.7907412052154541,raccoon,0.9839679002761841,0.2
5946ba0b-23d2-11e8-a6a3-ec086b02610b.jpg,data/cropped/raccoon/5946ba0b-23d2-11e8-a6a3-ec086b02610b_crop1.jpg,1,0.609464704990387,raccoon,0.6604432463645935,0.20001669588446447
5946ba0b-23d2-11e8-a6a3-ec086b02610b.jpg,data/cropped/raccoon/5946ba0b-23d2-11e8-a6a3-ec086b02610b_crop2.jpg,2,0.39099258184432983,raccoon,0.8485751152038574,0.2001413177883766
59484497-23d2-11e8-a6a3-ec086b02610b.jpg,data/cropped/mountain_lion/59484497-23d2-11e8-a6a3-ec086b02610b_crop0.jpg,0,0.4791688621044159,mountain_lion,0.9995588660240173,0.2
59484499-23d2-11e8-a6a3-ec086b02610b.jpg,data/cropped/coyote/59484499-23d2-11e8-a6a3-ec086b02610b_crop0.jpg,0,0.9500024318695068,coyote,0.9999526739120483,0.20000823375634255
5948449b-23d2-11e8-a6a3-ec086b02610b.jpg,data/cropped/bobcat/5948449b-23d2-11e8-a6a3-ec086b02610b_crop0.jpg,0,0.8821186423301697,bobcat,0.9997919201850891,0.2
5948449b-23d2-11e8-a6a3-ec086b02610b.jpg,data/cropped/bobcat/5948449b-23d2-11e8-a6a3-ec086b02610b_crop1.jpg,1,0.20682023465633392,bobcat,0.9990227222442627,0.2
594844aa-23d2-11e8-a6a3-ec086b02610b.jpg,data/cropped/opossum/594844aa-23d2-11e8-a6a3-ec086b02610b_crop0.jpg,0,0.7710734009742737,opossum,0.9954256415367126,0.2
5948463b-23d2-11e8-a6a3-ec086b02610b.jpg,data/cropped/coyote/5948463b-23d2-11e8-a6a3-ec086b02610b_crop0.jpg,0,0.9183996319770813,coyote,0.9990851879119873,0.20000832544150857
5948463b-23d2-11e8-a6a3-ec086b02610b.jpg,data/cropped/coyote/5948463b-23d2-11e8-a6a3-ec086b02610b_crop1.jpg,1,0.37835654616355896,coyote,0.9427706003189087,0.20004251700680273
59484694-23d2-11e8-a6a3-ec086b02610b.jpg,data/cropped/bobcat/59484694-23d2-11e8-a6a3-ec086b02610b_crop0.jpg,0,0.8971466422080994,coyote,0.6504794955253601,0.20001526251526253
594846a1-23d2-11e8-a6a3-ec086b02610b.jpg,data/cropped/deer/594846a1-23d2-11e8-a6a3-ec086b02610b_crop0.jpg,0,0.6660786867141724,deer,0.9496893286705017,0.2
594846e8-23d2-11e8-a6a3-ec086b02610b.jpg,data/cropped/opossum/594846e8-23d2-11e8-a6a3-ec086b02610b_crop0.jpg,0,0.8048974275588989,opossum,0.9999861717224121,0.2
5948471a-23d2-11e8-a6a3-ec086b02610b.jpg,data/cropped/mountain_lion/5948471a-23d2-11e8-a6a3-ec086b02610b_crop0.jpg,0,0.8796228766441345,mountain_lion,0.9988698363304138,0.20000663371919467
59484747-23d2-11e8-a6a3-ec086b02610b.jpg,data/cropped/bobcat/59484747-23d2-11e8-a6a3-ec086b02610b_crop0.jpg,0,0.8087081909179688,bobcat,0.9608888626098633,0.2000115491222667
5948474d-23d2-11e8-a6a3-ec086b02610b.jpg,data/cropped/raccoon/5948474d-23d2-11e8-a6a3-ec086b02610b_crop0.jpg,0,0.7942619323730469,raccoon,0.9819815754890442,0.2
59484760-23d2-11e8-a6a3-ec086b02610b.jpg,data/cropped/coyote/59484760-23d2-11e8-a6a3-ec086b02610b_crop0.jpg,0,0.9088736772537231,coyote,0.9913060069084167,0.2
5949ce06-23d2-11e8-a6a3-ec086b02610b.jpg,data/cropped/opossum/5949ce06-23d2-11e8-a6a3-ec086b02610b_crop0.jpg,0,0.8683493137359619,opossum,0.9999440908432007,0.20002294498938794
5949cea3-23d2-11e8-a6a3-ec086b02610b.jpg,data/cropped/opossum/5949cea3-23d2-11e8-a6a3-ec086b02610b_crop0.jpg,0,0.80208820104599,opossum,0.48573029041290283,0.2
5949cea3-23d2-11e8-a6a3-ec086b02610b.jpg,data/cropped/opossum/5949cea3-23d2-11e8-a6a3-ec086b02610b_crop1.jpg,1,0.630373477935791,raccoon,0.4121074974536896,0.2000203998368013
5949cf4f-23d2-11e8-a6a3-ec086b02610b.jpg,data/cropped/deer/5949cf4f-23d2-11e8-a6a3-ec086b02610b_crop0.jpg,0,0.5324243307113647,deer,0.9998792409896851,0.20000041187518536
5949cf4f-23d2-11e8-a6a3-ec086b02610b.jpg,data/cropped/deer/5949cf4f-23d2-11e8-a6a3-ec086b02610b_crop1.jpg,1,0.5296862721443176,deer,0.9539986252784729,0.20000022044543203
5949cf8d-23d2-11e8-a6a3-ec086b02610b.jpg,data/cropped/deer/5949cf8d-23d2-11e8-a6a3-ec086b02610b_crop0.jpg,0,0.9673763513565063,deer,0.9997420907020569,0.20000065362360758
5949cf8d-23d2-11e8-a6a3-ec086b02610b.jpg,data/cropped/deer/5949cf8d-23d2-11e8-a6a3-ec086b02610b_crop1.jpg,1,0.9309651851654053,deer,0.9998385906219482,0.2000030886719097
5949cfdf-23d2-11e8-a6a3-ec086b02610b.jpg,data/cropped/raccoon/5949cfdf-23d2-11e8-a6a3-ec086b02610b_crop0.jpg,0,0.7737432718276978,raccoon,0.9856605529785156,0.20000787897888433
5949cfdf-23d2-11e8-a6a3-ec086b02610b.jpg,data/cropped/raccoon/5949cfdf-23d2-11e8-a6a3-ec086b02610b_crop1.jpg,1,0.7036340236663818,raccoon,0.9945468902587891,0.2
5949d034-23d2-11e8-a6a3-ec086b02610b.jpg,data/cropped/opossum/5949d034-23d2-11e8-a6a3-ec086b02610b_crop0.jpg,0,0.828664243221283,opossum,0.9998239874839783,0.2
5949d0e8-23d2-11e8-a6a3-ec086b02610b.jpg,data/cropped/raccoon/5949d0e8-23d2-11e8-a6a3-ec086b02610b_crop0.jpg,0,0.9524170160293579,raccoon,0.9901720881462097,0.20000195543562216
5949d16a-23d2-11e8-a6a3-ec086b02610b.jpg,data/cropped/bobcat/5949d16a-23d2-11e8-a6a3-ec086b02610b_crop0.jpg,0,0.9523473978042603,bobcat,0.9962213039398193,0.2
5949d17a-23d2-11e8-a6a3-ec086b02610b.jpg,data/cropped/coyote/5949d17a-23d2-11e8-a6a3-ec086b02610b_crop0.jpg,0,0.9588281512260437,coyote,0.9999721050262451,0.2
594b5c64-23d2-11e8-a6a3-ec086b02610b.jpg,data/cropped/bobcat/594b5c64-23d2-11e8-a6a3-ec086b02610b_crop0.jpg,0,0.9729275107383728,bobcat,0.9968501925468445,0.2
594b5cb1-23d2-11e8-a6a3-ec086b02610b.jpg,data/cropped/coyote/594b5cb1-23d2-11e8-a6a3-ec086b02610b_crop0.jpg,0,0.9515033960342407,coyote,0.9999737739562988,0.20000096902041725
594b5d3d-23d2-11e8-a6a3-ec086b02610b.jpg,data/cropped/mountain_lion/594b5d3d-23d2-11e8-a6a3-ec086b02610b_crop0.jpg,0,0.9605906009674072,mountain_lion,0.9999977350234985,0.20000093998655818
594b5dd1-23d2-11e8-a6a3-ec086b02610b.jpg,data/cropped/coyote/594b5dd1-23d2-11e8-a6a3-ec086b02610b_crop0.jpg,0,0.9551132917404175,coyote,0.9999028444290161,0.2
594b5dfb-23d2-11e8-a6a3-ec086b02610b.jpg,data/cropped/bobcat/594b5dfb-23d2-11e8-a6a3-ec086b02610b_crop0.jpg,0,0.9540532827377319,bobcat,0.9936612844467163,0.20000096464263206
594b5dfb-23d2-11e8-a6a3-ec086b02610b.jpg,data/cropped/bobcat/594b5dfb-23d2-11e8-a6a3-ec086b02610b_crop1.jpg,1,0.4007420241832733,bobcat,0.9939559102058411,0.20000208541875208
594b5dfb-23d2-11e8-a6a3-ec086b02610b.jpg,data/cropped/bobcat/594b5dfb-23d2-11e8-a6a3-ec086b02610b_crop2.jpg,2,0.3327934443950653,bobcat,0.9969685673713684,0.2
594b5e47-23d2-11e8-a6a3-ec086b02610b.jpg,data/cropped/coyote/594b5e47-23d2-11e8-a6a3-ec086b02610b_crop0.jpg,0,0.7769693732261658,deer,0.7355703115463257,0.2
594b5e4f-23d2-11e8-a6a3-ec086b02610b.jpg,data/cropped/raccoon/594b5e4f-23d2-11e8-a6a3-ec086b02610b_crop0.jpg,0,0.8565242290496826,raccoon,0.9947940707206726,0.2
594b5e4f-23d2-11e8-a6a3-ec086b02610b.jpg,data/cropped/raccoon/594b5e4f-23d2-11e8-a6a3-ec086b02610b_crop1.jpg,1,0.4196717441082001,raccoon,0.5914448499679565,0.2000150557061126
594b5ec1-23d2-11e8-a6a3-ec086b02610b.jpg,data/cropped/raccoon/594b5ec1-23d2-11e8-a6a3-ec086b02610b_crop0.jpg,0,0.9493095278739929,raccoon,0.9179376363754272,0.20000437430967927
594b5eee-23d2-11e8-a6a3-ec086b02610b.jpg,data/cropped/bobcat/594b5eee-23d2-11e8-a6a3-ec086b02610b_crop0.jpg,0,0.9454083442687988,bobcat,0.999711811542511,0.20000067839383476
594b5fd8-23d2-11e8-a6a3-ec086b02610b.jpg,data/cropped/bobcat/594b5fd8-23d2-11e8-a6a3-ec086b02610b_crop0.jpg,0,0.6627277135848999,deer,0.5568604469299316,0.200010463534582
594b5fd8-23d2-11e8-a6a3-ec086b02610b.jpg,data/cropped/bobcat/594b5fd8-23d2-11e8-a6a3-ec086b02610b_crop1.jpg,1,0.481790691614151,opossum,0.47521260380744934,0.20001364349546355
594b5fd8-23d2-11e8-a6a3-ec086b02610b.jpg,data/cropped/bobcat/594b5fd8-23d2-11e8-a6a3-ec086b02610b_crop2.jpg,2,0.3100655674934387,bobcat,0.9811213612556458,0.20003863614411282
594b6013-23d2-11e8-a6a3-ec086b02610b.jpg,data/cropped/deer/594b6013-23d2-11e8-a6a3-ec086b02610b_crop0.jpg,0,0.25288137793540955,deer,0.9999411106109619,0.2000008974351304
594cea17-23d2-11e8-a6a3-ec086b02610b.jpg,data/cropped/bobcat/594cea17-23d2-11e8-a6a3-ec086b02610b_crop0.jpg,0,0.6822295188903809,bobcat,0.9983965754508972,0.2000006566225307
594cea17-23d2-11e8-a6a3-ec086b02610b.jpg,data/cropped/bobcat/594cea17-23d2-11e8-a6a3-ec086b02610b_crop1.jpg,1,0.4741593897342682,bobcat,0.9964193105697632,0.2
594cea18-23d2-11e8-a6a3-ec086b02610b.jpg,data/cropped/coyote/594cea18-23d2-11e8-a6a3-ec086b02610b_crop0.jpg,0,0.31838369369506836,coyote,0.9828022122383118,0.20056750298685783
594ceaf5-23d2-11e8-a6a3-ec086b02610b.jpg,data/cropped/deer/594ceaf5-23d2-11e8-a6a3-ec086b02610b_crop0.jpg,0,0.9597815871238708,deer,0.9995473027229309,0.2
594ceb72-23d2-11e8-a6a3-ec086b02610b.jpg,data/cropped/deer/594ceb72-23d2-11e8-a6a3-ec086b02610b_crop0.jpg,0,0.636216402053833,deer,0.9971705079078674,0.2
594ceb72-23d2-11e8-a6a3-ec086b02610b.jpg,data/cropped/deer/594ceb72-23d2-11e8-a6a3-ec086b02610b_crop1.jpg,1,0.3298795223236084,deer,0.9994847774505615,0.2
594ceb72-23d2-11e8-a6a3-ec086b02610b.jpg,data/cropped/deer/594ceb72-23d2-11e8-a6a3-ec086b02610b_crop2.jpg,2,0.3017924427986145,deer,0.9983365535736084,0.20000023596481292
594cebc9-23d2-11e8-a6a3-ec086b02610b.jpg,data/cropped/deer/594cebc9-23d2-11e8-a6a3-ec086b02610b_crop0.jpg,0,0.9402449727058411,deer,0.999799907207489,0.2
594cebd8-23d2-11e8-a6a3-ec086b02610b.jpg,data/cropped/raccoon/594cebd8-23d2-11e8-a6a3-ec086b02610b_crop0.jpg,0,0.9016500115394592,raccoon,0.9901148080825806,0.2
594cebe4-23d2-11e8-a6a3-ec086b02610b.jpg,data/cropped/deer/594cebe4-23d2-11e8-a6a3-ec086b02610b_crop0.jpg,0,0.9422011375427246,deer,0.9993066787719727,0.2
594cec0f-23d2-11e8-a6a3-ec086b02610b.jpg,data/cropped/coyote/594cec0f-23d2-11e8-a6a3-ec086b02610b_crop0.jpg,0,0.9468125700950623,coyote,0.9999499320983887,0.20000122488475877
594ceca4-23d2-11e8-a6a3-ec086b02610b.jpg,data/cropped/raccoon/594ceca4-23d2-11e8-a6a3-ec086b02610b_crop0.jpg,0,0.9517217874526978,raccoon,0.9973489046096802,0.2
594ceca4-23d2-11e8-a6a3-ec086b02610b.jpg,data/cropped/raccoon/594ceca4-23d2-11e8-a6a3-ec086b02610b_crop1.jpg,1,0.791366457939148,raccoon,0.667417049407959,0.2000086960302622
594ced2e-23d2-11e8-a6a3-ec086b02610b.jpg,data/cropped/bobcat/594ced2e-23d2-11e8-a6a3-ec086b02610b_crop0.jpg,0,0.8701585531234741,bobcat,0.9999523162841797,0.2
594ced53-23d2-11e8-a6a3-ec086b02610b.jpg,data/cropped/coyote/594ced53-23d2-11e8-a6a3-ec086b02610b_crop0.jpg,0,0.8242459297180176,coyote,0.9842786192893982,0.20000370720495284
594ced7c-23d2-11e8-a6a3-ec086b02610b.jpg,data/cropped/coyote/594ced7c-23d2-11e8-a6a3-ec086b02610b_crop0.jpg,0,0.9503645896911621,coyote,0.9999856948852539,0.2
594ced80-23d2-11e8-a6a3-ec086b02610b.jpg,data/cropped/deer/594ced80-23d2-11e8-a6a3-ec086b02610b_crop0.jpg,0,0.6763556599617004,deer,0.9988607168197632,0.20000053726756462
594e7625-23d2-11e8-a6a3-ec086b02610b.jpg,data/cropped/coyote/594e7625-23d2-11e8-a6a3-ec086b02610b_crop0.jpg,0,0.3299623429775238,coyote,0.6672150492668152,0.20000204198317406
594e7651-23d2-11e8-a6a3-ec086b02610b.jpg,data/cropped/raccoon/594e7651-23d2-11e8-a6a3-ec086b02610b_crop0.jpg,0,0.8739215731620789,raccoon,0.9999412298202515,0.2
594e7651-23d2-11e8-a6a3-ec086b02610b.jpg,data/cropped/raccoon/594e7651-23d2-11e8-a6a3-ec086b02610b_crop1.jpg,1,0.24504801630973816,raccoon,0.9968795776367188,0.20000256167225966
594e772d-23d2-11e8-a6a3-ec086b02610b.jpg,data/cropped/coyote/594e772d-23d2-11e8-a6a3-ec086b02610b_crop0.jpg,0,0.9495819807052612,coyote,0.999731719493866,0.20000242883513067
594e7783-23d2-11e8-a6a3-ec086b02610b.jpg,data/cropped/coyote/594e7783-23d2-11e8-a6a3-ec086b02610b_crop0.jpg,0,0.9480518102645874,coyote,0.997669517993927,0.2
594e77d5-23d2-11e8-a6a3-ec086b02610b.jpg,data/cropped/coyote/594e77d5-23d2-11e8-a6a3-ec086b02610b_crop0.jpg,0,0.9603424072265625,coyote,0.9998016953468323,0.20000317364604325
594e77e0-23d2-11e8-a6a3-ec086b02610b.jpg,data/cropped/bobcat/594e77e0-23d2-11e8-a6a3-ec086b02610b_crop0.jpg,0,0.4547346234321594,bobcat,0.9978139400482178,0.20000092706222095
594e77e0-23d2-11e8-a6a3-ec086b02610b.jpg,data/cropped/bobcat/594e77e0-23d2-11e8-a6a3-ec086b02610b_crop1.jpg,1,0.33428388833999634,bobcat,0.9955663084983826,0.20000040160521604
594e77ed-23d2-11e8-a6a3-ec086b02610b.jpg,data/cropped/bobcat/594e77ed-23d2-11e8-a6a3-ec086b02610b_crop0.jpg,0,0.9003713130950928,bobcat,0.9993322491645813,0.2
594e77ed-23d2-11e8-a6a3-ec086b02610b.jpg,data/cropped/bobcat/594e77ed-23d2-11e8-a6a3-ec086b02610b_crop1.jpg,1,0.6774081587791443,bobcat,0.9816604852676392,0.2
594e784f-23d2-11e8-a6a3-ec086b02610b.jpg,data/cropped/mountain_lion/594e784f-23d2-11e8-a6a3-ec086b02610b_crop0.jpg,0,0.9492226243019104,mountain_lion,0.9991766810417175,0.20000337693804585
594e7893-23d2-11e8-a6a3-ec086b02610b.jpg,data/cropped/coyote/594e7893-23d2-11e8-a6a3-ec086b02610b_crop0.jpg,0,0.8670706748962402,coyote,0.9966664910316467,0.20000058930297243
594e7893-23d2-11e8-a6a3-ec086b02610b.jpg,data/cropped/coyote/594e7893-23d2-11e8-a6a3-ec086b02610b_crop1.jpg,1,0.6209796667098999,coyote,0.6801102161407471,0.2
594e7941-23d2-11e8-a6a3-ec086b02610b.jpg,data/cropped/bobcat/594e7941-23d2-11e8-a6a3-ec086b02610b_crop0.jpg,0,0.9066972732543945,bobcat,0.9986316561698914,0.2000006491577989
594e797c-23d2-11e8-a6a3-ec086b02610b.jpg,data/cropped/mountain_lion/594e797c-23d2-11e8-a6a3-ec086b02610b_crop0.jpg,0,0.6757590770721436,mountain_lion,0.9890803694725037,0.2
59500375-23d2-11e8-a6a3-ec086b02610b.jpg,data/cropped/mountain_lion/59500375-23d2-11e8-a6a3-ec086b02610b_crop0.jpg,0,0.907858669757843,mountain_lion,0.9999885559082031,0.2
59500464-23d2-11e8-a6a3-ec086b02610b.jpg,data/cropped/deer/59500464-23d2-11e8-a6a3-ec086b02610b_crop0.jpg,0,0.9153216481208801,deer,0.8424443006515503,0.2
595004b2-23d2-11e8-a6a3-ec086b02610b.jpg,data/cropped/raccoon/595004b2-23d2-11e8-a6a3-ec086b02610b_crop0.jpg,0,0.963089108467102,raccoon,0.9892220497131348,0.20000330994306897
595004f6-23d2-11e8-a6a3-ec086b02610b.jpg,data/cropped/mountain_lion/595004f6-23d2-11e8-a6a3-ec086b02610b_crop0.jpg,0,0.7769941091537476,mountain_lion,0.9999794960021973,0.2
595004f6-23d2-11e8-a6a3-ec086b02610b.jpg,data/cropped/mountain_lion/595004f6-23d2-11e8-a6a3-ec086b02610b_crop1.jpg,1,0.44388264417648315,mountain_lion,0.9999995231628418,0.2
5950053b-23d2-11e8-a6a3-ec086b02610b.jpg,data/cropped/bobcat/5950053b-23d2-11e8-a6a3-ec086b02610b_crop0.jpg,0,0.5149825215339661,bobcat,0.9979754090309143,0.20000087282312456
5950053b-23d2-11e8-a6a3-ec086b02610b.jpg,data/cropped/bobcat/5950053b-23d2-11e8-a6a3-ec086b02610b_crop1.jpg,1,0.48062172532081604,bobcat,0.9987062215805054,0.20000076250314533
59500550-23d2-11e8-a6a3-ec086b02610b.jpg,data/cropped/deer/59500550-23d2-11e8-a6a3-ec086b02610b_crop0.jpg,0,0.9781709313392639,deer,0.9990785121917725,0.20000053403968984
59500593-23d2-11e8-a6a3-ec086b02610b.jpg,data/cropped/bobcat/59500593-23d2-11e8-a6a3-ec086b02610b_crop0.jpg,0,0.9473520517349243,bobcat,0.9987645149230957,0.20000064214940247
595005b5-23d2-11e8-a6a3-ec086b02610b.jpg,data/cropped/coyote/595005b5-23d2-11e8-a6a3-ec086b02610b_crop0.jpg,0,0.9472143650054932,coyote,0.999849796295166,0.2000014356831878
59500614-23d2-11e8-a6a3-ec086b02610b.jpg,data/cropped/deer/59500614-23d2-11e8-a6a3-ec086b02610b_crop0.jpg,0,0.4357474446296692,deer,0.9980593323707581,0.2
595005d1-23d2-11e8-a6a3-ec086b02610b.jpg,data/cropped/bobcat/595005d1-23d2-11e8-a6a3-ec086b02610b_crop0.jpg,0,0.8747479319572449,bobcat,0.9999302625656128,0.2
595005c8-23d2-11e8-a6a3-ec086b02610b.jpg,data/cropped/deer/595005c8-23d2-11e8-a6a3-ec086b02610b_crop0.jpg,0,0.9571158289909363,deer,0.9999518394470215,0.2
5950060a-23d2-11e8-a6a3-ec086b02610b.jpg,data/cropped/deer/5950060a-23d2-11e8-a6a3-ec086b02610b_crop0.jpg,0,0.8331090211868286,deer,0.9999220371246338,0.20000100782195818
5950062c-23d2-11e8-a6a3-ec086b02610b.jpg,data/cropped/deer/5950062c-23d2-11e8-a6a3-ec086b02610b_crop1.jpg,1,0.6359962224960327,deer,0.9044586420059204,0.2
59500663-23d2-11e8-a6a3-ec086b02610b.jpg,data/cropped/deer/59500663-23d2-11e8-a6a3-ec086b02610b_crop0.jpg,0,0.9714246988296509,deer,0.9997754693031311,0.20000066316515466
59518f28-23d2-11e8-a6a3-ec086b02610b.jpg,data/cropped/coyote/59518f28-23d2-11e8-a6a3-ec086b02610b_crop0.jpg,0,0.7724782228469849,opossum,0.9810699224472046,0.20000324535711098
5950062c-23d2-11e8-a6a3-ec086b02610b.jpg,data/cropped/deer/5950062c-23d2-11e8-a6a3-ec086b02610b_crop0.jpg,0,0.9667909145355225,deer,0.9987737536430359,0.2
5951900d-23d2-11e8-a6a3-ec086b02610b.jpg,data/cropped/coyote/5951900d-23d2-11e8-a6a3-ec086b02610b_crop0.jpg,0,0.9185875654220581,coyote,0.9997819066047668,1.0
5951900d-23d2-11e8-a6a3-ec086b02610b.jpg,data/cropped/coyote/5951900d-23d2-11e8-a6a3-ec086b02610b_crop1.jpg,1,0.5428704619407654,coyote,0.900674045085907,1.0
5951901e-23d2-11e8-a6a3-ec086b02610b.jpg,data/cropped/deer/5951901e-23d2-11e8-a6a3-ec086b02610b_crop0.jpg,0,0.9260300397872925,deer,0.999312162399292,0.2000031372220944
59519059-23d2-11e8-a6a3-ec086b02610b.jpg,data/cropped/mountain_lion/59519059-23d2-11e8-a6a3-ec086b02610b_crop0.jpg,0,0.9276036024093628,mountain_lion,0.8007661700248718,0.2001879505840873
59519080-23d2-11e8-a6a3-ec086b02610b.jpg,data/cropped/deer/59519080-23d2-11e8-a6a3-ec086b02610b_crop1.jpg,1,0.9101398587226868,deer,0.9999743700027466,0.20000027358882883
59519080-23d2-11e8-a6a3-ec086b02610b.jpg,data/cropped/deer/59519080-23d2-11e8-a6a3-ec086b02610b_crop0.jpg,0,0.9469202160835266,coyote,0.7790506482124329,0.2
595190bc-23d2-11e8-a6a3-ec086b02610b.jpg,data/cropped/deer/595190bc-23d2-11e8-a6a3-ec086b02610b_crop0.jpg,0,0.9638705849647522,deer,0.7674816250801086,0.2000018870772947
59519145-23d2-11e8-a6a3-ec086b02610b.jpg,data/cropped/deer/59519145-23d2-11e8-a6a3-ec086b02610b_crop0.jpg,0,0.9639013409614563,deer,0.9999629259109497,0.20000095107209603
59519196-23d2-11e8-a6a3-ec086b02610b.jpg,data/cropped/mountain_lion/59519196-23d2-11e8-a6a3-ec086b02610b_crop0.jpg,0,0.6813125610351562,mountain_lion,0.9991088509559631,0.20000057235414986
59519148-23d2-11e8-a6a3-ec086b02610b.jpg,data/cropped/deer/59519148-23d2-11e8-a6a3-ec086b02610b_crop0.jpg,0,0.9592897295951843,deer,0.9999159574508667,0.2000005068372343
59519196-23d2-11e8-a6a3-ec086b02610b.jpg,data/cropped/mountain_lion/59519196-23d2-11e8-a6a3-ec086b02610b_crop1.jpg,1,0.3111859858036041,mountain_lion,0.9997052550315857,0.20000022420418723
59531a5d-23d2-11e8-a6a3-ec086b02610b.jpg,data/cropped/bobcat/59531a5d-23d2-11e8-a6a3-ec086b02610b_crop0.jpg,0,0.9312120676040649,bobcat,0.9990121126174927,0.20011537193714976
59531a94-23d2-11e8-a6a3-ec086b02610b.jpg,data/cropped/mountain_lion/59531a94-23d2-11e8-a6a3-ec086b02610b_crop0.jpg,0,0.975417971611023,mountain_lion,0.9999996423721313,0.20000048260917827
59531b45-23d2-11e8-a6a3-ec086b02610b.jpg,data/cropped/bobcat/59531b45-23d2-11e8-a6a3-ec086b02610b_crop0.jpg,0,0.9352878332138062,bobcat,0.9991372227668762,0.2000045113375552
59531b59-23d2-11e8-a6a3-ec086b02610b.jpg,data/cropped/coyote/59531b59-23d2-11e8-a6a3-ec086b02610b_crop0.jpg,0,0.9457069635391235,coyote,0.9998925924301147,0.2
59531b73-23d2-11e8-a6a3-ec086b02610b.jpg,data/cropped/coyote/59531b73-23d2-11e8-a6a3-ec086b02610b_crop0.jpg,0,0.9513654708862305,coyote,0.9999687671661377,0.20005976393246674
59531b8a-23d2-11e8-a6a3-ec086b02610b.jpg,data/cropped/deer/59531b8a-23d2-11e8-a6a3-ec086b02610b_crop0.jpg,0,0.8305865526199341,deer,0.9999411106109619,0.20000019827225557
59531ba1-23d2-11e8-a6a3-ec086b02610b.jpg,data/cropped/bobcat/59531ba1-23d2-11e8-a6a3-ec086b02610b_crop0.jpg,0,0.2322641909122467,bobcat,0.32730597257614136,0.20031524122807018
59531bbc-23d2-11e8-a6a3-ec086b02610b.jpg,data/cropped/bobcat/59531bbc-23d2-11e8-a6a3-ec086b02610b_crop0.jpg,0,0.9547001123428345,bobcat,0.9920127987861633,0.200000658807098
59531d0a-23d2-11e8-a6a3-ec086b02610b.jpg,data/cropped/bobcat/59531d0a-23d2-11e8-a6a3-ec086b02610b_crop0.jpg,0,0.9579349756240845,bobcat,0.9997355341911316,0.2
59531c41-23d2-11e8-a6a3-ec086b02610b.jpg,data/cropped/coyote/59531c41-23d2-11e8-a6a3-ec086b02610b_crop0.jpg,0,0.7747177481651306,coyote,0.999991774559021,0.2
5954a81e-23d2-11e8-a6a3-ec086b02610b.jpg,data/cropped/mountain_lion/5954a81e-23d2-11e8-a6a3-ec086b02610b_crop0.jpg,0,0.9736769795417786,mountain_lion,0.9999669790267944,1.0
5954a838-23d2-11e8-a6a3-ec086b02610b.jpg,data/cropped/raccoon/5954a838-23d2-11e8-a6a3-ec086b02610b_crop0.jpg,0,0.9230350255966187,raccoon,0.9918953776359558,0.2
5954a8ad-23d2-11e8-a6a3-ec086b02610b.jpg,data/cropped/coyote/5954a8ad-23d2-11e8-a6a3-ec086b02610b_crop0.jpg,0,0.9554547667503357,coyote,0.9999667406082153,0.20000142740910973
5954a9d5-23d2-11e8-a6a3-ec086b02610b.jpg,data/cropped/coyote/5954a9d5-23d2-11e8-a6a3-ec086b02610b_crop0.jpg,0,0.9603471159934998,coyote,0.9999420642852783,0.20001441861631436
5954aa3f-23d2-11e8-a6a3-ec086b02610b.jpg,data/cropped/bobcat/5954aa3f-23d2-11e8-a6a3-ec086b02610b_crop0.jpg,0,0.9404884576797485,bobcat,0.9991355538368225,0.20000190832410977
5954aabb-23d2-11e8-a6a3-ec086b02610b.jpg,data/cropped/bobcat/5954aabb-23d2-11e8-a6a3-ec086b02610b_crop0.jpg,0,0.9290451407432556,bobcat,0.9992832541465759,0.2
5954aaf3-23d2-11e8-a6a3-ec086b02610b.jpg,data/cropped/mountain_lion/5954aaf3-23d2-11e8-a6a3-ec086b02610b_crop0.jpg,0,0.9615777134895325,mountain_lion,0.9999988079071045,0.20000100434883045
5954ab07-23d2-11e8-a6a3-ec086b02610b.jpg,data/cropped/coyote/5954ab07-23d2-11e8-a6a3-ec086b02610b_crop0.jpg,0,0.9458138942718506,coyote,0.9999743700027466,1.0
5954ab61-23d2-11e8-a6a3-ec086b02610b.jpg,data/cropped/coyote/5954ab61-23d2-11e8-a6a3-ec086b02610b_crop0.jpg,0,0.9473531246185303,coyote,0.999968409538269,0.200003609196232
5954ab61-23d2-11e8-a6a3-ec086b02610b.jpg,data/cropped/coyote/5954ab61-23d2-11e8-a6a3-ec086b02610b_crop1.jpg,1,0.21876484155654907,coyote,0.8582391738891602,0.20000870170553428
5954aba2-23d2-11e8-a6a3-ec086b02610b.jpg,data/cropped/deer/5954aba2-23d2-11e8-a6a3-ec086b02610b_crop0.jpg,0,0.9143174290657043,deer,0.9841690063476562,0.20000736811081637
5954abbd-23d2-11e8-a6a3-ec086b02610b.jpg,data/cropped/coyote/5954abbd-23d2-11e8-a6a3-ec086b02610b_crop0.jpg,0,0.9586662650108337,coyote,0.9998706579208374,0.20000058076393687
59563518-23d2-11e8-a6a3-ec086b02610b.jpg,data/cropped/coyote/59563518-23d2-11e8-a6a3-ec086b02610b_crop0.jpg,0,0.9419206976890564,coyote,0.9999394416809082,0.2
59563518-23d2-11e8-a6a3-ec086b02610b.jpg,data/cropped/coyote/59563518-23d2-11e8-a6a3-ec086b02610b_crop1.jpg,1,0.21320587396621704,opossum,0.34511440992355347,0.2
5956356e-23d2-11e8-a6a3-ec086b02610b.jpg,data/cropped/coyote/5956356e-23d2-11e8-a6a3-ec086b02610b_crop0.jpg,0,0.9373726844787598,coyote,0.9999401569366455,0.2
595636fe-23d2-11e8-a6a3-ec086b02610b.jpg,data/cropped/bobcat/595636fe-23d2-11e8-a6a3-ec086b02610b_crop0.jpg,0,0.8737024664878845,bobcat,0.9991881251335144,0.2000018412984837
5957c14f-23d2-11e8-a6a3-ec086b02610b.jpg,data/cropped/coyote/5957c14f-23d2-11e8-a6a3-ec086b02610b_crop0.jpg,0,0.9661927223205566,coyote,0.9998664855957031,0.20000148334206858
59563719-23d2-11e8-a6a3-ec086b02610b.jpg,data/cropped/coyote/59563719-23d2-11e8-a6a3-ec086b02610b_crop0.jpg,0,0.9113041758537292,coyote,0.9997736811637878,0.2
5957c1cc-23d2-11e8-a6a3-ec086b02610b.jpg,data/cropped/coyote/5957c1cc-23d2-11e8-a6a3-ec086b02610b_crop0.jpg,0,0.9323062300682068,coyote,0.9999805688858032,0.2000009660715666
5957c23f-23d2-11e8-a6a3-ec086b02610b.jpg,data/cropped/deer/5957c23f-23d2-11e8-a6a3-ec086b02610b_crop0.jpg,0,0.5458406805992126,deer,0.9999418258666992,0.20002587805384514
5957c24e-23d2-11e8-a6a3-ec086b02610b.jpg,data/cropped/coyote/5957c24e-23d2-11e8-a6a3-ec086b02610b_crop0.jpg,0,0.9268549084663391,coyote,0.9998151659965515,0.20000195730146847
5957c297-23d2-11e8-a6a3-ec086b02610b.jpg,data/cropped/deer/5957c297-23d2-11e8-a6a3-ec086b02610b_crop0.jpg,0,0.7965215444564819,deer,0.999908447265625,0.20000041614734945
5957c2bb-23d2-11e8-a6a3-ec086b02610b.jpg,data/cropped/bobcat/5957c2bb-23d2-11e8-a6a3-ec086b02610b_crop0.jpg,0,0.9205684065818787,bobcat,0.9956929087638855,0.2
5957c2fc-23d2-11e8-a6a3-ec086b02610b.jpg,data/cropped/deer/5957c2fc-23d2-11e8-a6a3-ec086b02610b_crop0.jpg,0,0.9200143218040466,deer,0.9993669390678406,0.20000050576061337
5957c3b9-23d2-11e8-a6a3-ec086b02610b.jpg,data/cropped/deer/5957c3b9-23d2-11e8-a6a3-ec086b02610b_crop0.jpg,0,0.9581649899482727,deer,0.9999450445175171,0.2
59594f82-23d2-11e8-a6a3-ec086b02610b.jpg,data/cropped/raccoon/59594f82-23d2-11e8-a6a3-ec086b02610b_crop0.jpg,0,0.94041508436203,raccoon,0.9984902143478394,1.0
59594f82-23d2-11e8-a6a3-ec086b02610b.jpg,data/cropped/raccoon/59594f82-23d2-11e8-a6a3-ec086b02610b_crop1.jpg,1,0.618394672870636,raccoon,0.36730602383613586,0.20008487591948912
59594fcf-23d2-11e8-a6a3-ec086b02610b.jpg,data/cropped/mountain_lion/59594fcf-23d2-11e8-a6a3-ec086b02610b_crop0.jpg,0,0.864505410194397,mountain_lion,0.9788318872451782,0.2
5959503c-23d2-11e8-a6a3-ec086b02610b.jpg,data/cropped/raccoon/5959503c-23d2-11e8-a6a3-ec086b02610b_crop0.jpg,0,0.9059109687805176,raccoon,0.955811083316803,0.2000029709294553
59595051-23d2-11e8-a6a3-ec086b02610b.jpg,data/cropped/raccoon/59595051-23d2-11e8-a6a3-ec086b02610b_crop0.jpg,0,0.950977087020874,raccoon,0.9932263493537903,0.2000026533762001
59595079-23d2-11e8-a6a3-ec086b02610b.jpg,data/cropped/deer/59595079-23d2-11e8-a6a3-ec086b02610b_crop0.jpg,0,0.5028328895568848,deer,0.9427124261856079,0.20000113640237735
595950da-23d2-11e8-a6a3-ec086b02610b.jpg,data/cropped/coyote/595950da-23d2-11e8-a6a3-ec086b02610b_crop0.jpg,0,0.3096705377101898,coyote,0.9999544620513916,0.2
59595127-23d2-11e8-a6a3-ec086b02610b.jpg,data/cropped/bobcat/59595127-23d2-11e8-a6a3-ec086b02610b_crop0.jpg,0,0.9159674644470215,bobcat,0.9910866618156433,0.20000429839454964
59595159-23d2-11e8-a6a3-ec086b02610b.jpg,data/cropped/coyote/59595159-23d2-11e8-a6a3-ec086b02610b_crop0.jpg,0,0.902912974357605,coyote,0.9999735355377197,0.20000215845195826
59595159-23d2-11e8-a6a3-ec086b02610b.jpg,data/cropped/coyote/59595159-23d2-11e8-a6a3-ec086b02610b_crop1.jpg,1,0.6420177817344666,coyote,0.9999643564224243,0.2001222193122386
595951cb-23d2-11e8-a6a3-ec086b02610b.jpg,data/cropped/deer/595951cb-23d2-11e8-a6a3-ec086b02610b_crop0.jpg,0,0.9532977938652039,deer,0.9998490810394287,0.20003086896125946
595adaaa-23d2-11e8-a6a3-ec086b02610b.jpg,data/cropped/coyote/595adaaa-23d2-11e8-a6a3-ec086b02610b_crop0.jpg,0,0.9201297163963318,coyote,0.9998365640640259,0.2
595adaf5-23d2-11e8-a6a3-ec086b02610b.jpg,data/cropped/raccoon/595adaf5-23d2-11e8-a6a3-ec086b02610b_crop0.jpg,0,0.894672155380249,raccoon,0.9945513606071472,0.20006698331506514
595adbf0-23d2-11e8-a6a3-ec086b02610b.jpg,data/cropped/coyote/595adbf0-23d2-11e8-a6a3-ec086b02610b_crop0.jpg,0,0.4186163544654846,coyote,0.8254745602607727,0.20008012820512822
595adbf0-23d2-11e8-a6a3-ec086b02610b.jpg,data/cropped/coyote/595adbf0-23d2-11e8-a6a3-ec086b02610b_crop1.jpg,1,0.282266229391098,coyote,0.9096512198448181,0.20002690341673393
595adbf0-23d2-11e8-a6a3-ec086b02610b.jpg,data/cropped/coyote/595adbf0-23d2-11e8-a6a3-ec086b02610b_crop2.jpg,2,0.22521533071994781,coyote,0.5309052467346191,0.2000029958507467
595add71-23d2-11e8-a6a3-ec086b02610b.jpg,data/cropped/coyote/595add71-23d2-11e8-a6a3-ec086b02610b_crop0.jpg,0,0.965755045413971,coyote,0.9999948740005493,0.2000022942620506
595add91-23d2-11e8-a6a3-ec086b02610b.jpg,data/cropped/mountain_lion/595add91-23d2-11e8-a6a3-ec086b02610b_crop0.jpg,0,0.9586631059646606,mountain_lion,0.9999996423721313,0.2000003807899106
595ade22-23d2-11e8-a6a3-ec086b02610b.jpg,data/cropped/bobcat/595ade22-23d2-11e8-a6a3-ec086b02610b_crop0.jpg,0,0.964070737361908,bobcat,0.999982476234436,1.0
595c6757-23d2-11e8-a6a3-ec086b02610b.jpg,data/cropped/coyote/595c6757-23d2-11e8-a6a3-ec086b02610b_crop0.jpg,0,0.8105776906013489,coyote,0.9999858140945435,0.2
595c6757-23d2-11e8-a6a3-ec086b02610b.jpg,data/cropped/coyote/595c6757-23d2-11e8-a6a3-ec086b02610b_crop1.jpg,1,0.641817033290863,coyote,0.999977707862854,0.20000049164933603
595c6781-23d2-11e8-a6a3-ec086b02610b.jpg,data/cropped/bobcat/595c6781-23d2-11e8-a6a3-ec086b02610b_crop0.jpg,0,0.7588489651679993,bobcat,0.9993811845779419,0.2
595c67c3-23d2-11e8-a6a3-ec086b02610b.jpg,data/cropped/coyote/595c67c3-23d2-11e8-a6a3-ec086b02610b_crop0.jpg,0,0.784615159034729,coyote,0.9272110462188721,0.2000837237759423
595c6809-23d2-11e8-a6a3-ec086b02610b.jpg,data/cropped/raccoon/595c6809-23d2-11e8-a6a3-ec086b02610b_crop0.jpg,0,0.9231017827987671,raccoon,0.9923041462898254,0.2000084388185654
595c68e4-23d2-11e8-a6a3-ec086b02610b.jpg,data/cropped/coyote/595c68e4-23d2-11e8-a6a3-ec086b02610b_crop0.jpg,0,0.9589812755584717,coyote,0.9999959468841553,0.200093370681606
595c6956-23d2-11e8-a6a3-ec086b02610b.jpg,data/cropped/bobcat/595c6956-23d2-11e8-a6a3-ec086b02610b_crop0.jpg,0,0.9307861924171448,bobcat,0.8952190279960632,0.2
595c698b-23d2-11e8-a6a3-ec086b02610b.jpg,data/cropped/bobcat/595c698b-23d2-11e8-a6a3-ec086b02610b_crop0.jpg,0,0.9554107785224915,bobcat,0.9992280006408691,0.20000184313677305
595c69aa-23d2-11e8-a6a3-ec086b02610b.jpg,data/cropped/coyote/595c69aa-23d2-11e8-a6a3-ec086b02610b_crop0.jpg,0,0.9635508060455322,coyote,0.9993840456008911,0.2
595c69ac-23d2-11e8-a6a3-ec086b02610b.jpg,data/cropped/mountain_lion/595c69ac-23d2-11e8-a6a3-ec086b02610b_crop0.jpg,0,0.9643386006355286,mountain_lion,0.9999905824661255,0.2
595c6a6d-23d2-11e8-a6a3-ec086b02610b.jpg,data/cropped/coyote/595c6a6d-23d2-11e8-a6a3-ec086b02610b_crop0.jpg,0,0.9014883637428284,coyote,0.9907798767089844,0.20000284802916382
595c6a88-23d2-11e8-a6a3-ec086b02610b.jpg,data/cropped/coyote/595c6a88-23d2-11e8-a6a3-ec086b02610b_crop0.jpg,0,0.9572634696960449,coyote,0.999976634979248,1.0
595c6a9a-23d2-11e8-a6a3-ec086b02610b.jpg,data/cropped/coyote/595c6a9a-23d2-11e8-a6a3-ec086b02610b_crop0.jpg,0,0.6440473794937134,coyote,0.9898972511291504,0.20000870170553428
595c6a9a-23d2-11e8-a6a3-ec086b02610b.jpg,data/cropped/coyote/595c6a9a-23d2-11e8-a6a3-ec086b02610b_crop1.jpg,1,0.40451332926750183,coyote,0.50269615650177,0.20001352813852813
595dedbe-23d2-11e8-a6a3-ec086b02610b.jpg,data/cropped/coyote/595dedbe-23d2-11e8-a6a3-ec086b02610b_crop0.jpg,0,0.9140153527259827,coyote,0.9991403818130493,0.20000128490112687
595dee2a-23d2-11e8-a6a3-ec086b02610b.jpg,data/cropped/deer/595dee2a-23d2-11e8-a6a3-ec086b02610b_crop0.jpg,0,0.9520166516304016,deer,0.9997614026069641,0.20000129877298423
595dee54-23d2-11e8-a6a3-ec086b02610b.jpg,data/cropped/coyote/595dee54-23d2-11e8-a6a3-ec086b02610b_crop0.jpg,0,0.24206702411174774,coyote,0.8651285171508789,0.20001345985597954
595deea8-23d2-11e8-a6a3-ec086b02610b.jpg,data/cropped/mountain_lion/595deea8-23d2-11e8-a6a3-ec086b02610b_crop0.jpg,0,0.9719013571739197,mountain_lion,0.9999953508377075,0.20000115454109876
595dee54-23d2-11e8-a6a3-ec086b02610b.jpg,data/cropped/coyote/595dee54-23d2-11e8-a6a3-ec086b02610b_crop1.jpg,1,0.23339301347732544,coyote,0.9990780353546143,0.20003086896125946
595def2b-23d2-11e8-a6a3-ec086b02610b.jpg,data/cropped/coyote/595def2b-23d2-11e8-a6a3-ec086b02610b_crop0.jpg,0,0.9549135565757751,coyote,0.9996767044067383,0.20000207145125876
595def7f-23d2-11e8-a6a3-ec086b02610b.jpg,data/cropped/coyote/595def7f-23d2-11e8-a6a3-ec086b02610b_crop0.jpg,0,0.9193366765975952,coyote,0.9999631643295288,0.2000009302152518
595def9b-23d2-11e8-a6a3-ec086b02610b.jpg,data/cropped/bobcat/595def9b-23d2-11e8-a6a3-ec086b02610b_crop0.jpg,0,0.9464514255523682,bobcat,0.9993226528167725,0.2
595df06c-23d2-11e8-a6a3-ec086b02610b.jpg,data/cropped/deer/595df06c-23d2-11e8-a6a3-ec086b02610b_crop0.jpg,0,0.9484935402870178,deer,0.9997360110282898,0.2000011177774114
595f7963-23d2-11e8-a6a3-ec086b02610b.jpg,data/cropped/coyote/595f7963-23d2-11e8-a6a3-ec086b02610b_crop0.jpg,0,0.942143976688385,coyote,0.9999958276748657,0.2
595f7a41-23d2-11e8-a6a3-ec086b02610b.jpg,data/cropped/mountain_lion/595f7a41-23d2-11e8-a6a3-ec086b02610b_crop0.jpg,0,0.8647177815437317,deer,0.510335385799408,0.20006342318284237
595f7a41-23d2-11e8-a6a3-ec086b02610b.jpg,data/cropped/mountain_lion/595f7a41-23d2-11e8-a6a3-ec086b02610b_crop1.jpg,1,0.3206857740879059,bobcat,0.5629779696464539,0.2
595f7a57-23d2-11e8-a6a3-ec086b02610b.jpg,data/cropped/deer/595f7a57-23d2-11e8-a6a3-ec086b02610b_crop0.jpg,0,0.2438250035047531,deer,0.9991835951805115,0.20003994693840635
595f7ac7-23d2-11e8-a6a3-ec086b02610b.jpg,data/cropped/deer/595f7ac7-23d2-11e8-a6a3-ec086b02610b_crop0.jpg,0,0.711228609085083,deer,0.9870123267173767,0.20000061249364537
595f7ac7-23d2-11e8-a6a3-ec086b02610b.jpg,data/cropped/deer/595f7ac7-23d2-11e8-a6a3-ec086b02610b_crop1.jpg,1,0.20142093300819397,deer,0.9521809816360474,0.2000006851098231
595f7b89-23d2-11e8-a6a3-ec086b02610b.jpg,data/cropped/coyote/595f7b89-23d2-11e8-a6a3-ec086b02610b_crop0.jpg,0,0.8401113748550415,coyote,0.9996938705444336,0.2
595f7b89-23d2-11e8-a6a3-ec086b02610b.jpg,data/cropped/coyote/595f7b89-23d2-11e8-a6a3-ec086b02610b_crop1.jpg,1,0.3069736361503601,raccoon,0.4628385007381439,0.2
595f7b99-23d2-11e8-a6a3-ec086b02610b.jpg,data/cropped/coyote/595f7b99-23d2-11e8-a6a3-ec086b02610b_crop0.jpg,0,0.9398154020309448,coyote,0.9999979734420776,0.2
595f7bad-23d2-11e8-a6a3-ec086b02610b.jpg,data/cropped/deer/595f7bad-23d2-11e8-a6a3-ec086b02610b_crop0.jpg,0,0.9049146771430969,deer,0.9998639822006226,0.2
595f7bef-23d2-11e8-a6a3-ec086b02610b.jpg,data/cropped/coyote/595f7bef-23d2-11e8-a6a3-ec086b02610b_crop0.jpg,0,0.9384787082672119,coyote,0.9999128580093384,1.0
596106c8-23d2-11e8-a6a3-ec086b02610b.jpg,data/cropped/raccoon/596106c8-23d2-11e8-a6a3-ec086b02610b_crop0.jpg,0,0.9202850461006165,raccoon,0.9443715810775757,0.20000111318906402
595f7bef-23d2-11e8-a6a3-ec086b02610b.jpg,data/cropped/coyote/595f7bef-23d2-11e8-a6a3-ec086b02610b_crop1.jpg,1,0.526013195514679,coyote,0.9976876974105835,0.2
5961074b-23d2-11e8-a6a3-ec086b02610b.jpg,data/cropped/coyote/5961074b-23d2-11e8-a6a3-ec086b02610b_crop0.jpg,0,0.9657962918281555,coyote,0.9999961853027344,0.2000136850611266
5961074b-23d2-11e8-a6a3-ec086b02610b.jpg,data/cropped/coyote/5961074b-23d2-11e8-a6a3-ec086b02610b_crop1.jpg,1,0.295805424451828,coyote,0.7971970438957214,0.20001790136348718
59610755-23d2-11e8-a6a3-ec086b02610b.jpg,data/cropped/deer/59610755-23d2-11e8-a6a3-ec086b02610b_crop0.jpg,0,0.9376771450042725,deer,0.9982775449752808,0.2000005130257231
59610755-23d2-11e8-a6a3-ec086b02610b.jpg,data/cropped/deer/59610755-23d2-11e8-a6a3-ec086b02610b_crop1.jpg,1,0.6089915037155151,coyote,0.9438242316246033,0.20000554364698056
596107f4-23d2-11e8-a6a3-ec086b02610b.jpg,data/cropped/bobcat/596107f4-23d2-11e8-a6a3-ec086b02610b_crop0.jpg,0,0.7587325572967529,bobcat,0.9460709691047668,0.20023518171462168
596107f4-23d2-11e8-a6a3-ec086b02610b.jpg,data/cropped/bobcat/596107f4-23d2-11e8-a6a3-ec086b02610b_crop1.jpg,1,0.4257434904575348,bobcat,0.9018837809562683,0.20003524073829346
596107f4-23d2-11e8-a6a3-ec086b02610b.jpg,data/cropped/bobcat/596107f4-23d2-11e8-a6a3-ec086b02610b_crop2.jpg,2,0.411495566368103,bobcat,0.8844084739685059,0.2
596107f4-23d2-11e8-a6a3-ec086b02610b.jpg,data/cropped/bobcat/596107f4-23d2-11e8-a6a3-ec086b02610b_crop3.jpg,3,0.20945246517658234,bobcat,0.9488587975502014,0.20002216312056736
596107fc-23d2-11e8-a6a3-ec086b02610b.jpg,data/cropped/coyote/596107fc-23d2-11e8-a6a3-ec086b02610b_crop0.jpg,0,0.9466317892074585,coyote,0.9999655485153198,0.2
59610877-23d2-11e8-a6a3-ec086b02610b.jpg,data/cropped/deer/59610877-23d2-11e8-a6a3-ec086b02610b_crop0.jpg,0,0.9402788877487183,deer,0.9998989105224609,0.2
596108ea-23d2-11e8-a6a3-ec086b02610b.jpg,data/cropped/coyote/596108ea-23d2-11e8-a6a3-ec086b02610b_crop0.jpg,0,0.8321471214294434,coyote,0.9993283748626709,0.2
5961096f-23d2-11e8-a6a3-ec086b02610b.jpg,data/cropped/deer/5961096f-23d2-11e8-a6a3-ec086b02610b_crop0.jpg,0,0.9571347236633301,deer,0.9999476671218872,0.2
59610974-23d2-11e8-a6a3-ec086b02610b.jpg,data/cropped/deer/59610974-23d2-11e8-a6a3-ec086b02610b_crop0.jpg,0,0.9683684706687927,deer,0.9999781847000122,0.2
596291e7-23d2-11e8-a6a3-ec086b02610b.jpg,data/cropped/coyote/596291e7-23d2-11e8-a6a3-ec086b02610b_crop0.jpg,0,0.9196297526359558,coyote,0.9986138343811035,0.2037254977620003
59629192-23d2-11e8-a6a3-ec086b02610b.jpg,data/cropped/coyote/59629192-23d2-11e8-a6a3-ec086b02610b_crop0.jpg,0,0.9310274720191956,coyote,0.999798595905304,0.2000023281802943
5962926e-23d2-11e8-a6a3-ec086b02610b.jpg,data/cropped/coyote/5962926e-23d2-11e8-a6a3-ec086b02610b_crop0.jpg,0,0.9553967714309692,coyote,0.9999542236328125,0.2000155220818486
596292dd-23d2-11e8-a6a3-ec086b02610b.jpg,data/cropped/deer/596292dd-23d2-11e8-a6a3-ec086b02610b_crop0.jpg,0,0.9604973196983337,deer,0.9999452829360962,0.20000356735159816
59629363-23d2-11e8-a6a3-ec086b02610b.jpg,data/cropped/deer/59629363-23d2-11e8-a6a3-ec086b02610b_crop1.jpg,1,0.32788389921188354,deer,0.9999171495437622,0.2000010664960273
59629363-23d2-11e8-a6a3-ec086b02610b.jpg,data/cropped/deer/59629363-23d2-11e8-a6a3-ec086b02610b_crop0.jpg,0,0.49843505024909973,deer,0.9998608827590942,0.20000021393486112
59629468-23d2-11e8-a6a3-ec086b02610b.jpg,data/cropped/deer/59629468-23d2-11e8-a6a3-ec086b02610b_crop0.jpg,0,0.9343955516815186,deer,0.9991418123245239,0.2
596294c4-23d2-11e8-a6a3-ec086b02610b.jpg,data/cropped/coyote/596294c4-23d2-11e8-a6a3-ec086b02610b_crop0.jpg,0,0.9680032730102539,coyote,0.999990701675415,0.2
5962953b-23d2-11e8-a6a3-ec086b02610b.jpg,data/cropped/deer/5962953b-23d2-11e8-a6a3-ec086b02610b_crop0.jpg,0,0.287269651889801,deer,0.99982088804245,0.20000024335074507
5962950f-23d2-11e8-a6a3-ec086b02610b.jpg,data/cropped/deer/5962950f-23d2-11e8-a6a3-ec086b02610b_crop0.jpg,0,0.9350082874298096,deer,0.9993625283241272,0.2000024881347076
59641cb8-23d2-11e8-a6a3-ec086b02610b.jpg,data/cropped/mountain_lion/59641cb8-23d2-11e8-a6a3-ec086b02610b_crop0.jpg,0,0.6559666395187378,coyote,0.5472465753555298,0.20000459516588548
59641cb8-23d2-11e8-a6a3-ec086b02610b.jpg,data/cropped/mountain_lion/59641cb8-23d2-11e8-a6a3-ec086b02610b_crop1.jpg,1,0.20443622767925262,coyote,0.5856797695159912,0.2000299895036737
59641cf0-23d2-11e8-a6a3-ec086b02610b.jpg,data/cropped/bobcat/59641cf0-23d2-11e8-a6a3-ec086b02610b_crop0.jpg,0,0.9150123596191406,bobcat,0.9982782602310181,1.0
59641cf0-23d2-11e8-a6a3-ec086b02610b.jpg,data/cropped/bobcat/59641cf0-23d2-11e8-a6a3-ec086b02610b_crop1.jpg,1,0.24546818435192108,bobcat,0.9817537665367126,1.0
59641d34-23d2-11e8-a6a3-ec086b02610b.jpg,data/cropped/raccoon/59641d34-23d2-11e8-a6a3-ec086b02610b_crop0.jpg,0,0.965060830116272,raccoon,0.9987510442733765,0.20006061106978537
59641d34-23d2-11e8-a6a3-ec086b02610b.jpg,data/cropped/raccoon/59641d34-23d2-11e8-a6a3-ec086b02610b_crop1.jpg,1,0.9276899695396423,raccoon,0.9782352447509766,0.20000318079647145
59641d42-23d2-11e8-a6a3-ec086b02610b.jpg,data/cropped/raccoon/59641d42-23d2-11e8-a6a3-ec086b02610b_crop0.jpg,0,0.8180198669433594,raccoon,0.9987717270851135,0.2001073079517995
59641d5a-23d2-11e8-a6a3-ec086b02610b.jpg,data/cropped/coyote/59641d5a-23d2-11e8-a6a3-ec086b02610b_crop0.jpg,0,0.42842209339141846,bobcat,0.9885609745979309,0.2000122167246961
59641d5d-23d2-11e8-a6a3-ec086b02610b.jpg,data/cropped/deer/59641d5d-23d2-11e8-a6a3-ec086b02610b_crop0.jpg,0,0.9585383534431458,deer,0.999772846698761,0.2
59641d8c-23d2-11e8-a6a3-ec086b02610b.jpg,data/cropped/deer/59641d8c-23d2-11e8-a6a3-ec086b02610b_crop0.jpg,0,0.9534975290298462,deer,0.9990999698638916,0.2000004958423618
59641da8-23d2-11e8-a6a3-ec086b02610b.jpg,data/cropped/raccoon/59641da8-23d2-11e8-a6a3-ec086b02610b_crop0.jpg,0,0.7241957187652588,raccoon,0.8096415400505066,0.2
59641da8-23d2-11e8-a6a3-ec086b02610b.jpg,data/cropped/raccoon/59641da8-23d2-11e8-a6a3-ec086b02610b_crop1.jpg,1,0.643234133720398,raccoon,0.9950481057167053,1.0
59641de4-23d2-11e8-a6a3-ec086b02610b.jpg,data/cropped/opossum/59641de4-23d2-11e8-a6a3-ec086b02610b_crop0.jpg,0,0.6591419577598572,raccoon,0.40525561571121216,0.20001762269803508
59641de4-23d2-11e8-a6a3-ec086b02610b.jpg,data/cropped/opossum/59641de4-23d2-11e8-a6a3-ec086b02610b_crop1.jpg,1,0.35174715518951416,raccoon,0.9263023734092712,0.20005501684890997
59641de4-23d2-11e8-a6a3-ec086b02610b.jpg,data/cropped/opossum/59641de4-23d2-11e8-a6a3-ec086b02610b_crop2.jpg,2,0.31825771927833557,raccoon,0.613996684551239,0.2
59641e20-23d2-11e8-a6a3-ec086b02610b.jpg,data/cropped/bobcat/59641e20-23d2-11e8-a6a3-ec086b02610b_crop0.jpg,0,0.8258031010627747,bobcat,0.6064305901527405,1.0
59641e7b-23d2-11e8-a6a3-ec086b02610b.jpg,data/cropped/deer/59641e7b-23d2-11e8-a6a3-ec086b02610b_crop0.jpg,0,0.9073613286018372,deer,0.9994353652000427,0.20000084735350318
59641e7b-23d2-11e8-a6a3-ec086b02610b.jpg,data/cropped/deer/59641e7b-23d2-11e8-a6a3-ec086b02610b_crop1.jpg,1,0.7959782481193542,deer,0.9939484596252441,0.2
59641ea6-23d2-11e8-a6a3-ec086b02610b.jpg,data/cropped/opossum/59641ea6-23d2-11e8-a6a3-ec086b02610b_crop0.jpg,0,0.6729671359062195,opossum,0.7234307527542114,0.2
59641ea6-23d2-11e8-a6a3-ec086b02610b.jpg,data/cropped/opossum/59641ea6-23d2-11e8-a6a3-ec086b02610b_crop1.jpg,1,0.5929192304611206,opossum,0.9814196825027466,0.2
59641ea6-23d2-11e8-a6a3-ec086b02610b.jpg,data/cropped/opossum/59641ea6-23d2-11e8-a6a3-ec086b02610b_crop2.jpg,2,0.20886923372745514,opossum,0.9716283679008484,1.0
59641eee-23d2-11e8-a6a3-ec086b02610b.jpg,data/cropped/deer/59641eee-23d2-11e8-a6a3-ec086b02610b_crop0.jpg,0,0.8891681432723999,deer,0.9994476437568665,0.2
59641ef3-23d2-11e8-a6a3-ec086b02610b.jpg,data/cropped/opossum/59641ef3-23d2-11e8-a6a3-ec086b02610b_crop0.jpg,0,0.8000993728637695,opossum,0.9970169067382812,0.20000522138680032
59641f09-23d2-11e8-a6a3-ec086b02610b.jpg,data/cropped/coyote/59641f09-23d2-11e8-a6a3-ec086b02610b_crop0.jpg,0,0.9571153521537781,coyote,0.9999934434890747,0.2000016474826465
59641f3d-23d2-11e8-a6a3-ec086b02610b.jpg,data/cropped/bobcat/59641f3d-23d2-11e8-a6a3-ec086b02610b_crop0.jpg,0,0.8341313004493713,bobcat,0.9991500377655029,0.2000248015873016
59641f57-23d2-11e8-a6a3-ec086b02610b.jpg,data/cropped/bobcat/59641f57-23d2-11e8-a6a3-ec086b02610b_crop0.jpg,0,0.7727147340774536,bobcat,0.9986279010772705,0.20005869692819409
59641f57-23d2-11e8-a6a3-ec086b02610b.jpg,data/cropped/bobcat/59641f57-23d2-11e8-a6a3-ec086b02610b_crop1.jpg,1,0.29213759303092957,bobcat,0.9692255258560181,0.2
59641f60-23d2-11e8-a6a3-ec086b02610b.jpg,data/cropped/coyote/59641f60-23d2-11e8-a6a3-ec086b02610b_crop0.jpg,0,0.26115214824676514,opossum,0.9910851120948792,0.20001289989680082
59641f6b-23d2-11e8-a6a3-ec086b02610b.jpg,data/cropped/bobcat/59641f6b-23d2-11e8-a6a3-ec086b02610b_crop0.jpg,0,0.9055954217910767,bobcat,0.9976698756217957,0.2
59641f6b-23d2-11e8-a6a3-ec086b02610b.jpg,data/cropped/bobcat/59641f6b-23d2-11e8-a6a3-ec086b02610b_crop1.jpg,1,0.8878893256187439,bobcat,0.99944669008255,0.2000090696777997
59641f8a-23d2-11e8-a6a3-ec086b02610b.jpg,data/cropped/deer/59641f8a-23d2-11e8-a6a3-ec086b02610b_crop0.jpg,0,0.9536590576171875,deer,0.9999537467956543,1.0
59641fec-23d2-11e8-a6a3-ec086b02610b.jpg,data/cropped/deer/59641fec-23d2-11e8-a6a3-ec086b02610b_crop0.jpg,0,0.49295997619628906,deer,0.9385049939155579,0.20003478365030222
59641fec-23d2-11e8-a6a3-ec086b02610b.jpg,data/cropped/deer/59641fec-23d2-11e8-a6a3-ec086b02610b_crop1.jpg,1,0.23892636597156525,deer,0.905559241771698,0.20001613060041187
5965a89b-23d2-11e8-a6a3-ec086b02610b.jpg,data/cropped/bobcat/5965a89b-23d2-11e8-a6a3-ec086b02610b_crop0.jpg,0,0.9147379398345947,bobcat,0.9991940855979919,0.20007716049382715
5965a89b-23d2-11e8-a6a3-ec086b02610b.jpg,data/cropped/bobcat/5965a89b-23d2-11e8-a6a3-ec086b02610b_crop1.jpg,1,0.22973021864891052,bobcat,0.6188719272613525,0.20004747492730401
5965a89c-23d2-11e8-a6a3-ec086b02610b.jpg,data/cropped/deer/5965a89c-23d2-11e8-a6a3-ec086b02610b_crop0.jpg,0,0.9387248754501343,deer,0.9806804060935974,0.20002034519005799
5965a89c-23d2-11e8-a6a3-ec086b02610b.jpg,data/cropped/deer/5965a89c-23d2-11e8-a6a3-ec086b02610b_crop1.jpg,1,0.20520459115505219,deer,0.9915380477905273,0.20000276304155615
5965a931-23d2-11e8-a6a3-ec086b02610b.jpg,data/cropped/opossum/5965a931-23d2-11e8-a6a3-ec086b02610b_crop0.jpg,0,0.5246558785438538,opossum,0.9953789710998535,0.20000830944368275
5965a938-23d2-11e8-a6a3-ec086b02610b.jpg,data/cropped/opossum/5965a938-23d2-11e8-a6a3-ec086b02610b_crop0.jpg,0,0.7318702936172485,opossum,0.9999712705612183,0.2
5965a938-23d2-11e8-a6a3-ec086b02610b.jpg,data/cropped/opossum/5965a938-23d2-11e8-a6a3-ec086b02610b_crop1.jpg,1,0.6770894527435303,raccoon,0.48076462745666504,0.2
5965a938-23d2-11e8-a6a3-ec086b02610b.jpg,data/cropped/opossum/5965a938-23d2-11e8-a6a3-ec086b02610b_crop2.jpg,2,0.3012514114379883,opossum,0.9997569918632507,0.2000066260270342
5965a93e-23d2-11e8-a6a3-ec086b02610b.jpg,data/cropped/bobcat/5965a93e-23d2-11e8-a6a3-ec086b02610b_crop0.jpg,0,0.3000340759754181,bobcat,0.998807430267334,1.0
5965a93e-23d2-11e8-a6a3-ec086b02610b.jpg,data/cropped/bobcat/5965a93e-23d2-11e8-a6a3-ec086b02610b_crop1.jpg,1,0.28185582160949707,bobcat,0.9994524121284485,0.20001861504095308
5965a966-23d2-11e8-a6a3-ec086b02610b.jpg,data/cropped/opossum/5965a966-23d2-11e8-a6a3-ec086b02610b_crop0.jpg,0,0.8873829245567322,opossum,0.9999967813491821,0.2
5965a943-23d2-11e8-a6a3-ec086b02610b.jpg,data/cropped/coyote/5965a943-23d2-11e8-a6a3-ec086b02610b_crop0.jpg,0,0.9500865936279297,coyote,0.9999743700027466,0.20000116114349412
5965a966-23d2-11e8-a6a3-ec086b02610b.jpg,data/cropped/opossum/5965a966-23d2-11e8-a6a3-ec086b02610b_crop1.jpg,1,0.29838255047798157,opossum,0.9977747797966003,0.200021214907008
5965a9a1-23d2-11e8-a6a3-ec086b02610b.jpg,data/cropped/deer/5965a9a1-23d2-11e8-a6a3-ec086b02610b_crop0.jpg,0,0.9724540114402771,deer,0.9994463324546814,0.20000072832151025
5965a9c6-23d2-11e8-a6a3-ec086b02610b.jpg,data/cropped/coyote/5965a9c6-23d2-11e8-a6a3-ec086b02610b_crop0.jpg,0,0.9397695660591125,coyote,0.9999548196792603,1.0
5965a9ee-23d2-11e8-a6a3-ec086b02610b.jpg,data/cropped/raccoon/5965a9ee-23d2-11e8-a6a3-ec086b02610b_crop0.jpg,0,0.26556071639060974,opossum,0.700271725654602,0.2
5965aa2f-23d2-11e8-a6a3-ec086b02610b.jpg,data/cropped/bobcat/5965aa2f-23d2-11e8-a6a3-ec086b02610b_crop0.jpg,0,0.9369575381278992,bobcat,0.9997944235801697,0.20000409020260138
5965aa36-23d2-11e8-a6a3-ec086b02610b.jpg,data/cropped/opossum/5965aa36-23d2-11e8-a6a3-ec086b02610b_crop1.jpg,1,0.3952333331108093,raccoon,0.7716143727302551,0.20021037868162692
5965aa36-23d2-11e8-a6a3-ec086b02610b.jpg,data/cropped/opossum/5965aa36-23d2-11e8-a6a3-ec086b02610b_crop0.jpg,0,0.6836138367652893,opossum,0.6166462898254395,0.2
5965aa57-23d2-11e8-a6a3-ec086b02610b.jpg,data/cropped/opossum/5965aa57-23d2-11e8-a6a3-ec086b02610b_crop0.jpg,0,0.7613822221755981,opossum,0.999640703201294,0.2
5965aa57-23d2-11e8-a6a3-ec086b02610b.jpg,data/cropped/opossum/5965aa57-23d2-11e8-a6a3-ec086b02610b_crop1.jpg,1,0.2919411063194275,opossum,0.9989474415779114,0.2
5965aa61-23d2-11e8-a6a3-ec086b02610b.jpg,data/cropped/opossum/5965aa61-23d2-11e8-a6a3-ec086b02610b_crop0.jpg,0,0.6871448159217834,opossum,0.7770887017250061,0.2
5965aaf4-23d2-11e8-a6a3-ec086b02610b.jpg,data/cropped/opossum/5965aaf4-23d2-11e8-a6a3-ec086b02610b_crop0.jpg,0,0.3347117602825165,bobcat,0.45225024223327637,0.2
5965ab17-23d2-11e8-a6a3-ec086b02610b.jpg,data/cropped/coyote/5965ab17-23d2-11e8-a6a3-ec086b02610b_crop0.jpg,0,0.9540056586265564,coyote,0.9999617338180542,0.2
5965ab27-23d2-11e8-a6a3-ec086b02610b.jpg,data/cropped/bobcat/5965ab27-23d2-11e8-a6a3-ec086b02610b_crop0.jpg,0,0.6338598728179932,bobcat,0.9983721375465393,0.20003601564107842
5965ab27-23d2-11e8-a6a3-ec086b02610b.jpg,data/cropped/bobcat/5965ab27-23d2-11e8-a6a3-ec086b02610b_crop1.jpg,1,0.21602797508239746,bobcat,0.9974952936172485,0.20000066395771918
5965ab5a-23d2-11e8-a6a3-ec086b02610b.jpg,data/cropped/opossum/5965ab5a-23d2-11e8-a6a3-ec086b02610b_crop0.jpg,0,0.598412036895752,opossum,0.988372266292572,0.20002710761724043
5965ab5a-23d2-11e8-a6a3-ec086b02610b.jpg,data/cropped/opossum/5965ab5a-23d2-11e8-a6a3-ec086b02610b_crop1.jpg,1,0.2717163860797882,opossum,0.7461589574813843,0.2
5965ab5a-23d2-11e8-a6a3-ec086b02610b.jpg,data/cropped/opossum/5965ab5a-23d2-11e8-a6a3-ec086b02610b_crop2.jpg,2,0.20776581764221191,opossum,0.941602349281311,0.20000843383655226
5965ab7f-23d2-11e8-a6a3-ec086b02610b.jpg,data/cropped/coyote/5965ab7f-23d2-11e8-a6a3-ec086b02610b_crop0.jpg,0,0.9400053024291992,coyote,0.9995878338813782,0.20000255202950146
5965aba5-23d2-11e8-a6a3-ec086b02610b.jpg,data/cropped/raccoon/5965aba5-23d2-11e8-a6a3-ec086b02610b_crop0.jpg,0,0.908573567867279,coyote,0.6965461373329163,0.2000015915457092
5965aba5-23d2-11e8-a6a3-ec086b02610b.jpg,data/cropped/raccoon/5965aba5-23d2-11e8-a6a3-ec086b02610b_crop1.jpg,1,0.9007161259651184,raccoon,0.9206491708755493,0.20000304758808798
5965abf1-23d2-11e8-a6a3-ec086b02610b.jpg,data/cropped/opossum/5965abf1-23d2-11e8-a6a3-ec086b02610b_crop0.jpg,0,0.8682227730751038,opossum,0.9999936819076538,0.20001360868233933
5965abab-23d2-11e8-a6a3-ec086b02610b.jpg,data/cropped/coyote/5965abab-23d2-11e8-a6a3-ec086b02610b_crop0.jpg,0,0.8702211380004883,coyote,0.9617816805839539,0.20000166190254604
5965ac0a-23d2-11e8-a6a3-ec086b02610b.jpg,data/cropped/coyote/5965ac0a-23d2-11e8-a6a3-ec086b02610b_crop0.jpg,0,0.9226223826408386,coyote,0.9998286962509155,0.2000041789423097
5965ac48-23d2-11e8-a6a3-ec086b02610b.jpg,data/cropped/opossum/5965ac48-23d2-11e8-a6a3-ec086b02610b_crop0.jpg,0,0.7086769938468933,opossum,0.9988967180252075,0.20001335024364195
5965ac48-23d2-11e8-a6a3-ec086b02610b.jpg,data/cropped/opossum/5965ac48-23d2-11e8-a6a3-ec086b02610b_crop1.jpg,1,0.25351253151893616,opossum,0.9778904318809509,0.2000022335388189
59673451-23d2-11e8-a6a3-ec086b02610b.jpg,data/cropped/bobcat/59673451-23d2-11e8-a6a3-ec086b02610b_crop0.jpg,0,0.6489862203598022,bobcat,0.8182912468910217,0.2
59673451-23d2-11e8-a6a3-ec086b02610b.jpg,data/cropped/bobcat/59673451-23d2-11e8-a6a3-ec086b02610b_crop1.jpg,1,0.6014864444732666,bobcat,0.9999595880508423,0.20000078460910775
59673463-23d2-11e8-a6a3-ec086b02610b.jpg,data/cropped/raccoon/59673463-23d2-11e8-a6a3-ec086b02610b_crop0.jpg,0,0.9175763726234436,raccoon,0.9891228079795837,0.2
5967346e-23d2-11e8-a6a3-ec086b02610b.jpg,data/cropped/coyote/5967346e-23d2-11e8-a6a3-ec086b02610b_crop0.jpg,0,0.9679383635520935,coyote,0.9999815225601196,0.2
59673475-23d2-11e8-a6a3-ec086b02610b.jpg,data/cropped/opossum/59673475-23d2-11e8-a6a3-ec086b02610b_crop0.jpg,0,0.8765016198158264,opossum,0.9961052536964417,0.20001096551346018
59673475-23d2-11e8-a6a3-ec086b02610b.jpg,data/cropped/opossum/59673475-23d2-11e8-a6a3-ec086b02610b_crop1.jpg,1,0.43465739488601685,opossum,0.9082803130149841,0.20023148148148148
59673495-23d2-11e8-a6a3-ec086b02610b.jpg,data/cropped/deer/59673495-23d2-11e8-a6a3-ec086b02610b_crop0.jpg,0,0.8906000256538391,deer,0.9994725584983826,0.20000042135955876
59673495-23d2-11e8-a6a3-ec086b02610b.jpg,data/cropped/deer/59673495-23d2-11e8-a6a3-ec086b02610b_crop1.jpg,1,0.3156298100948334,deer,0.9997134804725647,0.20000067063683674
596734a2-23d2-11e8-a6a3-ec086b02610b.jpg,data/cropped/opossum/596734a2-23d2-11e8-a6a3-ec086b02610b_crop0.jpg,0,0.8396115899085999,opossum,0.994297206401825,1.0
596734a2-23d2-11e8-a6a3-ec086b02610b.jpg,data/cropped/opossum/596734a2-23d2-11e8-a6a3-ec086b02610b_crop1.jpg,1,0.20040084421634674,opossum,0.9936471581459045,0.20000352460172
596734b0-23d2-11e8-a6a3-ec086b02610b.jpg,data/cropped/raccoon/596734b0-23d2-11e8-a6a3-ec086b02610b_crop0.jpg,0,0.7427015900611877,raccoon,0.8297324180603027,0.2
596734b9-23d2-11e8-a6a3-ec086b02610b.jpg,data/cropped/deer/596734b9-23d2-11e8-a6a3-ec086b02610b_crop0.jpg,0,0.32220882177352905,deer,0.8384445905685425,0.2
596734f9-23d2-11e8-a6a3-ec086b02610b.jpg,data/cropped/coyote/596734f9-23d2-11e8-a6a3-ec086b02610b_crop0.jpg,0,0.904127299785614,coyote,0.9998154044151306,0.2
596734fd-23d2-11e8-a6a3-ec086b02610b.jpg,data/cropped/opossum/596734fd-23d2-11e8-a6a3-ec086b02610b_crop0.jpg,0,0.8795783519744873,opossum,0.9990708827972412,0.20000235837932173
59673506-23d2-11e8-a6a3-ec086b02610b.jpg,data/cropped/deer/59673506-23d2-11e8-a6a3-ec086b02610b_crop0.jpg,0,0.7116780877113342,deer,0.7818933129310608,0.2
5967356b-23d2-11e8-a6a3-ec086b02610b.jpg,data/cropped/opossum/5967356b-23d2-11e8-a6a3-ec086b02610b_crop0.jpg,0,0.8448214530944824,opossum,0.9999797344207764,0.2
5967357b-23d2-11e8-a6a3-ec086b02610b.jpg,data/cropped/deer/5967357b-23d2-11e8-a6a3-ec086b02610b_crop0.jpg,0,0.9693433046340942,deer,0.9969165325164795,0.20001080321935938
596735ae-23d2-11e8-a6a3-ec086b02610b.jpg,data/cropped/raccoon/596735ae-23d2-11e8-a6a3-ec086b02610b_crop0.jpg,0,0.737671971321106,raccoon,0.39166703820228577,1.0
59673600-23d2-11e8-a6a3-ec086b02610b.jpg,data/cropped/opossum/59673600-23d2-11e8-a6a3-ec086b02610b_crop0.jpg,0,0.8980836868286133,opossum,0.9999955892562866,0.20000219818869253
5967362d-23d2-11e8-a6a3-ec086b02610b.jpg,data/cropped/coyote/5967362d-23d2-11e8-a6a3-ec086b02610b_crop0.jpg,0,0.29359322786331177,coyote,0.9492102861404419,0.2
5967362d-23d2-11e8-a6a3-ec086b02610b.jpg,data/cropped/coyote/5967362d-23d2-11e8-a6a3-ec086b02610b_crop1.jpg,1,0.21123696863651276,coyote,0.8744621872901917,0.20000021125927428
5967369b-23d2-11e8-a6a3-ec086b02610b.jpg,data/cropped/opossum/5967369b-23d2-11e8-a6a3-ec086b02610b_crop0.jpg,0,0.8056648969650269,opossum,0.9216280579566956,1.0
596736be-23d2-11e8-a6a3-ec086b02610b.jpg,data/cropped/opossum/596736be-23d2-11e8-a6a3-ec086b02610b_crop0.jpg,0,0.7516635060310364,opossum,0.6916341781616211,0.2
596736be-23d2-11e8-a6a3-ec086b02610b.jpg,data/cropped/opossum/596736be-23d2-11e8-a6a3-ec086b02610b_crop1.jpg,1,0.22930143773555756,opossum,0.6920946836471558,0.2000063665881454
59673738-23d2-11e8-a6a3-ec086b02610b.jpg,data/cropped/bobcat/59673738-23d2-11e8-a6a3-ec086b02610b_crop0.jpg,0,0.5165725946426392,bobcat,0.9953430891036987,0.20000979240109676
59673738-23d2-11e8-a6a3-ec086b02610b.jpg,data/cropped/bobcat/59673738-23d2-11e8-a6a3-ec086b02610b_crop1.jpg,1,0.2820139229297638,bobcat,0.9955087900161743,0.2
59673777-23d2-11e8-a6a3-ec086b02610b.jpg,data/cropped/coyote/59673777-23d2-11e8-a6a3-ec086b02610b_crop1.jpg,1,0.2535679042339325,opossum,0.3509175777435303,0.20002431906614787
